DATAFLOW,LAST UPDATE,freq,nrg_bal,siec,unit,geo,TIME_PERIOD,OBS_VALUE,OBS_FLAG,CONF_STATUS
ESTAT:NRG_CB_GASM(1.0),08/09/26 23:00:00,M,DL,G3000,MIO_M3,DE,2014-01,0.000,,
ESTAT:NRG_CB_GASM(1.0),08/09/26 23:00:00,M,DL,G3000,MIO_M3,DE,2014-02,0.000,,
ESTAT:NRG_CB_GASM(1.0),08/09/26 23:00:00,M,DL,G3000,MIO_M3,DE,2014-03,0.000,,
ESTAT:NRG_CB_GASM(1.0),08/09/26 23:00:00,M,DL,G3000,MIO_M3,DE,2014-04,0.000,,
ESTAT:NRG_CB_GASM(1.0),08/09/26 23:00:00,M,DL,G3000,MIO_M3,DE,2014-05,0.000,,
ESTAT:NRG_CB_GASM(1.0),08/09/26 23:00:00,M,DL,G3000,MIO_M3,DE,2014-06,0.000,,
ESTAT:NRG_CB_GASM(1.0),08/09/26 23:00:00,M,DL,G3000,MIO_M3,DE,2014-07,0.000,,
ESTAT:NRG_CB_GASM(1.0),08/09/26 23:00:00,M,DL,G3000,MIO_M3,DE,2014-08,0.000,,
ESTAT:NRG_CB_GASM(1.0),08/09/26 23:00:00,M,DL,G3000,MIO_M3,DE,2014-09,0.000,,
ESTAT:NRG_CB_GASM(1.0),08/09/26 23:00:00,M,DL,G3000,MIO_M3,DE,2014-10,0.000,,
ESTAT:NRG_CB_GASM(1.0),08/09/26 23:00:00,M,DL,G3000,MIO_M3,DE,2014-11,0.000,,
ESTAT:NRG_CB_GASM(1.0),08/09/26 23:00:00,M,DL,G3000,MIO_M3,DE,2014-12,0.000,,
ESTAT:NRG_CB_GASM(1.0),08/09/26 23:00:00,M,DL,G3000,MIO_M3,DE,2015-01,0.000,,
ESTAT:NRG_CB_GASM(1.0),08/09/26 23:00:00,M,DL,G3000,MIO_M3,DE,2015-02,0.000,,
ESTAT:NRG_CB_GASM(1.0),08/09/26 23:00:00,M,DL,G3000,MIO_M3,DE,2015-03,0.000,,
ESTAT:NRG_CB_GASM(1.0),08/09/26 23:00:00,M,DL,G3000,MIO_M3,DE,2015-04,0.000,,
ESTAT:NRG_CB_GASM(1.0),08/09/26 23:00:00,M,DL,G3000,MIO_M3,DE,2015-05,0.000,,
ESTAT:NRG_CB_GASM(1.0),08/09/26 23:00:00,M,DL,G3000,MIO_M3,DE,2015-06,0.000,,
ESTAT:NRG_CB_GASM(1.0),08/09/26 23:00:00,M,DL,G3000,MIO_M3,DE,2015-07,0.000,,
ESTAT:NRG_CB_GASM(1.0),08/09/26 23:00:00,M,DL,G3000,MIO_M3,DE,2015-08,0.000,,
ESTAT:NRG_CB_GASM(1.0),08/09/26 23:00:00,M,DL,G3000,MIO_M3,DE,2015-09,0.000,,
ESTAT:NRG_CB_GASM(1.0),08/09/26 23:00:00,M,DL,G3000,MIO_M3,DE,2015-10,0.000,,
ESTAT:NRG_CB_GASM(1.0),08/09/26 23:00:00,M,DL,G3000,MIO_M3,DE,2015-11,0.000,,
ESTAT:NRG_CB_GASM(1.0),08/09/26 23:00:00,M,DL,G3000,MIO_M3,DE,2015-12,0.000,,
ESTAT:NRG_CB_GASM(1.0),08/09/26 23:00:00,M,DL,G3000,MIO_M3,DE,2016-01,0.000,,
ESTAT:NRG_CB_GASM(1.0),08/09/26 23:00:00,M,DL,G3000,MIO_M3,DE,2016-02,0.000,,
ESTAT:NRG_CB_GASM(1.0),08/09/26 23:00:00,M,DL,G3000,MIO_M3,DE,2016-03,0.000,,
ESTAT:NRG_CB_GASM(1.0),08/09/26 23:00:00,M,DL,G3000,MIO_M3,DE,2016-04,0.000,,
ESTAT:NRG_CB_GASM(1.0),08/09/26 23:00:00,M,DL,G3000,MIO_M3,DE,2016-05,0.000,,
ESTAT:NRG_CB_GASM(1.0),08/09/26 23:00:00,M,DL,G3000,MIO_M3,DE,2016-06,0.000,,
ESTAT:NRG_CB_GASM(1.0),08/09/26 23:00:00,M,DL,G3000,MIO_M3,DE,2016-07,0.000,,
ESTAT:NRG_CB_GASM(1.0),08/09/26 23:00:00,M,DL,G3000,MIO_M3,DE,2016-08,0.000,,
ESTAT:NRG_CB_GASM(1.0),08/09/26 23:00:00,M,DL,G3000,MIO_M3,DE,2016-09,0.000,,
ESTAT:NRG_CB_GASM(1.0),08/09/26 23:00:00,M,DL,G3000,MIO_M3,DE,2016-10,0.000,,
ESTAT:NRG_CB_GASM(1.0),08/09/26 23:00:00,M,DL,G3000,MIO_M3,DE,2016-11,0.000,,
ESTAT:NRG_CB_GASM(1.0),08/09/26 23:00:00,M,DL,G3000,MIO_M3,DE,2016-12,0.000,,
ESTAT:NRG_CB_GASM(1.0),08/09/26 23:00:00,M,DL,G3000,MIO_M3,DE,2017-01,0.000,,
ESTAT:NRG_CB_GASM(1.0),08/09/26 23:00:00,M,DL,G3000,MIO_M3,DE,2017-02,0.000,,
ESTAT:NRG_CB_GASM(1.0),08/09/26 23:00:00,M,DL,G3000,MIO_M3,DE,2017-03,0.000,,
ESTAT:NRG_CB_GASM(1.0),08/09/26 23:00:00,M,DL,G3000,MIO_M3,DE,2017-04,0.000,,
ESTAT:NRG_CB_GASM(1.0),08/09/26 23:00:00,M,DL,G3000,MIO_M3,DE,2017-05,0.000,,
ESTAT:NRG_CB_GASM(1.0),08/09/26 23:00:00,M,DL,G3000,MIO_M3,DE,2017-06,0.000,,
ESTAT:NRG_CB_GASM(1.0),08/09/26 23:00:00,M,DL,G3000,MIO_M3,DE,2017-07,0.000,,
ESTAT:NRG_CB_GASM(1.0),08/09/26 23:00:00,M,DL,G3000,MIO_M3,DE,2017-08,0.000,,
ESTAT:NRG_CB_GASM(1.0),08/09/26 23:00:00,M,DL,G3000,MIO_M3,DE,2017-09,0.000,,
ESTAT:NRG_CB_GASM(1.0),08/09/26 23:00:00,M,DL,G3000,MIO_M3,DE,2017-10,0.000,,
ESTAT:NRG_CB_GASM(1.0),08/09/26 23:00:00,M,DL,G3000,MIO_M3,DE,2017-11,0.000,,
ESTAT:NRG_CB_GASM(1.0),08/09/26 23:00:00,M,DL,G3000,MIO_M3,DE,2017-12,0.000,,
ESTAT:NRG_CB_GASM(1.0),08/09/26 23:00:00,M,DL,G3000,MIO_M3,DE,2018-01,0.000,,
ESTAT:NRG_CB_GASM(1.0),08/09/26 23:00:00,M,DL,G3000,MIO_M3,DE,2018-02,0.000,,
ESTAT:NRG_CB_GASM(1.0),08/09/26 23:00:00,M,DL,G3000,MIO_M3,DE,2018-03,0.000,,
ESTAT:NRG_CB_GASM(1.0),08/09/26 23:00:00,M,DL,G3000,MIO_M3,DE,2018-04,0.000,,
ESTAT:NRG_CB_GASM(1.0),08/09/26 23:00:00,M,DL,G3000,MIO_M3,DE,2018-05,0.000,,
ESTAT:NRG_CB_GASM(1.0),08/09/26 23:00:00,M,DL,G3000,MIO_M3,DE,2018-06,0.000,,
ESTAT:NRG_CB_GASM(1.0),08/09/26 23:00:00,M,DL,G3000,MIO_M3,DE,2018-07,0.000,,
ESTAT:NRG_CB_GASM(1.0),08/09/26 23:00:00,M,DL,G3000,MIO_M3,DE,2018-08,0.000,,
ESTAT:NRG_CB_GASM(1.0),08/09/26 23:00:00,M,DL,G3000,MIO_M3,DE,2018-09,0.000,,
ESTAT:NRG_CB_GASM(1.0),08/09/26 23:00:00,M,DL,G3000,MIO_M3,DE,2018-10,0.000,,
ESTAT:NRG_CB_GASM(1.0),08/09/26 23:00:00,M,DL,G3000,MIO_M3,DE,2018-11,0.000,,
ESTAT:NRG_CB_GASM(1.0),08/09/26 23:00:00,M,DL,G3000,MIO_M3,DE,2018-12,0.000,,
ESTAT:NRG_CB_GASM(1.0),08/09/26 23:00:00,M,DL,G3000,MIO_M3,DE,2019-01,0.000,,
ESTAT:NRG_CB_GASM(1.0),08/09/26 23:00:00,M,DL,G3000,MIO_M3,DE,2019-02,0.000,,
ESTAT:NRG_CB_GASM(1.0),08/09/26 23:00:00,M,DL,G3000,MIO_M3,DE,2019-03,0.000,,
ESTAT:NRG_CB_GASM(1.0),08/09/26 23:00:00,M,DL,G3000,MIO_M3,DE,2019-04,0.000,,
ESTAT:NRG_CB_GASM(1.0),08/09/26 23:00:00,M,DL,G3000,MIO_M3,DE,2019-05,0.000,,
ESTAT:NRG_CB_GASM(1.0),08/09/26 23:00:00,M,DL,G3000,MIO_M3,DE,2019-06,0.000,,
ESTAT:NRG_CB_GASM(1.0),08/09/26 23:00:00,M,DL,G3000,MIO_M3,DE,2019-07,0.000,,
ESTAT:NRG_CB_GASM(1.0),08/09/26 23:00:00,M,DL,G3000,MIO_M3,DE,2019-08,0.000,,
ESTAT:NRG_CB_GASM(1.0),08/09/26 23:00:00,M,DL,G3000,MIO_M3,DE,2019-09,0.000,,
ESTAT:NRG_CB_GASM(1.0),08/09/26 23:00:00,M,DL,G3000,MIO_M3,DE,2019-10,0.000,,
ESTAT:NRG_CB_GASM(1.0),08/09/26 23:00:00,M,DL,G3000,MIO_M3,DE,2019-11,0.000,,
ESTAT:NRG_CB_GASM(1.0),08/09/26 23:00:00,M,DL,G3000,MIO_M3,DE,2019-12,0.000,,
ESTAT:NRG_CB_GASM(1.0),08/09/26 23:00:00,M,DL,G3000,MIO_M3,DE,2021-01,0.000,,
ESTAT:NRG_CB_GASM(1.0),08/09/26 23:00:00,M,DL,G3000,MIO_M3,DE,2021-02,0.000,,
ESTAT:NRG_CB_GASM(1.0),08/09/26 23:00:00,M,DL,G3000,MIO_M3,DE,2021-03,0.000,,
ESTAT:NRG_CB_GASM(1.0),08/09/26 23:00:00,M,DL,G3000,MIO_M3,DE,2021-04,0.000,,
ESTAT:NRG_CB_GASM(1.0),08/09/26 23:00:00,M,DL,G3000,MIO_M3,DE,2021-05,0.000,,
ESTAT:NRG_CB_GASM(1.0),08/09/26 23:00:00,M,DL,G3000,MIO_M3,DE,2021-06,0.000,,
ESTAT:NRG_CB_GASM(1.0),08/09/26 23:00:00,M,DL,G3000,MIO_M3,DE,2021-07,0.000,,
ESTAT:NRG_CB_GASM(1.0),08/09/26 23:00:00,M,DL,G3000,MIO_M3,DE,2021-08,0.000,,
ESTAT:NRG_CB_GASM(1.0),08/09/26 23:00:00,M,DL,G3000,MIO_M3,DE,2021-09,0.000,,
ESTAT:NRG_CB_GASM(1.0),08/09/26 23:00:00,M,DL,G3000,MIO_M3,DE,2021-10,0.000,,
ESTAT:NRG_CB_GASM(1.0),08/09/26 23:00:00,M,DL,G3000,MIO_M3,DE,2021-11,0.000,,
ESTAT:NRG_CB_GASM(1.0),08/09/26 23:00:00,M,DL,G3000,MIO_M3,DE,2021-12,0.000,,
ESTAT:NRG_CB_GASM(1.0),08/09/26 23:00:00,M,DL,G3000,MIO_M3,DE,2022-01,0.000,,
ESTAT:NRG_CB_GASM(1.0),08/09/26 23:00:00,M,DL,G3000,MIO_M3,DE,2022-02,0.000,,
ESTAT:NRG_CB_GASM(1.0),08/09/26 23:00:00,M,DL,G3000,MIO_M3,DE,2022-03,0.000,,
ESTAT:NRG_CB_GASM(1.0),08/09/26 23:00:00,M,DL,G3000,MIO_M3,DE,2022-04,0.000,,
ESTAT:NRG_CB_GASM(1.0),08/09/26 23:00:00,M,DL,G3000,MIO_M3,DE,2022-05,0.000,,
ESTAT:NRG_CB_GASM(1.0),08/09/26 23:00:00,M,DL,G3000,MIO_M3,DE,2022-06,0.000,,
ESTAT:NRG_CB_GASM(1.0),08/09/26 23:00:00,M,DL,G3000,MIO_M3,DE,2022-07,0.000,,
ESTAT:NRG_CB_GASM(1.0),08/09/26 23:00:00,M,DL,G3000,MIO_M3,DE,2022-08,0.000,,
ESTAT:NRG_CB_GASM(1.0),08/09/26 23:00:00,M,DL,G3000,MIO_M3,DE,2022-09,0.000,,
ESTAT:NRG_CB_GASM(1.0),08/09/26 23:00:00,M,DL,G3000,MIO_M3,DE,2022-10,0.000,,
ESTAT:NRG_CB_GASM(1.0),08/09/26 23:00:00,M,DL,G3000,MIO_M3,DE,2022-11,0.000,,
ESTAT:NRG_CB_GASM(1.0),08/09/26 23:00:00,M,DL,G3000,MIO_M3,DE,2022-12,0.000,,
ESTAT:NRG_CB_GASM(1.0),08/09/26 23:00:00,M,DL,G3000,MIO_M3,DE,2023-01,0.000,,
ESTAT:NRG_CB_GASM(1.0),08/09/26 23:00:00,M,DL,G3000,MIO_M3,DE,2023-02,0.000,,
ESTAT:NRG_CB_GASM(1.0),08/09/26 23:00:00,M,DL,G3000,MIO_M3,DE,2023-03,0.000,,
ESTAT:NRG_CB_GASM(1.0),08/09/26 23:00:00,M,DL,G3000,MIO_M3,DE,2023-04,0.000,,
ESTAT:NRG_CB_GASM(1.0),08/09/26 23:00:00,M,DL,G3000,MIO_M3,DE,2023-05,0.000,,
ESTAT:NRG_CB_GASM(1.0),08/09/26 23:00:00,M,DL,G3000,MIO_M3,DE,2023-06,0.000,,
ESTAT:NRG_CB_GASM(1.0),08/09/26 23:00:00,M,DL,G3000,MIO_M3,DE,2023-07,0.000,,
ESTAT:NRG_CB_GASM(1.0),08/09/26 23:00:00,M,DL,G3000,MIO_M3,DE,2023-08,0.000,,
ESTAT:NRG_CB_GASM(1.0),08/09/26 23:00:00,M,DL,G3000,MIO_M3,DE,2023-10,0.000,,
ESTAT:NRG_CB_GASM(1.0),08/09/26 23:00:00,M,DL,G3000,MIO_M3,DE,2023-11,0.000,,
ESTAT:NRG_CB_GASM(1.0),08/09/26 23:00:00,M,DL,G3000,MIO_M3,DE,2023-12,0.000,,
ESTAT:NRG_CB_GASM(1.0),08/09/26 23:00:00,M,DL,G3000,MIO_M3,DE,2024-01,0.000,,
ESTAT:NRG_CB_GASM(1.0),08/09/26 23:00:00,M,DL,G3000,MIO_M3,DE,2024-02,0.000,,
ESTAT:NRG_CB_GASM(1.0),08/09/26 23:00:00,M,DL,G3000,MIO_M3,DE,2024-04,0.000,,
ESTAT:NRG_CB_GASM(1.0),08/09/26 23:00:00,M,DL,G3000,MIO_M3,DE,2024-05,0.000,,
ESTAT:NRG_CB_GASM(1.0),08/09/26 23:00:00,M,DL,G3000,MIO_M3,DE,2024-06,0.000,,
ESTAT:NRG_CB_GASM(1.0),08/09/26 23:00:00,M,DL,G3000,MIO_M3,DE,2024-07,0.000,,
ESTAT:NRG_CB_GASM(1.0),08/09/26 23:00:00,M,DL,G3000,MIO_M3,DE,2024-08,0.000,,
ESTAT:NRG_CB_GASM(1.0),08/09/26 23:00:00,M,DL,G3000,MIO_M3,DE,2024-09,0.000,,
ESTAT:NRG_CB_GASM(1.0),08/09/26 23:00:00,M,DL,G3000,MIO_M3,DE,2024-10,0.000,,
ESTAT:NRG_CB_GASM(1.0),08/09/26 23:00:00,M,DL,G3000,MIO_M3,DE,2024-11,0.000,,
ESTAT:NRG_CB_GASM(1.0),08/09/26 23:00:00,M,DL,G3000,MIO_M3,DE,2024-12,0.000,,
ESTAT:NRG_CB_GASM(1.0),08/09/26 23:00:00,M,DL,G3000,MIO_M3,DE,2025-01,0.000,,
ESTAT:NRG_CB_GASM(1.0),08/09/26 23:00:00,M,DL,G3000,MIO_M3,DE,2025-02,0.000,,
ESTAT:NRG_CB_GASM(1.0),08/09/26 23:00:00,M,DL,G3000,MIO_M3,DE,2025-03,0.000,,
ESTAT:NRG_CB_GASM(1.0),08/09/26 23:00:00,M,DL,G3000,MIO_M3,DE,2025-04,0.000,,
ESTAT:NRG_CB_GASM(1.0),08/09/26 23:00:00,M,DL,G3000,MIO_M3,DE,2025-05,0.000,,
ESTAT:NRG_CB_GASM(1.0),08/09/26 23:00:00,M,DL,G3000,MIO_M3,DE,2025-06,0.000,,
ESTAT:NRG_CB_GASM(1.0),08/09/26 23:00:00,M,DL,G3000,MIO_M3,DE,2025-07,0.000,,
ESTAT:NRG_CB_GASM(1.0),08/09/26 23:00:00,M,DL,G3000,MIO_M3,DE,2025-08,0.000,,
ESTAT:NRG_CB_GASM(1.0),08/09/26 23:00:00,M,DL,G3000,MIO_M3,DE,2025-09,0.000,,
ESTAT:NRG_CB_GASM(1.0),08/09/26 23:00:00,M,DL,G3000,MIO_M3,DE,2025-10,0.000,,
ESTAT:NRG_CB_GASM(1.0),08/09/26 23:00:00,M,DL,G3000,MIO_M3,DE,2025-11,0.000,,
ESTAT:NRG_CB_GASM(1.0),08/09/26 23:00:00,M,DL,G3000,MIO_M3,DE,2025-12,0.000,,
ESTAT:NRG_CB_GASM(1.0),08/09/26 23:00:00,M,DL,G3000,MIO_M3,DE,2026-01,0.000,,
ESTAT:NRG_CB_GASM(1.0),08/09/26 23:00:00,M,DL,G3000,MIO_M3,DE,2026-02,0.000,,
ESTAT:NRG_CB_GASM(1.0),08/09/26 23:00:00,M,DL,G3000,MIO_M3,DE,2026-03,0.000,,
ESTAT:NRG_CB_GASM(1.0),08/09/26 23:00:00,M,DL,G3000,MIO_M3,DE,2026-04,0.000,,
ESTAT:NRG_CB_GASM(1.0),08/09/26 23:00:00,M,DL,G3000,MIO_M3,DE,2026-05,0.000,,
ESTAT:NRG_CB_GASM(1.0),08/09/26 23:00:00,M,DL,G3000,MIO_M3,DE,2026-06,0.000,,
ESTAT:NRG_CB_GASM(1.0),08/09/26 23:00:00,M,DL,G3000,TJ_GCV,DE,2008-01,0.000,,
ESTAT:NRG_CB_GASM(1.0),08/09/26 23:00:00,M,DL,G3000,TJ_GCV,DE,2008-02,0.000,,
ESTAT:NRG_CB_GASM(1.0),08/09/26 23:00:00,M,DL,G3000,TJ_GCV,DE,2008-03,0.000,,
ESTAT:NRG_CB_GASM(1.0),08/09/26 23:00:00,M,DL,G3000,TJ_GCV,DE,2008-04,0.000,,
ESTAT:NRG_CB_GASM(1.0),08/09/26 23:00:00,M,DL,G3000,TJ_GCV,DE,2008-05,0.000,,
ESTAT:NRG_CB_GASM(1.0),08/09/26 23:00:00,M,DL,G3000,TJ_GCV,DE,2008-06,0.000,,
ESTAT:NRG_CB_GASM(1.0),08/09/26 23:00:00,M,DL,G3000,TJ_GCV,DE,2008-07,0.000,,
ESTAT:NRG_CB_GASM(1.0),08/09/26 23:00:00,M,DL,G3000,TJ_GCV,DE,2008-08,0.000,,
ESTAT:NRG_CB_GASM(1.0),08/09/26 23:00:00,M,DL,G3000,TJ_GCV,DE,2008-09,0.000,,
ESTAT:NRG_CB_GASM(1.0),08/09/26 23:00:00,M,DL,G3000,TJ_GCV,DE,2008-10,0.000,,
ESTAT:NRG_CB_GASM(1.0),08/09/26 23:00:00,M,DL,G3000,TJ_GCV,DE,2008-11,0.000,,
ESTAT:NRG_CB_GASM(1.0),08/09/26 23:00:00,M,DL,G3000,TJ_GCV,DE,2008-12,0.000,,
ESTAT:NRG_CB_GASM(1.0),08/09/26 23:00:00,M,DL,G3000,TJ_GCV,DE,2009-01,0.000,,
ESTAT:NRG_CB_GASM(1.0),08/09/26 23:00:00,M,DL,G3000,TJ_GCV,DE,2009-02,0.000,,
ESTAT:NRG_CB_GASM(1.0),08/09/26 23:00:00,M,DL,G3000,TJ_GCV,DE,2009-03,0.000,,
ESTAT:NRG_CB_GASM(1.0),08/09/26 23:00:00,M,DL,G3000,TJ_GCV,DE,2009-04,0.000,,
ESTAT:NRG_CB_GASM(1.0),08/09/26 23:00:00,M,DL,G3000,TJ_GCV,DE,2009-05,0.000,,
ESTAT:NRG_CB_GASM(1.0),08/09/26 23:00:00,M,DL,G3000,TJ_GCV,DE,2009-06,0.000,,
ESTAT:NRG_CB_GASM(1.0),08/09/26 23:00:00,M,DL,G3000,TJ_GCV,DE,2009-07,0.000,,
ESTAT:NRG_CB_GASM(1.0),08/09/26 23:00:00,M,DL,G3000,TJ_GCV,DE,2009-08,0.000,,
ESTAT:NRG_CB_GASM(1.0),08/09/26 23:00:00,M,DL,G3000,TJ_GCV,DE,2009-09,0.000,,
ESTAT:NRG_CB_GASM(1.0),08/09/26 23:00:00,M,DL,G3000,TJ_GCV,DE,2009-10,0.000,,
ESTAT:NRG_CB_GASM(1.0),08/09/26 23:00:00,M,DL,G3000,TJ_GCV,DE,2009-11,0.000,,
ESTAT:NRG_CB_GASM(1.0),08/09/26 23:00:00,M,DL,G3000,TJ_GCV,DE,2009-12,0.000,,
ESTAT:NRG_CB_GASM(1.0),08/09/26 23:00:00,M,DL,G3000,TJ_GCV,DE,2010-01,0.000,,
ESTAT:NRG_CB_GASM(1.0),08/09/26 23:00:00,M,DL,G3000,TJ_GCV,DE,2010-02,0.000,,
ESTAT:NRG_CB_GASM(1.0),08/09/26 23:00:00,M,DL,G3000,TJ_GCV,DE,2010-03,0.000,,
ESTAT:NRG_CB_GASM(1.0),08/09/26 23:00:00,M,DL,G3000,TJ_GCV,DE,2010-04,0.000,,
ESTAT:NRG_CB_GASM(1.0),08/09/26 23:00:00,M,DL,G3000,TJ_GCV,DE,2010-05,0.000,,
ESTAT:NRG_CB_GASM(1.0),08/09/26 23:00:00,M,DL,G3000,TJ_GCV,DE,2010-06,0.000,,
ESTAT:NRG_CB_GASM(1.0),08/09/26 23:00:00,M,DL,G3000,TJ_GCV,DE,2010-07,0.000,,
ESTAT:NRG_CB_GASM(1.0),08/09/26 23:00:00,M,DL,G3000,TJ_GCV,DE,2010-08,0.000,,
ESTAT:NRG_CB_GASM(1.0),08/09/26 23:00:00,M,DL,G3000,TJ_GCV,DE,2010-09,0.000,,
ESTAT:NRG_CB_GASM(1.0),08/09/26 23:00:00,M,DL,G3000,TJ_GCV,DE,2010-10,0.000,,
ESTAT:NRG_CB_GASM(1.0),08/09/26 23:00:00,M,DL,G3000,TJ_GCV,DE,2010-11,0.000,,
ESTAT:NRG_CB_GASM(1.0),08/09/26 23:00:00,M,DL,G3000,TJ_GCV,DE,2010-12,0.000,,
ESTAT:NRG_CB_GASM(1.0),08/09/26 23:00:00,M,DL,G3000,TJ_GCV,DE,2011-01,0.000,,
ESTAT:NRG_CB_GASM(1.0),08/09/26 23:00:00,M,DL,G3000,TJ_GCV,DE,2011-02,0.000,,
ESTAT:NRG_CB_GASM(1.0),08/09/26 23:00:00,M,DL,G3000,TJ_GCV,DE,2011-03,0.000,,
ESTAT:NRG_CB_GASM(1.0),08/09/26 23:00:00,M,DL,G3000,TJ_GCV,DE,2011-04,0.000,,
ESTAT:NRG_CB_GASM(1.0),08/09/26 23:00:00,M,DL,G3000,TJ_GCV,DE,2011-05,0.000,,
ESTAT:NRG_CB_GASM(1.0),08/09/26 23:00:00,M,DL,G3000,TJ_GCV,DE,2011-06,0.000,,
ESTAT:NRG_CB_GASM(1.0),08/09/26 23:00:00,M,DL,G3000,TJ_GCV,DE,2011-07,0.000,,
ESTAT:NRG_CB_GASM(1.0),08/09/26 23:00:00,M,DL,G3000,TJ_GCV,DE,2011-08,0.000,,
ESTAT:NRG_CB_GASM(1.0),08/09/26 23:00:00,M,DL,G3000,TJ_GCV,DE,2011-09,0.000,,
ESTAT:NRG_CB_GASM(1.0),08/09/26 23:00:00,M,DL,G3000,TJ_GCV,DE,2011-10,0.000,,
ESTAT:NRG_CB_GASM(1.0),08/09/26 23:00:00,M,DL,G3000,TJ_GCV,DE,2011-11,0.000,,
ESTAT:NRG_CB_GASM(1.0),08/09/26 23:00:00,M,DL,G3000,TJ_GCV,DE,2011-12,0.000,,
ESTAT:NRG_CB_GASM(1.0),08/09/26 23:00:00,M,DL,G3000,TJ_GCV,DE,2012-01,0.000,,
ESTAT:NRG_CB_GASM(1.0),08/09/26 23:00:00,M,DL,G3000,TJ_GCV,DE,2012-02,0.000,,
ESTAT:NRG_CB_GASM(1.0),08/09/26 23:00:00,M,DL,G3000,TJ_GCV,DE,2012-03,0.000,,
ESTAT:NRG_CB_GASM(1.0),08/09/26 23:00:00,M,DL,G3000,TJ_GCV,DE,2012-04,0.000,,
ESTAT:NRG_CB_GASM(1.0),08/09/26 23:00:00,M,DL,G3000,TJ_GCV,DE,2012-05,0.000,,
ESTAT:NRG_CB_GASM(1.0),08/09/26 23:00:00,M,DL,G3000,TJ_GCV,DE,2012-06,0.000,,
ESTAT:NRG_CB_GASM(1.0),08/09/26 23:00:00,M,DL,G3000,TJ_GCV,DE,2012-07,0.000,,
ESTAT:NRG_CB_GASM(1.0),08/09/26 23:00:00,M,DL,G3000,TJ_GCV,DE,2012-08,0.000,,
ESTAT:NRG_CB_GASM(1.0),08/09/26 23:00:00,M,DL,G3000,TJ_GCV,DE,2012-09,0.000,,
ESTAT:NRG_CB_GASM(1.0),08/09/26 23:00:00,M,DL,G3000,TJ_GCV,DE,2012-10,0.000,,
ESTAT:NRG_CB_GASM(1.0),08/09/26 23:00:00,M,DL,G3000,TJ_GCV,DE,2012-11,0.000,p,
ESTAT:NRG_CB_GASM(1.0),08/09/26 23:00:00,M,DL,G3000,TJ_GCV,DE,2012-12,0.000,,
ESTAT:NRG_CB_GASM(1.0),08/09/26 23:00:00,M,DL,G3000,TJ_GCV,DE,2014-01,0.000,,
ESTAT:NRG_CB_GASM(1.0),08/09/26 23:00:00,M,DL,G3000,TJ_GCV,DE,2014-02,0.000,,
ESTAT:NRG_CB_GASM(1.0),08/09/26 23:00:00,M,DL,G3000,TJ_GCV,DE,2014-03,0.000,,
ESTAT:NRG_CB_GASM(1.0),08/09/26 23:00:00,M,DL,G3000,TJ_GCV,DE,2014-04,0.000,,
ESTAT:NRG_CB_GASM(1.0),08/09/26 23:00:00,M,DL,G3000,TJ_GCV,DE,2014-05,0.000,,
ESTAT:NRG_CB_GASM(1.0),08/09/26 23:00:00,M,DL,G3000,TJ_GCV,DE,2014-06,0.000,,
ESTAT:NRG_CB_GASM(1.0),08/09/26 23:00:00,M,DL,G3000,TJ_GCV,DE,2014-07,0.000,,
ESTAT:NRG_CB_GASM(1.0),08/09/26 23:00:00,M,DL,G3000,TJ_GCV,DE,2014-08,0.000,,
ESTAT:NRG_CB_GASM(1.0),08/09/26 23:00:00,M,DL,G3000,TJ_GCV,DE,2014-09,0.000,,
ESTAT:NRG_CB_GASM(1.0),08/09/26 23:00:00,M,DL,G3000,TJ_GCV,DE,2014-10,0.000,,
ESTAT:NRG_CB_GASM(1.0),08/09/26 23:00:00,M,DL,G3000,TJ_GCV,DE,2014-11,0.000,,
ESTAT:NRG_CB_GASM(1.0),08/09/26 23:00:00,M,DL,G3000,TJ_GCV,DE,2014-12,0.000,,
ESTAT:NRG_CB_GASM(1.0),08/09/26 23:00:00,M,DL,G3000,TJ_GCV,DE,2015-01,0.000,,
ESTAT:NRG_CB_GASM(1.0),08/09/26 23:00:00,M,DL,G3000,TJ_GCV,DE,2015-02,0.000,,
ESTAT:NRG_CB_GASM(1.0),08/09/26 23:00:00,M,DL,G3000,TJ_GCV,DE,2015-03,0.000,,
ESTAT:NRG_CB_GASM(1.0),08/09/26 23:00:00,M,DL,G3000,TJ_GCV,DE,2015-04,0.000,,
ESTAT:NRG_CB_GASM(1.0),08/09/26 23:00:00,M,DL,G3000,TJ_GCV,DE,2015-05,0.000,,
ESTAT:NRG_CB_GASM(1.0),08/09/26 23:00:00,M,DL,G3000,TJ_GCV,DE,2015-06,0.000,,
ESTAT:NRG_CB_GASM(1.0),08/09/26 23:00:00,M,DL,G3000,TJ_GCV,DE,2015-07,0.000,,
ESTAT:NRG_CB_GASM(1.0),08/09/26 23:00:00,M,DL,G3000,TJ_GCV,DE,2015-08,0.000,,
ESTAT:NRG_CB_GASM(1.0),08/09/26 23:00:00,M,DL,G3000,TJ_GCV,DE,2015-09,0.000,,
ESTAT:NRG_CB_GASM(1.0),08/09/26 23:00:00,M,DL,G3000,TJ_GCV,DE,2015-10,0.000,,
ESTAT:NRG_CB_GASM(1.0),08/09/26 23:00:00,M,DL,G3000,TJ_GCV,DE,2015-11,0.000,,
ESTAT:NRG_CB_GASM(1.0),08/09/26 23:00:00,M,DL,G3000,TJ_GCV,DE,2015-12,0.000,,
ESTAT:NRG_CB_GASM(1.0),08/09/26 23:00:00,M,DL,G3000,TJ_GCV,DE,2016-01,0.000,,
ESTAT:NRG_CB_GASM(1.0),08/09/26 23:00:00,M,DL,G3000,TJ_GCV,DE,2016-02,0.000,,
ESTAT:NRG_CB_GASM(1.0),08/09/26 23:00:00,M,DL,G3000,TJ_GCV,DE,2016-03,0.000,,
ESTAT:NRG_CB_GASM(1.0),08/09/26 23:00:00,M,DL,G3000,TJ_GCV,DE,2016-04,0.000,,
ESTAT:NRG_CB_GASM(1.0),08/09/26 23:00:00,M,DL,G3000,TJ_GCV,DE,2016-05,0.000,,
ESTAT:NRG_CB_GASM(1.0),08/09/26 23:00:00,M,DL,G3000,TJ_GCV,DE,2016-06,0.000,,
ESTAT:NRG_CB_GASM(1.0),08/09/26 23:00:00,M,DL,G3000,TJ_GCV,DE,2016-07,0.000,,
ESTAT:NRG_CB_GASM(1.0),08/09/26 23:00:00,M,DL,G3000,TJ_GCV,DE,2016-08,0.000,,
ESTAT:NRG_CB_GASM(1.0),08/09/26 23:00:00,M,DL,G3000,TJ_GCV,DE,2016-09,0.000,,
ESTAT:NRG_CB_GASM(1.0),08/09/26 23:00:00,M,DL,G3000,TJ_GCV,DE,2016-10,0.000,,
ESTAT:NRG_CB_GASM(1.0),08/09/26 23:00:00,M,DL,G3000,TJ_GCV,DE,2016-11,0.000,,
ESTAT:NRG_CB_GASM(1.0),08/09/26 23:00:00,M,DL,G3000,TJ_GCV,DE,2016-12,0.000,,
ESTAT:NRG_CB_GASM(1.0),08/09/26 23:00:00,M,DL,G3000,TJ_GCV,DE,2017-01,0.000,,
ESTAT:NRG_CB_GASM(1.0),08/09/26 23:00:00,M,DL,G3000,TJ_GCV,DE,2017-02,0.000,,
ESTAT:NRG_CB_GASM(1.0),08/09/26 23:00:00,M,DL,G3000,TJ_GCV,DE,2017-03,0.000,,
ESTAT:NRG_CB_GASM(1.0),08/09/26 23:00:00,M,DL,G3000,TJ_GCV,DE,2017-04,0.000,,
ESTAT:NRG_CB_GASM(1.0),08/09/26 23:00:00,M,DL,G3000,TJ_GCV,DE,2017-05,0.000,,
ESTAT:NRG_CB_GASM(1.0),08/09/26 23:00:00,M,DL,G3000,TJ_GCV,DE,2017-06,0.000,,
ESTAT:NRG_CB_GASM(1.0),08/09/26 23:00:00,M,DL,G3000,TJ_GCV,DE,2017-07,0.000,,
ESTAT:NRG_CB_GASM(1.0),08/09/26 23:00:00,M,DL,G3000,TJ_GCV,DE,2017-08,0.000,,
ESTAT:NRG_CB_GASM(1.0),08/09/26 23:00:00,M,DL,G3000,TJ_GCV,DE,2017-09,0.000,,
ESTAT:NRG_CB_GASM(1.0),08/09/26 23:00:00,M,DL,G3000,TJ_GCV,DE,2017-10,0.000,,
ESTAT:NRG_CB_GASM(1.0),08/09/26 23:00:00,M,DL,G3000,TJ_GCV,DE,2017-11,0.000,,
ESTAT:NRG_CB_GASM(1.0),08/09/26 23:00:00,M,DL,G3000,TJ_GCV,DE,2017-12,0.000,,
ESTAT:NRG_CB_GASM(1.0),08/09/26 23:00:00,M,DL,G3000,TJ_GCV,DE,2018-01,0.000,,
ESTAT:NRG_CB_GASM(1.0),08/09/26 23:00:00,M,DL,G3000,TJ_GCV,DE,2018-02,0.000,,
ESTAT:NRG_CB_GASM(1.0),08/09/26 23:00:00,M,DL,G3000,TJ_GCV,DE,2018-03,0.000,,
ESTAT:NRG_CB_GASM(1.0),08/09/26 23:00:00,M,DL,G3000,TJ_GCV,DE,2018-04,0.000,,
ESTAT:NRG_CB_GASM(1.0),08/09/26 23:00:00,M,DL,G3000,TJ_GCV,DE,2018-05,0.000,,
ESTAT:NRG_CB_GASM(1.0),08/09/26 23:00:00,M,DL,G3000,TJ_GCV,DE,2018-06,0.000,,
ESTAT:NRG_CB_GASM(1.0),08/09/26 23:00:00,M,DL,G3000,TJ_GCV,DE,2018-07,0.000,,
ESTAT:NRG_CB_GASM(1.0),08/09/26 23:00:00,M,DL,G3000,TJ_GCV,DE,2018-08,0.000,,
ESTAT:NRG_CB_GASM(1.0),08/09/26 23:00:00,M,DL,G3000,TJ_GCV,DE,2018-09,0.000,,
ESTAT:NRG_CB_GASM(1.0),08/09/26 23:00:00,M,DL,G3000,TJ_GCV,DE,2018-10,0.000,,
ESTAT:NRG_CB_GASM(1.0),08/09/26 23:00:00,M,DL,G3000,TJ_GCV,DE,2018-11,0.000,,
ESTAT:NRG_CB_GASM(1.0),08/09/26 23:00:00,M,DL,G3000,TJ_GCV,DE,2018-12,0.000,,
ESTAT:NRG_CB_GASM(1.0),08/09/26 23:00:00,M,DL,G3000,TJ_GCV,DE,2019-01,0.000,,
ESTAT:NRG_CB_GASM(1.0),08/09/26 23:00:00,M,DL,G3000,TJ_GCV,DE,2019-02,0.000,,
ESTAT:NRG_CB_GASM(1.0),08/09/26 23:00:00,M,DL,G3000,TJ_GCV,DE,2019-03,0.000,,
ESTAT:NRG_CB_GASM(1.0),08/09/26 23:00:00,M,DL,G3000,TJ_GCV,DE,2019-04,0.000,,
ESTAT:NRG_CB_GASM(1.0),08/09/26 23:00:00,M,DL,G3000,TJ_GCV,DE,2019-05,0.000,,
ESTAT:NRG_CB_GASM(1.0),08/09/26 23:00:00,M,DL,G3000,TJ_GCV,DE,2019-06,0.000,,
ESTAT:NRG_CB_GASM(1.0),08/09/26 23:00:00,M,DL,G3000,TJ_GCV,DE,2019-07,0.000,,
ESTAT:NRG_CB_GASM(1.0),08/09/26 23:00:00,M,DL,G3000,TJ_GCV,DE,2019-08,0.000,,
ESTAT:NRG_CB_GASM(1.0),08/09/26 23:00:00,M,DL,G3000,TJ_GCV,DE,2019-09,0.000,,
ESTAT:NRG_CB_GASM(1.0),08/09/26 23:00:00,M,DL,G3000,TJ_GCV,DE,2019-10,0.000,,
ESTAT:NRG_CB_GASM(1.0),08/09/26 23:00:00,M,DL,G3000,TJ_GCV,DE,2019-11,0.000,,
ESTAT:NRG_CB_GASM(1.0),08/09/26 23:00:00,M,DL,G3000,TJ_GCV,DE,2019-12,0.000,,
ESTAT:NRG_CB_GASM(1.0),08/09/26 23:00:00,M,DL,G3000,TJ_GCV,DE,2021-01,0.000,,
ESTAT:NRG_CB_GASM(1.0),08/09/26 23:00:00,M,DL,G3000,TJ_GCV,DE,2021-02,0.000,,
ESTAT:NRG_CB_GASM(1.0),08/09/26 23:00:00,M,DL,G3000,TJ_GCV,DE,2021-03,0.000,,
ESTAT:NRG_CB_GASM(1.0),08/09/26 23:00:00,M,DL,G3000,TJ_GCV,DE,2021-04,0.000,,
ESTAT:NRG_CB_GASM(1.0),08/09/26 23:00:00,M,DL,G3000,TJ_GCV,DE,2021-05,0.000,,
ESTAT:NRG_CB_GASM(1.0),08/09/26 23:00:00,M,DL,G3000,TJ_GCV,DE,2021-06,0.000,,
ESTAT:NRG_CB_GASM(1.0),08/09/26 23:00:00,M,DL,G3000,TJ_GCV,DE,2021-07,0.000,,
ESTAT:NRG_CB_GASM(1.0),08/09/26 23:00:00,M,DL,G3000,TJ_GCV,DE,2021-08,0.000,,
ESTAT:NRG_CB_GASM(1.0),08/09/26 23:00:00,M,DL,G3000,TJ_GCV,DE,2021-09,0.000,,
ESTAT:NRG_CB_GASM(1.0),08/09/26 23:00:00,M,DL,G3000,TJ_GCV,DE,2021-10,0.000,,
ESTAT:NRG_CB_GASM(1.0),08/09/26 23:00:00,M,DL,G3000,TJ_GCV,DE,2021-11,0.000,,
ESTAT:NRG_CB_GASM(1.0),08/09/26 23:00:00,M,DL,G3000,TJ_GCV,DE,2021-12,0.000,,
ESTAT:NRG_CB_GASM(1.0),08/09/26 23:00:00,M,DL,G3000,TJ_GCV,DE,2022-01,0.000,,
ESTAT:NRG_CB_GASM(1.0),08/09/26 23:00:00,M,DL,G3000,TJ_GCV,DE,2022-02,0.000,,
ESTAT:NRG_CB_GASM(1.0),08/09/26 23:00:00,M,DL,G3000,TJ_GCV,DE,2022-03,0.000,,
ESTAT:NRG_CB_GASM(1.0),08/09/26 23:00:00,M,DL,G3000,TJ_GCV,DE,2022-04,0.000,,
ESTAT:NRG_CB_GASM(1.0),08/09/26 23:00:00,M,DL,G3000,TJ_GCV,DE,2022-05,0.000,,
ESTAT:NRG_CB_GASM(1.0),08/09/26 23:00:00,M,DL,G3000,TJ_GCV,DE,2022-06,0.000,,
ESTAT:NRG_CB_GASM(1.0),08/09/26 23:00:00,M,DL,G3000,TJ_GCV,DE,2022-07,0.000,,
ESTAT:NRG_CB_GASM(1.0),08/09/26 23:00:00,M,DL,G3000,TJ_GCV,DE,2022-08,0.000,,
ESTAT:NRG_CB_GASM(1.0),08/09/26 23:00:00,M,DL,G3000,TJ_GCV,DE,2022-09,0.000,,
ESTAT:NRG_CB_GASM(1.0),08/09/26 23:00:00,M,DL,G3000,TJ_GCV,DE,2022-10,0.000,,
ESTAT:NRG_CB_GASM(1.0),08/09/26 23:00:00,M,DL,G3000,TJ_GCV,DE,2022-11,0.000,,
ESTAT:NRG_CB_GASM(1.0),08/09/26 23:00:00,M,DL,G3000,TJ_GCV,DE,2022-12,0.000,,
ESTAT:NRG_CB_GASM(1.0),08/09/26 23:00:00,M,DL,G3000,TJ_GCV,DE,2023-01,0.000,,
ESTAT:NRG_CB_GASM(1.0),08/09/26 23:00:00,M,DL,G3000,TJ_GCV,DE,2023-02,0.000,,
ESTAT:NRG_CB_GASM(1.0),08/09/26 23:00:00,M,DL,G3000,TJ_GCV,DE,2023-03,0.000,,
ESTAT:NRG_CB_GASM(1.0),08/09/26 23:00:00,M,DL,G3000,TJ_GCV,DE,2023-04,0.000,,
ESTAT:NRG_CB_GASM(1.0),08/09/26 23:00:00,M,DL,G3000,TJ_GCV,DE,2023-05,0.000,,
ESTAT:NRG_CB_GASM(1.0),08/09/26 23:00:00,M,DL,G3000,TJ_GCV,DE,2023-06,0.000,,
ESTAT:NRG_CB_GASM(1.0),08/09/26 23:00:00,M,DL,G3000,TJ_GCV,DE,2023-07,0.000,,
ESTAT:NRG_CB_GASM(1.0),08/09/26 23:00:00,M,DL,G3000,TJ_GCV,DE,2023-08,0.000,,
ESTAT:NRG_CB_GASM(1.0),08/09/26 23:00:00,M,DL,G3000,TJ_GCV,DE,2023-10,0.000,,
ESTAT:NRG_CB_GASM(1.0),08/09/26 23:00:00,M,DL,G3000,TJ_GCV,DE,2023-11,0.000,,
ESTAT:NRG_CB_GASM(1.0),08/09/26 23:00:00,M,DL,G3000,TJ_GCV,DE,2023-12,0.000,,
ESTAT:NRG_CB_GASM(1.0),08/09/26 23:00:00,M,DL,G3000,TJ_GCV,DE,2024-01,0.000,,
ESTAT:NRG_CB_GASM(1.0),08/09/26 23:00:00,M,DL,G3000,TJ_GCV,DE,2024-02,0.000,,
ESTAT:NRG_CB_GASM(1.0),08/09/26 23:00:00,M,DL,G3000,TJ_GCV,DE,2024-04,0.000,,
ESTAT:NRG_CB_GASM(1.0),08/09/26 23:00:00,M,DL,G3000,TJ_GCV,DE,2024-05,0.000,,
ESTAT:NRG_CB_GASM(1.0),08/09/26 23:00:00,M,DL,G3000,TJ_GCV,DE,2024-06,0.000,,
ESTAT:NRG_CB_GASM(1.0),08/09/26 23:00:00,M,DL,G3000,TJ_GCV,DE,2024-07,0.000,,
ESTAT:NRG_CB_GASM(1.0),08/09/26 23:00:00,M,DL,G3000,TJ_GCV,DE,2024-08,0.000,,
ESTAT:NRG_CB_GASM(1.0),08/09/26 23:00:00,M,DL,G3000,TJ_GCV,DE,2024-09,0.000,,
ESTAT:NRG_CB_GASM(1.0),08/09/26 23:00:00,M,DL,G3000,TJ_GCV,DE,2024-10,0.000,,
ESTAT:NRG_CB_GASM(1.0),08/09/26 23:00:00,M,DL,G3000,TJ_GCV,DE,2024-11,0.000,,
ESTAT:NRG_CB_GASM(1.0),08/09/26 23:00:00,M,DL,G3000,TJ_GCV,DE,2024-12,0.000,,
ESTAT:NRG_CB_GASM(1.0),08/09/26 23:00:00,M,DL,G3000,TJ_GCV,DE,2025-01,0.000,,
ESTAT:NRG_CB_GASM(1.0),08/09/26 23:00:00,M,DL,G3000,TJ_GCV,DE,2025-02,0.000,,
ESTAT:NRG_CB_GASM(1.0),08/09/26 23:00:00,M,DL,G3000,TJ_GCV,DE,2025-03,0.000,,
ESTAT:NRG_CB_GASM(1.0),08/09/26 23:00:00,M,DL,G3000,TJ_GCV,DE,2025-04,0.000,,
ESTAT:NRG_CB_GASM(1.0),08/09/26 23:00:00,M,DL,G3000,TJ_GCV,DE,2025-05,0.000,,
ESTAT:NRG_CB_GASM(1.0),08/09/26 23:00:00,M,DL,G3000,TJ_GCV,DE,2025-06,0.000,,
ESTAT:NRG_CB_GASM(1.0),08/09/26 23:00:00,M,DL,G3000,TJ_GCV,DE,2025-07,0.000,,
ESTAT:NRG_CB_GASM(1.0),08/09/26 23:00:00,M,DL,G3000,TJ_GCV,DE,2025-08,0.000,,
ESTAT:NRG_CB_GASM(1.0),08/09/26 23:00:00,M,DL,G3000,TJ_GCV,DE,2025-09,0.000,,
ESTAT:NRG_CB_GASM(1.0),08/09/26 23:00:00,M,DL,G3000,TJ_GCV,DE,2025-10,0.000,,
ESTAT:NRG_CB_GASM(1.0),08/09/26 23:00:00,M,DL,G3000,TJ_GCV,DE,2025-11,0.000,,
ESTAT:NRG_CB_GASM(1.0),08/09/26 23:00:00,M,DL,G3000,TJ_GCV,DE,2025-12,0.000,,
ESTAT:NRG_CB_GASM(1.0),08/09/26 23:00:00,M,DL,G3000,TJ_GCV,DE,2026-01,0.000,,
ESTAT:NRG_CB_GASM(1.0),08/09/26 23:00:00,M,DL,G3000,TJ_GCV,DE,2026-02,0.000,,
ESTAT:NRG_CB_GASM(1.0),08/09/26 23:00:00,M,DL,G3000,TJ_GCV,DE,2026-03,0.000,,
ESTAT:NRG_CB_GASM(1.0),08/09/26 23:00:00,M,DL,G3000,TJ_GCV,DE,2026-04,0.000,,
ESTAT:NRG_CB_GASM(1.0),08/09/26 23:00:00,M,DL,G3000,TJ_GCV,DE,2026-05,0.000,,
ESTAT:NRG_CB_GASM(1.0),08/09/26 23:00:00,M,DL,G3000,TJ_GCV,DE,2026-06,0.000,,
ESTAT:NRG_CB_GASM(1.0),08/09/26 23:00:00,M,EXP,G3000,MIO_M3,DE,2014-01,6453.000,,
ESTAT:NRG_CB_GASM(1.0),08/09/26 23:00:00,M,EXP,G3000,MIO_M3,DE,2014-02,5736.000,,
ESTAT:NRG_CB_GASM(1.0),08/09/26 23:00:00,M,EXP,G3000,MIO_M3,DE,2014-03,6053.000,,
ESTAT:NRG_CB_GASM(1.0),08/09/26 23:00:00,M,EXP,G3000,MIO_M3,DE,2014-04,5777.000,,
ESTAT:NRG_CB_GASM(1.0),08/09/26 23:00:00,M,EXP,G3000,MIO_M3,DE,2014-05,6674.000,,
ESTAT:NRG_CB_GASM(1.0),08/09/26 23:00:00,M,EXP,G3000,MIO_M3,DE,2014-06,6423.000,,
ESTAT:NRG_CB_GASM(1.0),08/09/26 23:00:00,M,EXP,G3000,MIO_M3,DE,2014-07,6004.000,,
ESTAT:NRG_CB_GASM(1.0),08/09/26 23:00:00,M,EXP,G3000,MIO_M3,DE,2014-08,5666.000,,
ESTAT:NRG_CB_GASM(1.0),08/09/26 23:00:00,M,EXP,G3000,MIO_M3,DE,2014-09,6529.000,,
ESTAT:NRG_CB_GASM(1.0),08/09/26 23:00:00,M,EXP,G3000,MIO_M3,DE,2014-10,6482.000,,
ESTAT:NRG_CB_GASM(1.0),08/09/26 23:00:00,M,EXP,G3000,MIO_M3,DE,2014-11,6718.000,,
ESTAT:NRG_CB_GASM(1.0),08/09/26 23:00:00,M,EXP,G3000,MIO_M3,DE,2014-12,6287.000,,
ESTAT:NRG_CB_GASM(1.0),08/09/26 23:00:00,M,EXP,G3000,MIO_M3,DE,2015-01,5704.000,,
ESTAT:NRG_CB_GASM(1.0),08/09/26 23:00:00,M,EXP,G3000,MIO_M3,DE,2015-02,5111.000,,
ESTAT:NRG_CB_GASM(1.0),08/09/26 23:00:00,M,EXP,G3000,MIO_M3,DE,2015-03,5803.000,,
ESTAT:NRG_CB_GASM(1.0),08/09/26 23:00:00,M,EXP,G3000,MIO_M3,DE,2015-04,6158.000,,
ESTAT:NRG_CB_GASM(1.0),08/09/26 23:00:00,M,EXP,G3000,MIO_M3,DE,2015-05,6332.000,,
ESTAT:NRG_CB_GASM(1.0),08/09/26 23:00:00,M,EXP,G3000,MIO_M3,DE,2015-06,5714.000,,
ESTAT:NRG_CB_GASM(1.0),08/09/26 23:00:00,M,EXP,G3000,MIO_M3,DE,2015-07,6041.000,,
ESTAT:NRG_CB_GASM(1.0),08/09/26 23:00:00,M,EXP,G3000,MIO_M3,DE,2015-08,4753.000,,
ESTAT:NRG_CB_GASM(1.0),08/09/26 23:00:00,M,EXP,G3000,MIO_M3,DE,2015-09,5341.000,,
ESTAT:NRG_CB_GASM(1.0),08/09/26 23:00:00,M,EXP,G3000,MIO_M3,DE,2015-10,5638.000,,
ESTAT:NRG_CB_GASM(1.0),08/09/26 23:00:00,M,EXP,G3000,MIO_M3,DE,2015-11,5756.000,,
ESTAT:NRG_CB_GASM(1.0),08/09/26 23:00:00,M,EXP,G3000,MIO_M3,DE,2015-12,6559.000,,
ESTAT:NRG_CB_GASM(1.0),08/09/26 23:00:00,M,EXP,G3000,MIO_M3,DE,2016-01,5641.000,,
ESTAT:NRG_CB_GASM(1.0),08/09/26 23:00:00,M,EXP,G3000,MIO_M3,DE,2016-02,5949.000,,
ESTAT:NRG_CB_GASM(1.0),08/09/26 23:00:00,M,EXP,G3000,MIO_M3,DE,2016-03,5868.000,,
ESTAT:NRG_CB_GASM(1.0),08/09/26 23:00:00,M,EXP,G3000,MIO_M3,DE,2016-04,5751.000,,
ESTAT:NRG_CB_GASM(1.0),08/09/26 23:00:00,M,EXP,G3000,MIO_M3,DE,2016-05,5787.000,,
ESTAT:NRG_CB_GASM(1.0),08/09/26 23:00:00,M,EXP,G3000,MIO_M3,DE,2016-06,5592.000,,
ESTAT:NRG_CB_GASM(1.0),08/09/26 23:00:00,M,EXP,G3000,MIO_M3,DE,2016-07,6063.000,,
ESTAT:NRG_CB_GASM(1.0),08/09/26 23:00:00,M,EXP,G3000,MIO_M3,DE,2016-08,4971.000,,
ESTAT:NRG_CB_GASM(1.0),08/09/26 23:00:00,M,EXP,G3000,MIO_M3,DE,2016-09,6106.000,,
ESTAT:NRG_CB_GASM(1.0),08/09/26 23:00:00,M,EXP,G3000,MIO_M3,DE,2016-10,6071.000,,
ESTAT:NRG_CB_GASM(1.0),08/09/26 23:00:00,M,EXP,G3000,MIO_M3,DE,2016-11,6123.000,,
ESTAT:NRG_CB_GASM(1.0),08/09/26 23:00:00,M,EXP,G3000,MIO_M3,DE,2016-12,6886.000,,
ESTAT:NRG_CB_GASM(1.0),08/09/26 23:00:00,M,EXP,G3000,MIO_M3,DE,2017-01,8140.000,,
ESTAT:NRG_CB_GASM(1.0),08/09/26 23:00:00,M,EXP,G3000,MIO_M3,DE,2017-02,6037.000,,
ESTAT:NRG_CB_GASM(1.0),08/09/26 23:00:00,M,EXP,G3000,MIO_M3,DE,2017-03,5908.000,,
ESTAT:NRG_CB_GASM(1.0),08/09/26 23:00:00,M,EXP,G3000,MIO_M3,DE,2017-04,5388.000,,
ESTAT:NRG_CB_GASM(1.0),08/09/26 23:00:00,M,EXP,G3000,MIO_M3,DE,2017-05,5068.000,,
ESTAT:NRG_CB_GASM(1.0),08/09/26 23:00:00,M,EXP,G3000,MIO_M3,DE,2017-06,4352.000,,
ESTAT:NRG_CB_GASM(1.0),08/09/26 23:00:00,M,EXP,G3000,MIO_M3,DE,2017-07,4382.000,,
ESTAT:NRG_CB_GASM(1.0),08/09/26 23:00:00,M,EXP,G3000,MIO_M3,DE,2017-08,4492.000,,
ESTAT:NRG_CB_GASM(1.0),08/09/26 23:00:00,M,EXP,G3000,MIO_M3,DE,2017-09,4257.000,,
ESTAT:NRG_CB_GASM(1.0),08/09/26 23:00:00,M,EXP,G3000,MIO_M3,DE,2017-10,6542.000,,
ESTAT:NRG_CB_GASM(1.0),08/09/26 23:00:00,M,EXP,G3000,MIO_M3,DE,2017-11,6391.000,,
ESTAT:NRG_CB_GASM(1.0),08/09/26 23:00:00,M,EXP,G3000,MIO_M3,DE,2017-12,7695.000,,
ESTAT:NRG_CB_GASM(1.0),08/09/26 23:00:00,M,EXP,G3000,MIO_M3,DE,2018-01,7466.000,,
ESTAT:NRG_CB_GASM(1.0),08/09/26 23:00:00,M,EXP,G3000,MIO_M3,DE,2018-02,7503.000,,
ESTAT:NRG_CB_GASM(1.0),08/09/26 23:00:00,M,EXP,G3000,MIO_M3,DE,2018-03,7157.000,,
ESTAT:NRG_CB_GASM(1.0),08/09/26 23:00:00,M,EXP,G3000,MIO_M3,DE,2018-04,6588.000,,
ESTAT:NRG_CB_GASM(1.0),08/09/26 23:00:00,M,EXP,G3000,MIO_M3,DE,2018-05,6810.000,,
ESTAT:NRG_CB_GASM(1.0),08/09/26 23:00:00,M,EXP,G3000,MIO_M3,DE,2018-06,6342.000,,
ESTAT:NRG_CB_GASM(1.0),08/09/26 23:00:00,M,EXP,G3000,MIO_M3,DE,2018-07,4703.000,,
ESTAT:NRG_CB_GASM(1.0),08/09/26 23:00:00,M,EXP,G3000,MIO_M3,DE,2018-08,6670.000,,
ESTAT:NRG_CB_GASM(1.0),08/09/26 23:00:00,M,EXP,G3000,MIO_M3,DE,2018-09,6754.000,,
ESTAT:NRG_CB_GASM(1.0),08/09/26 23:00:00,M,EXP,G3000,MIO_M3,DE,2018-10,6066.000,,
ESTAT:NRG_CB_GASM(1.0),08/09/26 23:00:00,M,EXP,G3000,MIO_M3,DE,2018-11,6100.000,,
ESTAT:NRG_CB_GASM(1.0),08/09/26 23:00:00,M,EXP,G3000,MIO_M3,DE,2018-12,6239.000,,
ESTAT:NRG_CB_GASM(1.0),08/09/26 23:00:00,M,EXP,G3000,MIO_M3,DE,2019-01,6156.000,,
ESTAT:NRG_CB_GASM(1.0),08/09/26 23:00:00,M,EXP,G3000,MIO_M3,DE,2019-02,5433.000,,
ESTAT:NRG_CB_GASM(1.0),08/09/26 23:00:00,M,EXP,G3000,MIO_M3,DE,2019-03,5584.000,,
ESTAT:NRG_CB_GASM(1.0),08/09/26 23:00:00,M,EXP,G3000,MIO_M3,DE,2019-04,5846.000,,
ESTAT:NRG_CB_GASM(1.0),08/09/26 23:00:00,M,EXP,G3000,MIO_M3,DE,2019-05,6138.000,,
ESTAT:NRG_CB_GASM(1.0),08/09/26 23:00:00,M,EXP,G3000,MIO_M3,DE,2019-06,6355.000,,
ESTAT:NRG_CB_GASM(1.0),08/09/26 23:00:00,M,EXP,G3000,MIO_M3,DE,2019-07,4692.000,,
ESTAT:NRG_CB_GASM(1.0),08/09/26 23:00:00,M,EXP,G3000,MIO_M3,DE,2019-08,5922.000,,
ESTAT:NRG_CB_GASM(1.0),08/09/26 23:00:00,M,EXP,G3000,MIO_M3,DE,2019-09,5931.000,,
ESTAT:NRG_CB_GASM(1.0),08/09/26 23:00:00,M,EXP,G3000,MIO_M3,DE,2019-10,5845.000,,
ESTAT:NRG_CB_GASM(1.0),08/09/26 23:00:00,M,EXP,G3000,MIO_M3,DE,2019-11,4997.000,,
ESTAT:NRG_CB_GASM(1.0),08/09/26 23:00:00,M,EXP,G3000,MIO_M3,DE,2019-12,5089.000,,
ESTAT:NRG_CB_GASM(1.0),08/09/26 23:00:00,M,EXP,G3000,MIO_M3,DE,2020-01,6731.387,,
ESTAT:NRG_CB_GASM(1.0),08/09/26 23:00:00,M,EXP,G3000,MIO_M3,DE,2020-02,6029.952,,
ESTAT:NRG_CB_GASM(1.0),08/09/26 23:00:00,M,EXP,G3000,MIO_M3,DE,2020-03,6443.032,,
ESTAT:NRG_CB_GASM(1.0),08/09/26 23:00:00,M,EXP,G3000,MIO_M3,DE,2020-04,6428.852,,
ESTAT:NRG_CB_GASM(1.0),08/09/26 23:00:00,M,EXP,G3000,MIO_M3,DE,2020-05,6218.641,,
ESTAT:NRG_CB_GASM(1.0),08/09/26 23:00:00,M,EXP,G3000,MIO_M3,DE,2020-06,6950.092,,
ESTAT:NRG_CB_GASM(1.0),08/09/26 23:00:00,M,EXP,G3000,MIO_M3,DE,2020-07,5743.601,,
ESTAT:NRG_CB_GASM(1.0),08/09/26 23:00:00,M,EXP,G3000,MIO_M3,DE,2020-08,6958.162,,
ESTAT:NRG_CB_GASM(1.0),08/09/26 23:00:00,M,EXP,G3000,MIO_M3,DE,2020-09,6870.463,,
ESTAT:NRG_CB_GASM(1.0),08/09/26 23:00:00,M,EXP,G3000,MIO_M3,DE,2020-10,5834.635,,
ESTAT:NRG_CB_GASM(1.0),08/09/26 23:00:00,M,EXP,G3000,MIO_M3,DE,2020-11,5817.578,,
ESTAT:NRG_CB_GASM(1.0),08/09/26 23:00:00,M,EXP,G3000,MIO_M3,DE,2020-12,6224.310,,
ESTAT:NRG_CB_GASM(1.0),08/09/26 23:00:00,M,EXP,G3000,MIO_M3,DE,2021-01,7830.737,,
ESTAT:NRG_CB_GASM(1.0),08/09/26 23:00:00,M,EXP,G3000,MIO_M3,DE,2021-02,5437.113,,
ESTAT:NRG_CB_GASM(1.0),08/09/26 23:00:00,M,EXP,G3000,MIO_M3,DE,2021-03,6532.231,,
ESTAT:NRG_CB_GASM(1.0),08/09/26 23:00:00,M,EXP,G3000,MIO_M3,DE,2021-04,6520.064,,
ESTAT:NRG_CB_GASM(1.0),08/09/26 23:00:00,M,EXP,G3000,MIO_M3,DE,2021-05,6551.656,,
ESTAT:NRG_CB_GASM(1.0),08/09/26 23:00:00,M,EXP,G3000,MIO_M3,DE,2021-06,5905.329,,
ESTAT:NRG_CB_GASM(1.0),08/09/26 23:00:00,M,EXP,G3000,MIO_M3,DE,2021-07,5202.253,,
ESTAT:NRG_CB_GASM(1.0),08/09/26 23:00:00,M,EXP,G3000,MIO_M3,DE,2021-08,5801.458,,
ESTAT:NRG_CB_GASM(1.0),08/09/26 23:00:00,M,EXP,G3000,MIO_M3,DE,2021-09,6201.959,,
ESTAT:NRG_CB_GASM(1.0),08/09/26 23:00:00,M,EXP,G3000,MIO_M3,DE,2021-10,5025.292,,
ESTAT:NRG_CB_GASM(1.0),08/09/26 23:00:00,M,EXP,G3000,MIO_M3,DE,2021-11,5114.803,,
ESTAT:NRG_CB_GASM(1.0),08/09/26 23:00:00,M,EXP,G3000,MIO_M3,DE,2021-12,5176.373,,
ESTAT:NRG_CB_GASM(1.0),08/09/26 23:00:00,M,EXP,G3000,MIO_M3,DE,2022-01,5803.904,,
ESTAT:NRG_CB_GASM(1.0),08/09/26 23:00:00,M,EXP,G3000,MIO_M3,DE,2022-02,4839.294,,
ESTAT:NRG_CB_GASM(1.0),08/09/26 23:00:00,M,EXP,G3000,MIO_M3,DE,2022-03,5501.604,,
ESTAT:NRG_CB_GASM(1.0),08/09/26 23:00:00,M,EXP,G3000,MIO_M3,DE,2022-04,5939.734,,
ESTAT:NRG_CB_GASM(1.0),08/09/26 23:00:00,M,EXP,G3000,MIO_M3,DE,2022-05,6215.680,,
ESTAT:NRG_CB_GASM(1.0),08/09/26 23:00:00,M,EXP,G3000,MIO_M3,DE,2022-06,5110.974,,
ESTAT:NRG_CB_GASM(1.0),08/09/26 23:00:00,M,EXP,G3000,MIO_M3,DE,2022-07,4349.798,,
ESTAT:NRG_CB_GASM(1.0),08/09/26 23:00:00,M,EXP,G3000,MIO_M3,DE,2022-08,2896.615,,
ESTAT:NRG_CB_GASM(1.0),08/09/26 23:00:00,M,EXP,G3000,MIO_M3,DE,2022-09,2213.466,,
ESTAT:NRG_CB_GASM(1.0),08/09/26 23:00:00,M,EXP,G3000,MIO_M3,DE,2022-10,2909.945,,
ESTAT:NRG_CB_GASM(1.0),08/09/26 23:00:00,M,EXP,G3000,MIO_M3,DE,2022-11,2348.021,,
ESTAT:NRG_CB_GASM(1.0),08/09/26 23:00:00,M,EXP,G3000,MIO_M3,DE,2022-12,1387.063,,
ESTAT:NRG_CB_GASM(1.0),08/09/26 23:00:00,M,EXP,G3000,MIO_M3,DE,2023-01,2285.035,,
ESTAT:NRG_CB_GASM(1.0),08/09/26 23:00:00,M,EXP,G3000,MIO_M3,DE,2023-02,1839.318,,
ESTAT:NRG_CB_GASM(1.0),08/09/26 23:00:00,M,EXP,G3000,MIO_M3,DE,2023-03,1471.859,,
ESTAT:NRG_CB_GASM(1.0),08/09/26 23:00:00,M,EXP,G3000,MIO_M3,DE,2023-04,1925.125,,
ESTAT:NRG_CB_GASM(1.0),08/09/26 23:00:00,M,EXP,G3000,MIO_M3,DE,2023-05,2733.775,,
ESTAT:NRG_CB_GASM(1.0),08/09/26 23:00:00,M,EXP,G3000,MIO_M3,DE,2023-06,2251.350,,
ESTAT:NRG_CB_GASM(1.0),08/09/26 23:00:00,M,EXP,G3000,MIO_M3,DE,2023-07,2012.089,,
ESTAT:NRG_CB_GASM(1.0),08/09/26 23:00:00,M,EXP,G3000,MIO_M3,DE,2023-08,1933.933,,
ESTAT:NRG_CB_GASM(1.0),08/09/26 23:00:00,M,EXP,G3000,MIO_M3,DE,2023-09,1006.325,,
ESTAT:NRG_CB_GASM(1.0),08/09/26 23:00:00,M,EXP,G3000,MIO_M3,DE,2023-10,1160.321,,
ESTAT:NRG_CB_GASM(1.0),08/09/26 23:00:00,M,EXP,G3000,MIO_M3,DE,2023-11,746.120,,
ESTAT:NRG_CB_GASM(1.0),08/09/26 23:00:00,M,EXP,G3000,MIO_M3,DE,2023-12,811.852,,
ESTAT:NRG_CB_GASM(1.0),08/09/26 23:00:00,M,EXP,G3000,MIO_M3,DE,2024-01,751.483,,
ESTAT:NRG_CB_GASM(1.0),08/09/26 23:00:00,M,EXP,G3000,MIO_M3,DE,2024-02,710.160,,
ESTAT:NRG_CB_GASM(1.0),08/09/26 23:00:00,M,EXP,G3000,MIO_M3,DE,2024-03,600.514,,
ESTAT:NRG_CB_GASM(1.0),08/09/26 23:00:00,M,EXP,G3000,MIO_M3,DE,2024-04,839.222,,
ESTAT:NRG_CB_GASM(1.0),08/09/26 23:00:00,M,EXP,G3000,MIO_M3,DE,2024-05,1037.407,,
ESTAT:NRG_CB_GASM(1.0),08/09/26 23:00:00,M,EXP,G3000,MIO_M3,DE,2024-06,1112.266,,
ESTAT:NRG_CB_GASM(1.0),08/09/26 23:00:00,M,EXP,G3000,MIO_M3,DE,2024-07,1491.174,,
ESTAT:NRG_CB_GASM(1.0),08/09/26 23:00:00,M,EXP,G3000,MIO_M3,DE,2024-08,1537.696,,
ESTAT:NRG_CB_GASM(1.0),08/09/26 23:00:00,M,EXP,G3000,MIO_M3,DE,2024-09,941.311,,
ESTAT:NRG_CB_GASM(1.0),08/09/26 23:00:00,M,EXP,G3000,MIO_M3,DE,2024-10,667.408,,
ESTAT:NRG_CB_GASM(1.0),08/09/26 23:00:00,M,EXP,G3000,MIO_M3,DE,2024-11,343.333,,
ESTAT:NRG_CB_GASM(1.0),08/09/26 23:00:00,M,EXP,G3000,MIO_M3,DE,2024-12,513.066,,
ESTAT:NRG_CB_GASM(1.0),08/09/26 23:00:00,M,EXP,G3000,MIO_M3,DE,2025-01,1448.423,,
ESTAT:NRG_CB_GASM(1.0),08/09/26 23:00:00,M,EXP,G3000,MIO_M3,DE,2025-02,1289.317,,
ESTAT:NRG_CB_GASM(1.0),08/09/26 23:00:00,M,EXP,G3000,MIO_M3,DE,2025-03,1142.396,,
ESTAT:NRG_CB_GASM(1.0),08/09/26 23:00:00,M,EXP,G3000,MIO_M3,DE,2025-04,2357.051,,
ESTAT:NRG_CB_GASM(1.0),08/09/26 23:00:00,M,EXP,G3000,MIO_M3,DE,2025-05,2826.426,,
ESTAT:NRG_CB_GASM(1.0),08/09/26 23:00:00,M,EXP,G3000,MIO_M3,DE,2025-06,3203.202,,
ESTAT:NRG_CB_GASM(1.0),08/09/26 23:00:00,M,EXP,G3000,MIO_M3,DE,2025-07,3383.537,,
ESTAT:NRG_CB_GASM(1.0),08/09/26 23:00:00,M,EXP,G3000,MIO_M3,DE,2025-08,2893.939,,
ESTAT:NRG_CB_GASM(1.0),08/09/26 23:00:00,M,EXP,G3000,MIO_M3,DE,2025-09,2429.625,,
ESTAT:NRG_CB_GASM(1.0),08/09/26 23:00:00,M,EXP,G3000,MIO_M3,DE,2025-10,1990.032,,
ESTAT:NRG_CB_GASM(1.0),08/09/26 23:00:00,M,EXP,G3000,MIO_M3,DE,2025-11,2017.032,,
ESTAT:NRG_CB_GASM(1.0),08/09/26 23:00:00,M,EXP,G3000,MIO_M3,DE,2025-12,2199.148,,
ESTAT:NRG_CB_GASM(1.0),08/09/26 23:00:00,M,EXP,G3000,MIO_M3,DE,2026-01,2449.227,,
ESTAT:NRG_CB_GASM(1.0),08/09/26 23:00:00,M,EXP,G3000,MIO_M3,DE,2026-02,2003.288,,
ESTAT:NRG_CB_GASM(1.0),08/09/26 23:00:00,M,EXP,G3000,MIO_M3,DE,2026-03,1851.183,,
ESTAT:NRG_CB_GASM(1.0),08/09/26 23:00:00,M,EXP,G3000,MIO_M3,DE,2026-04,2278.229,,
ESTAT:NRG_CB_GASM(1.0),08/09/26 23:00:00,M,EXP,G3000,MIO_M3,DE,2026-05,2356.105,,
ESTAT:NRG_CB_GASM(1.0),08/09/26 23:00:00,M,EXP,G3000,MIO_M3,DE,2026-06,2555.434,,
ESTAT:NRG_CB_GASM(1.0),08/09/26 23:00:00,M,EXP,G3000,TJ_GCV,DE,2008-01,60932.000,,
ESTAT:NRG_CB_GASM(1.0),08/09/26 23:00:00,M,EXP,G3000,TJ_GCV,DE,2008-02,55341.000,,
ESTAT:NRG_CB_GASM(1.0),08/09/26 23:00:00,M,EXP,G3000,TJ_GCV,DE,2008-03,58287.000,,
ESTAT:NRG_CB_GASM(1.0),08/09/26 23:00:00,M,EXP,G3000,TJ_GCV,DE,2008-04,43790.000,,
ESTAT:NRG_CB_GASM(1.0),08/09/26 23:00:00,M,EXP,G3000,TJ_GCV,DE,2008-05,37378.000,,
ESTAT:NRG_CB_GASM(1.0),08/09/26 23:00:00,M,EXP,G3000,TJ_GCV,DE,2008-06,29200.000,,
ESTAT:NRG_CB_GASM(1.0),08/09/26 23:00:00,M,EXP,G3000,TJ_GCV,DE,2008-07,24468.000,,
ESTAT:NRG_CB_GASM(1.0),08/09/26 23:00:00,M,EXP,G3000,TJ_GCV,DE,2008-08,20683.000,,
ESTAT:NRG_CB_GASM(1.0),08/09/26 23:00:00,M,EXP,G3000,TJ_GCV,DE,2008-09,29440.000,,
ESTAT:NRG_CB_GASM(1.0),08/09/26 23:00:00,M,EXP,G3000,TJ_GCV,DE,2008-10,32754.000,,
ESTAT:NRG_CB_GASM(1.0),08/09/26 23:00:00,M,EXP,G3000,TJ_GCV,DE,2008-11,40158.000,,
ESTAT:NRG_CB_GASM(1.0),08/09/26 23:00:00,M,EXP,G3000,TJ_GCV,DE,2008-12,38873.000,,
ESTAT:NRG_CB_GASM(1.0),08/09/26 23:00:00,M,EXP,G3000,TJ_GCV,DE,2009-01,55050.000,,
ESTAT:NRG_CB_GASM(1.0),08/09/26 23:00:00,M,EXP,G3000,TJ_GCV,DE,2009-02,34461.000,,
ESTAT:NRG_CB_GASM(1.0),08/09/26 23:00:00,M,EXP,G3000,TJ_GCV,DE,2009-03,36554.000,,
ESTAT:NRG_CB_GASM(1.0),08/09/26 23:00:00,M,EXP,G3000,TJ_GCV,DE,2009-04,20842.000,,
ESTAT:NRG_CB_GASM(1.0),08/09/26 23:00:00,M,EXP,G3000,TJ_GCV,DE,2009-05,22140.000,,
ESTAT:NRG_CB_GASM(1.0),08/09/26 23:00:00,M,EXP,G3000,TJ_GCV,DE,2009-06,22435.000,,
ESTAT:NRG_CB_GASM(1.0),08/09/26 23:00:00,M,EXP,G3000,TJ_GCV,DE,2009-07,27893.000,,
ESTAT:NRG_CB_GASM(1.0),08/09/26 23:00:00,M,EXP,G3000,TJ_GCV,DE,2009-08,31329.000,,
ESTAT:NRG_CB_GASM(1.0),08/09/26 23:00:00,M,EXP,G3000,TJ_GCV,DE,2009-09,30567.000,,
ESTAT:NRG_CB_GASM(1.0),08/09/26 23:00:00,M,EXP,G3000,TJ_GCV,DE,2009-10,31750.000,,
ESTAT:NRG_CB_GASM(1.0),08/09/26 23:00:00,M,EXP,G3000,TJ_GCV,DE,2009-11,53638.000,,
ESTAT:NRG_CB_GASM(1.0),08/09/26 23:00:00,M,EXP,G3000,TJ_GCV,DE,2009-12,54320.000,,
ESTAT:NRG_CB_GASM(1.0),08/09/26 23:00:00,M,EXP,G3000,TJ_GCV,DE,2010-01,49639.000,,
ESTAT:NRG_CB_GASM(1.0),08/09/26 23:00:00,M,EXP,G3000,TJ_GCV,DE,2010-02,49501.000,,
ESTAT:NRG_CB_GASM(1.0),08/09/26 23:00:00,M,EXP,G3000,TJ_GCV,DE,2010-03,41998.000,,
ESTAT:NRG_CB_GASM(1.0),08/09/26 23:00:00,M,EXP,G3000,TJ_GCV,DE,2010-04,31543.000,,
ESTAT:NRG_CB_GASM(1.0),08/09/26 23:00:00,M,EXP,G3000,TJ_GCV,DE,2010-05,39324.000,,
ESTAT:NRG_CB_GASM(1.0),08/09/26 23:00:00,M,EXP,G3000,TJ_GCV,DE,2010-06,33812.000,,
ESTAT:NRG_CB_GASM(1.0),08/09/26 23:00:00,M,EXP,G3000,TJ_GCV,DE,2010-07,32810.000,,
ESTAT:NRG_CB_GASM(1.0),08/09/26 23:00:00,M,EXP,G3000,TJ_GCV,DE,2010-08,29355.000,,
ESTAT:NRG_CB_GASM(1.0),08/09/26 23:00:00,M,EXP,G3000,TJ_GCV,DE,2010-09,33138.000,,
ESTAT:NRG_CB_GASM(1.0),08/09/26 23:00:00,M,EXP,G3000,TJ_GCV,DE,2010-10,48262.000,,
ESTAT:NRG_CB_GASM(1.0),08/09/26 23:00:00,M,EXP,G3000,TJ_GCV,DE,2010-11,57688.000,,
ESTAT:NRG_CB_GASM(1.0),08/09/26 23:00:00,M,EXP,G3000,TJ_GCV,DE,2010-12,67424.000,,
ESTAT:NRG_CB_GASM(1.0),08/09/26 23:00:00,M,EXP,G3000,TJ_GCV,DE,2011-01,77613.000,,
ESTAT:NRG_CB_GASM(1.0),08/09/26 23:00:00,M,EXP,G3000,TJ_GCV,DE,2011-02,68650.000,,
ESTAT:NRG_CB_GASM(1.0),08/09/26 23:00:00,M,EXP,G3000,TJ_GCV,DE,2011-03,98996.000,,
ESTAT:NRG_CB_GASM(1.0),08/09/26 23:00:00,M,EXP,G3000,TJ_GCV,DE,2011-04,50462.000,,
ESTAT:NRG_CB_GASM(1.0),08/09/26 23:00:00,M,EXP,G3000,TJ_GCV,DE,2011-05,50065.000,,
ESTAT:NRG_CB_GASM(1.0),08/09/26 23:00:00,M,EXP,G3000,TJ_GCV,DE,2011-06,47869.000,,
ESTAT:NRG_CB_GASM(1.0),08/09/26 23:00:00,M,EXP,G3000,TJ_GCV,DE,2011-07,41773.000,,
ESTAT:NRG_CB_GASM(1.0),08/09/26 23:00:00,M,EXP,G3000,TJ_GCV,DE,2011-08,36049.000,,
ESTAT:NRG_CB_GASM(1.0),08/09/26 23:00:00,M,EXP,G3000,TJ_GCV,DE,2011-09,46070.000,,
ESTAT:NRG_CB_GASM(1.0),08/09/26 23:00:00,M,EXP,G3000,TJ_GCV,DE,2011-10,51559.000,,
ESTAT:NRG_CB_GASM(1.0),08/09/26 23:00:00,M,EXP,G3000,TJ_GCV,DE,2011-11,65985.000,,
ESTAT:NRG_CB_GASM(1.0),08/09/26 23:00:00,M,EXP,G3000,TJ_GCV,DE,2011-12,76918.000,,
ESTAT:NRG_CB_GASM(1.0),08/09/26 23:00:00,M,EXP,G3000,TJ_GCV,DE,2012-01,91700.000,,
ESTAT:NRG_CB_GASM(1.0),08/09/26 23:00:00,M,EXP,G3000,TJ_GCV,DE,2012-02,90141.000,,
ESTAT:NRG_CB_GASM(1.0),08/09/26 23:00:00,M,EXP,G3000,TJ_GCV,DE,2012-03,97399.000,,
ESTAT:NRG_CB_GASM(1.0),08/09/26 23:00:00,M,EXP,G3000,TJ_GCV,DE,2012-04,47831.000,,
ESTAT:NRG_CB_GASM(1.0),08/09/26 23:00:00,M,EXP,G3000,TJ_GCV,DE,2012-05,46618.000,,
ESTAT:NRG_CB_GASM(1.0),08/09/26 23:00:00,M,EXP,G3000,TJ_GCV,DE,2012-06,40623.000,,
ESTAT:NRG_CB_GASM(1.0),08/09/26 23:00:00,M,EXP,G3000,TJ_GCV,DE,2012-07,42194.000,,
ESTAT:NRG_CB_GASM(1.0),08/09/26 23:00:00,M,EXP,G3000,TJ_GCV,DE,2012-08,37322.000,,
ESTAT:NRG_CB_GASM(1.0),08/09/26 23:00:00,M,EXP,G3000,TJ_GCV,DE,2012-09,37477.000,,
ESTAT:NRG_CB_GASM(1.0),08/09/26 23:00:00,M,EXP,G3000,TJ_GCV,DE,2012-10,51271.000,,
ESTAT:NRG_CB_GASM(1.0),08/09/26 23:00:00,M,EXP,G3000,TJ_GCV,DE,2012-11,60576.000,p,
ESTAT:NRG_CB_GASM(1.0),08/09/26 23:00:00,M,EXP,G3000,TJ_GCV,DE,2012-12,63564.000,,
ESTAT:NRG_CB_GASM(1.0),08/09/26 23:00:00,M,EXP,G3000,TJ_GCV,DE,2013-01,70093.000,,
ESTAT:NRG_CB_GASM(1.0),08/09/26 23:00:00,M,EXP,G3000,TJ_GCV,DE,2013-02,56339.000,,
ESTAT:NRG_CB_GASM(1.0),08/09/26 23:00:00,M,EXP,G3000,TJ_GCV,DE,2013-03,95343.000,,
ESTAT:NRG_CB_GASM(1.0),08/09/26 23:00:00,M,EXP,G3000,TJ_GCV,DE,2013-04,57355.000,,
ESTAT:NRG_CB_GASM(1.0),08/09/26 23:00:00,M,EXP,G3000,TJ_GCV,DE,2013-05,59728.000,,
ESTAT:NRG_CB_GASM(1.0),08/09/26 23:00:00,M,EXP,G3000,TJ_GCV,DE,2013-06,44479.000,,
ESTAT:NRG_CB_GASM(1.0),08/09/26 23:00:00,M,EXP,G3000,TJ_GCV,DE,2013-07,45360.000,,
ESTAT:NRG_CB_GASM(1.0),08/09/26 23:00:00,M,EXP,G3000,TJ_GCV,DE,2013-08,44167.000,,
ESTAT:NRG_CB_GASM(1.0),08/09/26 23:00:00,M,EXP,G3000,TJ_GCV,DE,2013-09,47867.000,,
ESTAT:NRG_CB_GASM(1.0),08/09/26 23:00:00,M,EXP,G3000,TJ_GCV,DE,2013-10,57412.000,,
ESTAT:NRG_CB_GASM(1.0),08/09/26 23:00:00,M,EXP,G3000,TJ_GCV,DE,2013-11,71347.000,,
ESTAT:NRG_CB_GASM(1.0),08/09/26 23:00:00,M,EXP,G3000,TJ_GCV,DE,2013-12,84421.000,,
ESTAT:NRG_CB_GASM(1.0),08/09/26 23:00:00,M,EXP,G3000,TJ_GCV,DE,2014-01,251547.000,,
ESTAT:NRG_CB_GASM(1.0),08/09/26 23:00:00,M,EXP,G3000,TJ_GCV,DE,2014-02,223649.000,,
ESTAT:NRG_CB_GASM(1.0),08/09/26 23:00:00,M,EXP,G3000,TJ_GCV,DE,2014-03,235946.000,,
ESTAT:NRG_CB_GASM(1.0),08/09/26 23:00:00,M,EXP,G3000,TJ_GCV,DE,2014-04,225172.000,,
ESTAT:NRG_CB_GASM(1.0),08/09/26 23:00:00,M,EXP,G3000,TJ_GCV,DE,2014-05,260187.000,,
ESTAT:NRG_CB_GASM(1.0),08/09/26 23:00:00,M,EXP,G3000,TJ_GCV,DE,2014-06,250390.000,,
ESTAT:NRG_CB_GASM(1.0),08/09/26 23:00:00,M,EXP,G3000,TJ_GCV,DE,2014-07,234084.000,,
ESTAT:NRG_CB_GASM(1.0),08/09/26 23:00:00,M,EXP,G3000,TJ_GCV,DE,2014-08,220898.000,,
ESTAT:NRG_CB_GASM(1.0),08/09/26 23:00:00,M,EXP,G3000,TJ_GCV,DE,2014-09,254531.000,,
ESTAT:NRG_CB_GASM(1.0),08/09/26 23:00:00,M,EXP,G3000,TJ_GCV,DE,2014-10,252739.000,,
ESTAT:NRG_CB_GASM(1.0),08/09/26 23:00:00,M,EXP,G3000,TJ_GCV,DE,2014-11,261929.000,,
ESTAT:NRG_CB_GASM(1.0),08/09/26 23:00:00,M,EXP,G3000,TJ_GCV,DE,2014-12,245115.000,,
ESTAT:NRG_CB_GASM(1.0),08/09/26 23:00:00,M,EXP,G3000,TJ_GCV,DE,2015-01,222370.000,,
ESTAT:NRG_CB_GASM(1.0),08/09/26 23:00:00,M,EXP,G3000,TJ_GCV,DE,2015-02,199277.000,,
ESTAT:NRG_CB_GASM(1.0),08/09/26 23:00:00,M,EXP,G3000,TJ_GCV,DE,2015-03,226276.000,,
ESTAT:NRG_CB_GASM(1.0),08/09/26 23:00:00,M,EXP,G3000,TJ_GCV,DE,2015-04,240050.000,,
ESTAT:NRG_CB_GASM(1.0),08/09/26 23:00:00,M,EXP,G3000,TJ_GCV,DE,2015-05,246843.000,,
ESTAT:NRG_CB_GASM(1.0),08/09/26 23:00:00,M,EXP,G3000,TJ_GCV,DE,2015-06,222750.000,,
ESTAT:NRG_CB_GASM(1.0),08/09/26 23:00:00,M,EXP,G3000,TJ_GCV,DE,2015-07,235597.000,,
ESTAT:NRG_CB_GASM(1.0),08/09/26 23:00:00,M,EXP,G3000,TJ_GCV,DE,2015-08,185335.000,,
ESTAT:NRG_CB_GASM(1.0),08/09/26 23:00:00,M,EXP,G3000,TJ_GCV,DE,2015-09,208245.000,,
ESTAT:NRG_CB_GASM(1.0),08/09/26 23:00:00,M,EXP,G3000,TJ_GCV,DE,2015-10,219787.000,,
ESTAT:NRG_CB_GASM(1.0),08/09/26 23:00:00,M,EXP,G3000,TJ_GCV,DE,2015-11,224401.000,,
ESTAT:NRG_CB_GASM(1.0),08/09/26 23:00:00,M,EXP,G3000,TJ_GCV,DE,2015-12,255686.000,,
ESTAT:NRG_CB_GASM(1.0),08/09/26 23:00:00,M,EXP,G3000,TJ_GCV,DE,2016-01,219981.000,,
ESTAT:NRG_CB_GASM(1.0),08/09/26 23:00:00,M,EXP,G3000,TJ_GCV,DE,2016-02,231937.000,,
ESTAT:NRG_CB_GASM(1.0),08/09/26 23:00:00,M,EXP,G3000,TJ_GCV,DE,2016-03,228751.000,,
ESTAT:NRG_CB_GASM(1.0),08/09/26 23:00:00,M,EXP,G3000,TJ_GCV,DE,2016-04,224254.000,,
ESTAT:NRG_CB_GASM(1.0),08/09/26 23:00:00,M,EXP,G3000,TJ_GCV,DE,2016-05,225635.000,,
ESTAT:NRG_CB_GASM(1.0),08/09/26 23:00:00,M,EXP,G3000,TJ_GCV,DE,2016-06,218009.000,,
ESTAT:NRG_CB_GASM(1.0),08/09/26 23:00:00,M,EXP,G3000,TJ_GCV,DE,2016-07,236345.000,,
ESTAT:NRG_CB_GASM(1.0),08/09/26 23:00:00,M,EXP,G3000,TJ_GCV,DE,2016-08,193801.000,,
ESTAT:NRG_CB_GASM(1.0),08/09/26 23:00:00,M,EXP,G3000,TJ_GCV,DE,2016-09,238023.000,,
ESTAT:NRG_CB_GASM(1.0),08/09/26 23:00:00,M,EXP,G3000,TJ_GCV,DE,2016-10,236666.000,,
ESTAT:NRG_CB_GASM(1.0),08/09/26 23:00:00,M,EXP,G3000,TJ_GCV,DE,2016-11,238698.000,,
ESTAT:NRG_CB_GASM(1.0),08/09/26 23:00:00,M,EXP,G3000,TJ_GCV,DE,2016-12,268466.000,,
ESTAT:NRG_CB_GASM(1.0),08/09/26 23:00:00,M,EXP,G3000,TJ_GCV,DE,2017-01,317338.000,,
ESTAT:NRG_CB_GASM(1.0),08/09/26 23:00:00,M,EXP,G3000,TJ_GCV,DE,2017-02,235353.000,,
ESTAT:NRG_CB_GASM(1.0),08/09/26 23:00:00,M,EXP,G3000,TJ_GCV,DE,2017-03,230339.000,,
ESTAT:NRG_CB_GASM(1.0),08/09/26 23:00:00,M,EXP,G3000,TJ_GCV,DE,2017-04,210061.000,,
ESTAT:NRG_CB_GASM(1.0),08/09/26 23:00:00,M,EXP,G3000,TJ_GCV,DE,2017-05,197543.000,,
ESTAT:NRG_CB_GASM(1.0),08/09/26 23:00:00,M,EXP,G3000,TJ_GCV,DE,2017-06,169668.000,,
ESTAT:NRG_CB_GASM(1.0),08/09/26 23:00:00,M,EXP,G3000,TJ_GCV,DE,2017-07,170835.000,,
ESTAT:NRG_CB_GASM(1.0),08/09/26 23:00:00,M,EXP,G3000,TJ_GCV,DE,2017-08,175168.000,,
ESTAT:NRG_CB_GASM(1.0),08/09/26 23:00:00,M,EXP,G3000,TJ_GCV,DE,2017-09,165915.000,,
ESTAT:NRG_CB_GASM(1.0),08/09/26 23:00:00,M,EXP,G3000,TJ_GCV,DE,2017-10,255080.000,,
ESTAT:NRG_CB_GASM(1.0),08/09/26 23:00:00,M,EXP,G3000,TJ_GCV,DE,2017-11,249177.000,,
ESTAT:NRG_CB_GASM(1.0),08/09/26 23:00:00,M,EXP,G3000,TJ_GCV,DE,2017-12,299976.000,,
ESTAT:NRG_CB_GASM(1.0),08/09/26 23:00:00,M,EXP,G3000,TJ_GCV,DE,2018-01,291042.000,,
ESTAT:NRG_CB_GASM(1.0),08/09/26 23:00:00,M,EXP,G3000,TJ_GCV,DE,2018-02,292525.000,,
ESTAT:NRG_CB_GASM(1.0),08/09/26 23:00:00,M,EXP,G3000,TJ_GCV,DE,2018-03,279054.000,,
ESTAT:NRG_CB_GASM(1.0),08/09/26 23:00:00,M,EXP,G3000,TJ_GCV,DE,2018-04,256892.000,,
ESTAT:NRG_CB_GASM(1.0),08/09/26 23:00:00,M,EXP,G3000,TJ_GCV,DE,2018-05,265495.000,,
ESTAT:NRG_CB_GASM(1.0),08/09/26 23:00:00,M,EXP,G3000,TJ_GCV,DE,2018-06,247287.000,,
ESTAT:NRG_CB_GASM(1.0),08/09/26 23:00:00,M,EXP,G3000,TJ_GCV,DE,2018-07,183373.000,,
ESTAT:NRG_CB_GASM(1.0),08/09/26 23:00:00,M,EXP,G3000,TJ_GCV,DE,2018-08,260089.000,,
ESTAT:NRG_CB_GASM(1.0),08/09/26 23:00:00,M,EXP,G3000,TJ_GCV,DE,2018-09,263402.000,,
ESTAT:NRG_CB_GASM(1.0),08/09/26 23:00:00,M,EXP,G3000,TJ_GCV,DE,2018-10,236483.000,,
ESTAT:NRG_CB_GASM(1.0),08/09/26 23:00:00,M,EXP,G3000,TJ_GCV,DE,2018-11,237858.000,,
ESTAT:NRG_CB_GASM(1.0),08/09/26 23:00:00,M,EXP,G3000,TJ_GCV,DE,2018-12,243225.000,,
ESTAT:NRG_CB_GASM(1.0),08/09/26 23:00:00,M,EXP,G3000,TJ_GCV,DE,2019-01,240112.000,,
ESTAT:NRG_CB_GASM(1.0),08/09/26 23:00:00,M,EXP,G3000,TJ_GCV,DE,2019-02,211909.000,,
ESTAT:NRG_CB_GASM(1.0),08/09/26 23:00:00,M,EXP,G3000,TJ_GCV,DE,2019-03,217858.000,,
ESTAT:NRG_CB_GASM(1.0),08/09/26 23:00:00,M,EXP,G3000,TJ_GCV,DE,2019-04,228001.000,,
ESTAT:NRG_CB_GASM(1.0),08/09/26 23:00:00,M,EXP,G3000,TJ_GCV,DE,2019-05,239394.000,,
ESTAT:NRG_CB_GASM(1.0),08/09/26 23:00:00,M,EXP,G3000,TJ_GCV,DE,2019-06,247867.000,,
ESTAT:NRG_CB_GASM(1.0),08/09/26 23:00:00,M,EXP,G3000,TJ_GCV,DE,2019-07,182990.000,,
ESTAT:NRG_CB_GASM(1.0),08/09/26 23:00:00,M,EXP,G3000,TJ_GCV,DE,2019-08,230944.000,,
ESTAT:NRG_CB_GASM(1.0),08/09/26 23:00:00,M,EXP,G3000,TJ_GCV,DE,2019-09,231332.000,,
ESTAT:NRG_CB_GASM(1.0),08/09/26 23:00:00,M,EXP,G3000,TJ_GCV,DE,2019-10,227988.000,,
ESTAT:NRG_CB_GASM(1.0),08/09/26 23:00:00,M,EXP,G3000,TJ_GCV,DE,2019-11,194879.000,,
ESTAT:NRG_CB_GASM(1.0),08/09/26 23:00:00,M,EXP,G3000,TJ_GCV,DE,2019-12,198430.000,,
ESTAT:NRG_CB_GASM(1.0),08/09/26 23:00:00,M,EXP,G3000,TJ_GCV,DE,2020-01,262537.503,,
ESTAT:NRG_CB_GASM(1.0),08/09/26 23:00:00,M,EXP,G3000,TJ_GCV,DE,2020-02,235180.231,,
ESTAT:NRG_CB_GASM(1.0),08/09/26 23:00:00,M,EXP,G3000,TJ_GCV,DE,2020-03,251291.144,,
ESTAT:NRG_CB_GASM(1.0),08/09/26 23:00:00,M,EXP,G3000,TJ_GCV,DE,2020-04,250738.076,,
ESTAT:NRG_CB_GASM(1.0),08/09/26 23:00:00,M,EXP,G3000,TJ_GCV,DE,2020-05,242539.445,,
ESTAT:NRG_CB_GASM(1.0),08/09/26 23:00:00,M,EXP,G3000,TJ_GCV,DE,2020-06,271067.497,,
ESTAT:NRG_CB_GASM(1.0),08/09/26 23:00:00,M,EXP,G3000,TJ_GCV,DE,2020-07,224011.960,,
ESTAT:NRG_CB_GASM(1.0),08/09/26 23:00:00,M,EXP,G3000,TJ_GCV,DE,2020-08,271382.170,,
ESTAT:NRG_CB_GASM(1.0),08/09/26 23:00:00,M,EXP,G3000,TJ_GCV,DE,2020-09,267961.788,,
ESTAT:NRG_CB_GASM(1.0),08/09/26 23:00:00,M,EXP,G3000,TJ_GCV,DE,2020-10,227562.401,,
ESTAT:NRG_CB_GASM(1.0),08/09/26 23:00:00,M,EXP,G3000,TJ_GCV,DE,2020-11,226897.199,,
ESTAT:NRG_CB_GASM(1.0),08/09/26 23:00:00,M,EXP,G3000,TJ_GCV,DE,2020-12,242760.557,,
ESTAT:NRG_CB_GASM(1.0),08/09/26 23:00:00,M,EXP,G3000,TJ_GCV,DE,2021-01,305414.358,,
ESTAT:NRG_CB_GASM(1.0),08/09/26 23:00:00,M,EXP,G3000,TJ_GCV,DE,2021-02,212058.289,,
ESTAT:NRG_CB_GASM(1.0),08/09/26 23:00:00,M,EXP,G3000,TJ_GCV,DE,2021-03,254770.070,,
ESTAT:NRG_CB_GASM(1.0),08/09/26 23:00:00,M,EXP,G3000,TJ_GCV,DE,2021-04,254295.509,,
ESTAT:NRG_CB_GASM(1.0),08/09/26 23:00:00,M,EXP,G3000,TJ_GCV,DE,2021-05,255527.628,,
ESTAT:NRG_CB_GASM(1.0),08/09/26 23:00:00,M,EXP,G3000,TJ_GCV,DE,2021-06,230319.659,,
ESTAT:NRG_CB_GASM(1.0),08/09/26 23:00:00,M,EXP,G3000,TJ_GCV,DE,2021-07,202898.228,,
ESTAT:NRG_CB_GASM(1.0),08/09/26 23:00:00,M,EXP,G3000,TJ_GCV,DE,2021-08,226268.514,,
ESTAT:NRG_CB_GASM(1.0),08/09/26 23:00:00,M,EXP,G3000,TJ_GCV,DE,2021-09,241888.784,,
ESTAT:NRG_CB_GASM(1.0),08/09/26 23:00:00,M,EXP,G3000,TJ_GCV,DE,2021-10,195996.427,,
ESTAT:NRG_CB_GASM(1.0),08/09/26 23:00:00,M,EXP,G3000,TJ_GCV,DE,2021-11,199487.577,,
ESTAT:NRG_CB_GASM(1.0),08/09/26 23:00:00,M,EXP,G3000,TJ_GCV,DE,2021-12,201888.850,,
ESTAT:NRG_CB_GASM(1.0),08/09/26 23:00:00,M,EXP,G3000,TJ_GCV,DE,2022-01,226363.884,,
ESTAT:NRG_CB_GASM(1.0),08/09/26 23:00:00,M,EXP,G3000,TJ_GCV,DE,2022-02,188742.186,,
ESTAT:NRG_CB_GASM(1.0),08/09/26 23:00:00,M,EXP,G3000,TJ_GCV,DE,2022-03,214573.547,,
ESTAT:NRG_CB_GASM(1.0),08/09/26 23:00:00,M,EXP,G3000,TJ_GCV,DE,2022-04,231661.526,,
ESTAT:NRG_CB_GASM(1.0),08/09/26 23:00:00,M,EXP,G3000,TJ_GCV,DE,2022-05,242423.943,,
ESTAT:NRG_CB_GASM(1.0),08/09/26 23:00:00,M,EXP,G3000,TJ_GCV,DE,2022-06,199338.206,,
ESTAT:NRG_CB_GASM(1.0),08/09/26 23:00:00,M,EXP,G3000,TJ_GCV,DE,2022-07,169650.813,,
ESTAT:NRG_CB_GASM(1.0),08/09/26 23:00:00,M,EXP,G3000,TJ_GCV,DE,2022-08,112973.785,,
ESTAT:NRG_CB_GASM(1.0),08/09/26 23:00:00,M,EXP,G3000,TJ_GCV,DE,2022-09,86329.612,,
ESTAT:NRG_CB_GASM(1.0),08/09/26 23:00:00,M,EXP,G3000,TJ_GCV,DE,2022-10,113493.665,,
ESTAT:NRG_CB_GASM(1.0),08/09/26 23:00:00,M,EXP,G3000,TJ_GCV,DE,2022-11,91577.520,,
ESTAT:NRG_CB_GASM(1.0),08/09/26 23:00:00,M,EXP,G3000,TJ_GCV,DE,2022-12,54098.238,,
ESTAT:NRG_CB_GASM(1.0),08/09/26 23:00:00,M,EXP,G3000,TJ_GCV,DE,2023-01,89120.926,,
ESTAT:NRG_CB_GASM(1.0),08/09/26 23:00:00,M,EXP,G3000,TJ_GCV,DE,2023-02,71737.096,,
ESTAT:NRG_CB_GASM(1.0),08/09/26 23:00:00,M,EXP,G3000,TJ_GCV,DE,2023-03,57405.435,,
ESTAT:NRG_CB_GASM(1.0),08/09/26 23:00:00,M,EXP,G3000,TJ_GCV,DE,2023-04,75083.735,,
ESTAT:NRG_CB_GASM(1.0),08/09/26 23:00:00,M,EXP,G3000,TJ_GCV,DE,2023-05,106622.686,,
ESTAT:NRG_CB_GASM(1.0),08/09/26 23:00:00,M,EXP,G3000,TJ_GCV,DE,2023-06,87807.163,,
ESTAT:NRG_CB_GASM(1.0),08/09/26 23:00:00,M,EXP,G3000,TJ_GCV,DE,2023-07,78475.482,,
ESTAT:NRG_CB_GASM(1.0),08/09/26 23:00:00,M,EXP,G3000,TJ_GCV,DE,2023-08,75427.272,,
ESTAT:NRG_CB_GASM(1.0),08/09/26 23:00:00,M,EXP,G3000,TJ_GCV,DE,2023-09,39248.687,,
ESTAT:NRG_CB_GASM(1.0),08/09/26 23:00:00,M,EXP,G3000,TJ_GCV,DE,2023-10,45254.831,,
ESTAT:NRG_CB_GASM(1.0),08/09/26 23:00:00,M,EXP,G3000,TJ_GCV,DE,2023-11,29100.154,,
ESTAT:NRG_CB_GASM(1.0),08/09/26 23:00:00,M,EXP,G3000,TJ_GCV,DE,2023-12,31663.861,,
ESTAT:NRG_CB_GASM(1.0),08/09/26 23:00:00,M,EXP,G3000,TJ_GCV,DE,2024-01,29309.328,,
ESTAT:NRG_CB_GASM(1.0),08/09/26 23:00:00,M,EXP,G3000,TJ_GCV,DE,2024-02,27697.662,,
ESTAT:NRG_CB_GASM(1.0),08/09/26 23:00:00,M,EXP,G3000,TJ_GCV,DE,2024-03,23421.257,,
ESTAT:NRG_CB_GASM(1.0),08/09/26 23:00:00,M,EXP,G3000,TJ_GCV,DE,2024-04,32731.338,,
ESTAT:NRG_CB_GASM(1.0),08/09/26 23:00:00,M,EXP,G3000,TJ_GCV,DE,2024-05,40460.947,,
ESTAT:NRG_CB_GASM(1.0),08/09/26 23:00:00,M,EXP,G3000,TJ_GCV,DE,2024-06,43380.641,,
ESTAT:NRG_CB_GASM(1.0),08/09/26 23:00:00,M,EXP,G3000,TJ_GCV,DE,2024-07,58158.750,,
ESTAT:NRG_CB_GASM(1.0),08/09/26 23:00:00,M,EXP,G3000,TJ_GCV,DE,2024-08,59973.259,,
ESTAT:NRG_CB_GASM(1.0),08/09/26 23:00:00,M,EXP,G3000,TJ_GCV,DE,2024-09,36713.005,,
ESTAT:NRG_CB_GASM(1.0),08/09/26 23:00:00,M,EXP,G3000,TJ_GCV,DE,2024-10,26030.289,,
ESTAT:NRG_CB_GASM(1.0),08/09/26 23:00:00,M,EXP,G3000,TJ_GCV,DE,2024-11,13390.668,,
ESTAT:NRG_CB_GASM(1.0),08/09/26 23:00:00,M,EXP,G3000,TJ_GCV,DE,2024-12,20010.481,,
ESTAT:NRG_CB_GASM(1.0),08/09/26 23:00:00,M,EXP,G3000,TJ_GCV,DE,2025-01,56491.445,,
ESTAT:NRG_CB_GASM(1.0),08/09/26 23:00:00,M,EXP,G3000,TJ_GCV,DE,2025-02,50285.941,,
ESTAT:NRG_CB_GASM(1.0),08/09/26 23:00:00,M,EXP,G3000,TJ_GCV,DE,2025-03,44555.699,,
ESTAT:NRG_CB_GASM(1.0),08/09/26 23:00:00,M,EXP,G3000,TJ_GCV,DE,2025-04,91929.744,,
ESTAT:NRG_CB_GASM(1.0),08/09/26 23:00:00,M,EXP,G3000,TJ_GCV,DE,2025-05,110236.245,,
ESTAT:NRG_CB_GASM(1.0),08/09/26 23:00:00,M,EXP,G3000,TJ_GCV,DE,2025-06,124931.311,,
ESTAT:NRG_CB_GASM(1.0),08/09/26 23:00:00,M,EXP,G3000,TJ_GCV,DE,2025-07,131964.636,,
ESTAT:NRG_CB_GASM(1.0),08/09/26 23:00:00,M,EXP,G3000,TJ_GCV,DE,2025-08,112869.432,,
ESTAT:NRG_CB_GASM(1.0),08/09/26 23:00:00,M,EXP,G3000,TJ_GCV,DE,2025-09,94760.266,,
ESTAT:NRG_CB_GASM(1.0),08/09/26 23:00:00,M,EXP,G3000,TJ_GCV,DE,2025-10,77615.251,,
ESTAT:NRG_CB_GASM(1.0),08/09/26 23:00:00,M,EXP,G3000,TJ_GCV,DE,2025-11,78668.266,,
ESTAT:NRG_CB_GASM(1.0),08/09/26 23:00:00,M,EXP,G3000,TJ_GCV,DE,2025-12,85771.196,,
ESTAT:NRG_CB_GASM(1.0),08/09/26 23:00:00,M,EXP,G3000,TJ_GCV,DE,2026-01,95524.750,,
ESTAT:NRG_CB_GASM(1.0),08/09/26 23:00:00,M,EXP,G3000,TJ_GCV,DE,2026-02,78132.243,,
ESTAT:NRG_CB_GASM(1.0),08/09/26 23:00:00,M,EXP,G3000,TJ_GCV,DE,2026-03,72199.828,,
ESTAT:NRG_CB_GASM(1.0),08/09/26 23:00:00,M,EXP,G3000,TJ_GCV,DE,2026-04,88855.546,,
ESTAT:NRG_CB_GASM(1.0),08/09/26 23:00:00,M,EXP,G3000,TJ_GCV,DE,2026-05,91892.830,,
ESTAT:NRG_CB_GASM(1.0),08/09/26 23:00:00,M,EXP,G3000,TJ_GCV,DE,2026-06,99667.034,,
ESTAT:NRG_CB_GASM(1.0),08/09/26 23:00:00,M,EXP,G3000,TJ_GCV,DE,2026-07,96469.200,,
ESTAT:NRG_CB_GASM(1.0),08/09/26 23:00:00,M,FLARE,G3000,MIO_M3,DE,2021-01,0.000,,
ESTAT:NRG_CB_GASM(1.0),08/09/26 23:00:00,M,FLARE,G3000,MIO_M3,DE,2021-02,0.000,,
ESTAT:NRG_CB_GASM(1.0),08/09/26 23:00:00,M,FLARE,G3000,MIO_M3,DE,2021-03,0.000,,
ESTAT:NRG_CB_GASM(1.0),08/09/26 23:00:00,M,FLARE,G3000,MIO_M3,DE,2021-04,0.000,,
ESTAT:NRG_CB_GASM(1.0),08/09/26 23:00:00,M,FLARE,G3000,MIO_M3,DE,2021-05,0.000,,
ESTAT:NRG_CB_GASM(1.0),08/09/26 23:00:00,M,FLARE,G3000,MIO_M3,DE,2021-06,0.000,,
ESTAT:NRG_CB_GASM(1.0),08/09/26 23:00:00,M,FLARE,G3000,MIO_M3,DE,2021-07,0.000,,
ESTAT:NRG_CB_GASM(1.0),08/09/26 23:00:00,M,FLARE,G3000,MIO_M3,DE,2021-08,0.000,,
ESTAT:NRG_CB_GASM(1.0),08/09/26 23:00:00,M,FLARE,G3000,MIO_M3,DE,2021-09,0.000,,
ESTAT:NRG_CB_GASM(1.0),08/09/26 23:00:00,M,FLARE,G3000,MIO_M3,DE,2021-10,0.000,,
ESTAT:NRG_CB_GASM(1.0),08/09/26 23:00:00,M,FLARE,G3000,MIO_M3,DE,2021-11,0.000,,
ESTAT:NRG_CB_GASM(1.0),08/09/26 23:00:00,M,FLARE,G3000,MIO_M3,DE,2021-12,0.000,,
ESTAT:NRG_CB_GASM(1.0),08/09/26 23:00:00,M,FLARE,G3000,MIO_M3,DE,2022-01,0.000,,
ESTAT:NRG_CB_GASM(1.0),08/09/26 23:00:00,M,FLARE,G3000,MIO_M3,DE,2022-02,0.000,,
ESTAT:NRG_CB_GASM(1.0),08/09/26 23:00:00,M,FLARE,G3000,MIO_M3,DE,2022-03,0.000,,
ESTAT:NRG_CB_GASM(1.0),08/09/26 23:00:00,M,FLARE,G3000,MIO_M3,DE,2022-04,0.000,,
ESTAT:NRG_CB_GASM(1.0),08/09/26 23:00:00,M,FLARE,G3000,MIO_M3,DE,2022-05,0.000,,
ESTAT:NRG_CB_GASM(1.0),08/09/26 23:00:00,M,FLARE,G3000,MIO_M3,DE,2022-06,0.000,,
ESTAT:NRG_CB_GASM(1.0),08/09/26 23:00:00,M,FLARE,G3000,MIO_M3,DE,2022-07,0.000,,
ESTAT:NRG_CB_GASM(1.0),08/09/26 23:00:00,M,FLARE,G3000,MIO_M3,DE,2022-08,0.000,,
ESTAT:NRG_CB_GASM(1.0),08/09/26 23:00:00,M,FLARE,G3000,MIO_M3,DE,2022-09,0.000,,
ESTAT:NRG_CB_GASM(1.0),08/09/26 23:00:00,M,FLARE,G3000,MIO_M3,DE,2022-10,0.000,,
ESTAT:NRG_CB_GASM(1.0),08/09/26 23:00:00,M,FLARE,G3000,MIO_M3,DE,2022-11,0.000,,
ESTAT:NRG_CB_GASM(1.0),08/09/26 23:00:00,M,FLARE,G3000,MIO_M3,DE,2022-12,0.000,,
ESTAT:NRG_CB_GASM(1.0),08/09/26 23:00:00,M,FLARE,G3000,MIO_M3,DE,2023-01,0.000,,
ESTAT:NRG_CB_GASM(1.0),08/09/26 23:00:00,M,FLARE,G3000,MIO_M3,DE,2023-02,0.000,,
ESTAT:NRG_CB_GASM(1.0),08/09/26 23:00:00,M,FLARE,G3000,MIO_M3,DE,2023-03,0.000,,
ESTAT:NRG_CB_GASM(1.0),08/09/26 23:00:00,M,FLARE,G3000,MIO_M3,DE,2023-04,0.000,,
ESTAT:NRG_CB_GASM(1.0),08/09/26 23:00:00,M,FLARE,G3000,MIO_M3,DE,2023-05,0.000,,
ESTAT:NRG_CB_GASM(1.0),08/09/26 23:00:00,M,FLARE,G3000,MIO_M3,DE,2023-06,0.000,,
ESTAT:NRG_CB_GASM(1.0),08/09/26 23:00:00,M,FLARE,G3000,MIO_M3,DE,2023-07,0.000,,
ESTAT:NRG_CB_GASM(1.0),08/09/26 23:00:00,M,FLARE,G3000,MIO_M3,DE,2023-08,0.000,,
ESTAT:NRG_CB_GASM(1.0),08/09/26 23:00:00,M,FLARE,G3000,MIO_M3,DE,2023-09,0.000,,
ESTAT:NRG_CB_GASM(1.0),08/09/26 23:00:00,M,FLARE,G3000,MIO_M3,DE,2023-10,0.000,,
ESTAT:NRG_CB_GASM(1.0),08/09/26 23:00:00,M,FLARE,G3000,MIO_M3,DE,2023-11,0.000,,
ESTAT:NRG_CB_GASM(1.0),08/09/26 23:00:00,M,FLARE,G3000,MIO_M3,DE,2023-12,0.000,,
ESTAT:NRG_CB_GASM(1.0),08/09/26 23:00:00,M,FLARE,G3000,MIO_M3,DE,2024-01,0.000,,
ESTAT:NRG_CB_GASM(1.0),08/09/26 23:00:00,M,FLARE,G3000,MIO_M3,DE,2024-02,0.000,,
ESTAT:NRG_CB_GASM(1.0),08/09/26 23:00:00,M,FLARE,G3000,MIO_M3,DE,2024-04,0.000,,
ESTAT:NRG_CB_GASM(1.0),08/09/26 23:00:00,M,FLARE,G3000,MIO_M3,DE,2024-05,0.000,,
ESTAT:NRG_CB_GASM(1.0),08/09/26 23:00:00,M,FLARE,G3000,MIO_M3,DE,2024-06,0.000,,
ESTAT:NRG_CB_GASM(1.0),08/09/26 23:00:00,M,FLARE,G3000,MIO_M3,DE,2024-07,0.000,,
ESTAT:NRG_CB_GASM(1.0),08/09/26 23:00:00,M,FLARE,G3000,MIO_M3,DE,2024-08,0.000,,
ESTAT:NRG_CB_GASM(1.0),08/09/26 23:00:00,M,FLARE,G3000,MIO_M3,DE,2024-09,0.000,,
ESTAT:NRG_CB_GASM(1.0),08/09/26 23:00:00,M,FLARE,G3000,MIO_M3,DE,2024-10,0.000,,
ESTAT:NRG_CB_GASM(1.0),08/09/26 23:00:00,M,FLARE,G3000,MIO_M3,DE,2024-11,0.000,,
ESTAT:NRG_CB_GASM(1.0),08/09/26 23:00:00,M,FLARE,G3000,MIO_M3,DE,2024-12,0.000,,
ESTAT:NRG_CB_GASM(1.0),08/09/26 23:00:00,M,FLARE,G3000,MIO_M3,DE,2025-01,0.000,,
ESTAT:NRG_CB_GASM(1.0),08/09/26 23:00:00,M,FLARE,G3000,MIO_M3,DE,2025-02,0.000,,
ESTAT:NRG_CB_GASM(1.0),08/09/26 23:00:00,M,FLARE,G3000,MIO_M3,DE,2025-03,0.000,,
ESTAT:NRG_CB_GASM(1.0),08/09/26 23:00:00,M,FLARE,G3000,MIO_M3,DE,2025-04,0.000,,
ESTAT:NRG_CB_GASM(1.0),08/09/26 23:00:00,M,FLARE,G3000,MIO_M3,DE,2025-05,0.000,,
ESTAT:NRG_CB_GASM(1.0),08/09/26 23:00:00,M,FLARE,G3000,MIO_M3,DE,2025-06,0.000,,
ESTAT:NRG_CB_GASM(1.0),08/09/26 23:00:00,M,FLARE,G3000,MIO_M3,DE,2025-07,0.000,,
ESTAT:NRG_CB_GASM(1.0),08/09/26 23:00:00,M,FLARE,G3000,MIO_M3,DE,2025-08,0.000,,
ESTAT:NRG_CB_GASM(1.0),08/09/26 23:00:00,M,FLARE,G3000,MIO_M3,DE,2025-09,0.000,,
ESTAT:NRG_CB_GASM(1.0),08/09/26 23:00:00,M,FLARE,G3000,MIO_M3,DE,2025-10,0.000,,
ESTAT:NRG_CB_GASM(1.0),08/09/26 23:00:00,M,FLARE,G3000,MIO_M3,DE,2025-11,0.000,,
ESTAT:NRG_CB_GASM(1.0),08/09/26 23:00:00,M,FLARE,G3000,MIO_M3,DE,2025-12,0.000,,
ESTAT:NRG_CB_GASM(1.0),08/09/26 23:00:00,M,FLARE,G3000,MIO_M3,DE,2026-01,0.000,,
ESTAT:NRG_CB_GASM(1.0),08/09/26 23:00:00,M,FLARE,G3000,MIO_M3,DE,2026-02,0.000,,
ESTAT:NRG_CB_GASM(1.0),08/09/26 23:00:00,M,FLARE,G3000,MIO_M3,DE,2026-03,0.000,,
ESTAT:NRG_CB_GASM(1.0),08/09/26 23:00:00,M,FLARE,G3000,MIO_M3,DE,2026-04,0.000,,
ESTAT:NRG_CB_GASM(1.0),08/09/26 23:00:00,M,FLARE,G3000,MIO_M3,DE,2026-05,0.000,,
ESTAT:NRG_CB_GASM(1.0),08/09/26 23:00:00,M,FLARE,G3000,MIO_M3,DE,2026-06,0.000,,
ESTAT:NRG_CB_GASM(1.0),08/09/26 23:00:00,M,FLARE,G3000,TJ_GCV,DE,2021-01,0.000,,
ESTAT:NRG_CB_GASM(1.0),08/09/26 23:00:00,M,FLARE,G3000,TJ_GCV,DE,2021-02,0.000,,
ESTAT:NRG_CB_GASM(1.0),08/09/26 23:00:00,M,FLARE,G3000,TJ_GCV,DE,2021-03,0.000,,
ESTAT:NRG_CB_GASM(1.0),08/09/26 23:00:00,M,FLARE,G3000,TJ_GCV,DE,2021-04,0.000,,
ESTAT:NRG_CB_GASM(1.0),08/09/26 23:00:00,M,FLARE,G3000,TJ_GCV,DE,2021-05,0.000,,
ESTAT:NRG_CB_GASM(1.0),08/09/26 23:00:00,M,FLARE,G3000,TJ_GCV,DE,2021-06,0.000,,
ESTAT:NRG_CB_GASM(1.0),08/09/26 23:00:00,M,FLARE,G3000,TJ_GCV,DE,2021-07,0.000,,
ESTAT:NRG_CB_GASM(1.0),08/09/26 23:00:00,M,FLARE,G3000,TJ_GCV,DE,2021-08,0.000,,
ESTAT:NRG_CB_GASM(1.0),08/09/26 23:00:00,M,FLARE,G3000,TJ_GCV,DE,2021-09,0.000,,
ESTAT:NRG_CB_GASM(1.0),08/09/26 23:00:00,M,FLARE,G3000,TJ_GCV,DE,2021-10,0.000,,
ESTAT:NRG_CB_GASM(1.0),08/09/26 23:00:00,M,FLARE,G3000,TJ_GCV,DE,2021-11,0.000,,
ESTAT:NRG_CB_GASM(1.0),08/09/26 23:00:00,M,FLARE,G3000,TJ_GCV,DE,2021-12,0.000,,
ESTAT:NRG_CB_GASM(1.0),08/09/26 23:00:00,M,FLARE,G3000,TJ_GCV,DE,2022-01,0.000,,
ESTAT:NRG_CB_GASM(1.0),08/09/26 23:00:00,M,FLARE,G3000,TJ_GCV,DE,2022-02,0.000,,
ESTAT:NRG_CB_GASM(1.0),08/09/26 23:00:00,M,FLARE,G3000,TJ_GCV,DE,2022-03,0.000,,
ESTAT:NRG_CB_GASM(1.0),08/09/26 23:00:00,M,FLARE,G3000,TJ_GCV,DE,2022-04,0.000,,
ESTAT:NRG_CB_GASM(1.0),08/09/26 23:00:00,M,FLARE,G3000,TJ_GCV,DE,2022-05,0.000,,
ESTAT:NRG_CB_GASM(1.0),08/09/26 23:00:00,M,FLARE,G3000,TJ_GCV,DE,2022-06,0.000,,
ESTAT:NRG_CB_GASM(1.0),08/09/26 23:00:00,M,FLARE,G3000,TJ_GCV,DE,2022-07,0.000,,
ESTAT:NRG_CB_GASM(1.0),08/09/26 23:00:00,M,FLARE,G3000,TJ_GCV,DE,2022-08,0.000,,
ESTAT:NRG_CB_GASM(1.0),08/09/26 23:00:00,M,FLARE,G3000,TJ_GCV,DE,2022-09,0.000,,
ESTAT:NRG_CB_GASM(1.0),08/09/26 23:00:00,M,FLARE,G3000,TJ_GCV,DE,2022-10,0.000,,
ESTAT:NRG_CB_GASM(1.0),08/09/26 23:00:00,M,FLARE,G3000,TJ_GCV,DE,2022-11,0.000,,
ESTAT:NRG_CB_GASM(1.0),08/09/26 23:00:00,M,FLARE,G3000,TJ_GCV,DE,2022-12,0.000,,
ESTAT:NRG_CB_GASM(1.0),08/09/26 23:00:00,M,FLARE,G3000,TJ_GCV,DE,2023-01,0.000,,
ESTAT:NRG_CB_GASM(1.0),08/09/26 23:00:00,M,FLARE,G3000,TJ_GCV,DE,2023-02,0.000,,
ESTAT:NRG_CB_GASM(1.0),08/09/26 23:00:00,M,FLARE,G3000,TJ_GCV,DE,2023-03,0.000,,
ESTAT:NRG_CB_GASM(1.0),08/09/26 23:00:00,M,FLARE,G3000,TJ_GCV,DE,2023-04,0.000,,
ESTAT:NRG_CB_GASM(1.0),08/09/26 23:00:00,M,FLARE,G3000,TJ_GCV,DE,2023-05,0.000,,
ESTAT:NRG_CB_GASM(1.0),08/09/26 23:00:00,M,FLARE,G3000,TJ_GCV,DE,2023-06,0.000,,
ESTAT:NRG_CB_GASM(1.0),08/09/26 23:00:00,M,FLARE,G3000,TJ_GCV,DE,2023-07,0.000,,
ESTAT:NRG_CB_GASM(1.0),08/09/26 23:00:00,M,FLARE,G3000,TJ_GCV,DE,2023-08,0.000,,
ESTAT:NRG_CB_GASM(1.0),08/09/26 23:00:00,M,FLARE,G3000,TJ_GCV,DE,2023-09,0.000,,
ESTAT:NRG_CB_GASM(1.0),08/09/26 23:00:00,M,FLARE,G3000,TJ_GCV,DE,2023-10,0.000,,
ESTAT:NRG_CB_GASM(1.0),08/09/26 23:00:00,M,FLARE,G3000,TJ_GCV,DE,2023-11,0.000,,
ESTAT:NRG_CB_GASM(1.0),08/09/26 23:00:00,M,FLARE,G3000,TJ_GCV,DE,2023-12,0.000,,
ESTAT:NRG_CB_GASM(1.0),08/09/26 23:00:00,M,FLARE,G3000,TJ_GCV,DE,2024-01,0.000,,
ESTAT:NRG_CB_GASM(1.0),08/09/26 23:00:00,M,FLARE,G3000,TJ_GCV,DE,2024-02,0.000,,
ESTAT:NRG_CB_GASM(1.0),08/09/26 23:00:00,M,FLARE,G3000,TJ_GCV,DE,2024-04,0.000,,
ESTAT:NRG_CB_GASM(1.0),08/09/26 23:00:00,M,FLARE,G3000,TJ_GCV,DE,2024-05,0.000,,
ESTAT:NRG_CB_GASM(1.0),08/09/26 23:00:00,M,FLARE,G3000,TJ_GCV,DE,2024-06,0.000,,
ESTAT:NRG_CB_GASM(1.0),08/09/26 23:00:00,M,FLARE,G3000,TJ_GCV,DE,2024-07,0.000,,
ESTAT:NRG_CB_GASM(1.0),08/09/26 23:00:00,M,FLARE,G3000,TJ_GCV,DE,2024-08,0.000,,
ESTAT:NRG_CB_GASM(1.0),08/09/26 23:00:00,M,FLARE,G3000,TJ_GCV,DE,2024-09,0.000,,
ESTAT:NRG_CB_GASM(1.0),08/09/26 23:00:00,M,FLARE,G3000,TJ_GCV,DE,2024-10,0.000,,
ESTAT:NRG_CB_GASM(1.0),08/09/26 23:00:00,M,FLARE,G3000,TJ_GCV,DE,2024-11,0.000,,
ESTAT:NRG_CB_GASM(1.0),08/09/26 23:00:00,M,FLARE,G3000,TJ_GCV,DE,2024-12,0.000,,
ESTAT:NRG_CB_GASM(1.0),08/09/26 23:00:00,M,FLARE,G3000,TJ_GCV,DE,2025-01,0.000,,
ESTAT:NRG_CB_GASM(1.0),08/09/26 23:00:00,M,FLARE,G3000,TJ_GCV,DE,2025-02,0.000,,
ESTAT:NRG_CB_GASM(1.0),08/09/26 23:00:00,M,FLARE,G3000,TJ_GCV,DE,2025-03,0.000,,
ESTAT:NRG_CB_GASM(1.0),08/09/26 23:00:00,M,FLARE,G3000,TJ_GCV,DE,2025-04,0.000,,
ESTAT:NRG_CB_GASM(1.0),08/09/26 23:00:00,M,FLARE,G3000,TJ_GCV,DE,2025-05,0.000,,
ESTAT:NRG_CB_GASM(1.0),08/09/26 23:00:00,M,FLARE,G3000,TJ_GCV,DE,2025-06,0.000,,
ESTAT:NRG_CB_GASM(1.0),08/09/26 23:00:00,M,FLARE,G3000,TJ_GCV,DE,2025-07,0.000,,
ESTAT:NRG_CB_GASM(1.0),08/09/26 23:00:00,M,FLARE,G3000,TJ_GCV,DE,2025-08,0.000,,
ESTAT:NRG_CB_GASM(1.0),08/09/26 23:00:00,M,FLARE,G3000,TJ_GCV,DE,2025-09,0.000,,
ESTAT:NRG_CB_GASM(1.0),08/09/26 23:00:00,M,FLARE,G3000,TJ_GCV,DE,2025-10,0.000,,
ESTAT:NRG_CB_GASM(1.0),08/09/26 23:00:00,M,FLARE,G3000,TJ_GCV,DE,2025-11,0.000,,
ESTAT:NRG_CB_GASM(1.0),08/09/26 23:00:00,M,FLARE,G3000,TJ_GCV,DE,2025-12,0.000,,
ESTAT:NRG_CB_GASM(1.0),08/09/26 23:00:00,M,FLARE,G3000,TJ_GCV,DE,2026-01,0.000,,
ESTAT:NRG_CB_GASM(1.0),08/09/26 23:00:00,M,FLARE,G3000,TJ_GCV,DE,2026-02,0.000,,
ESTAT:NRG_CB_GASM(1.0),08/09/26 23:00:00,M,FLARE,G3000,TJ_GCV,DE,2026-03,0.000,,
ESTAT:NRG_CB_GASM(1.0),08/09/26 23:00:00,M,FLARE,G3000,TJ_GCV,DE,2026-04,0.000,,
ESTAT:NRG_CB_GASM(1.0),08/09/26 23:00:00,M,FLARE,G3000,TJ_GCV,DE,2026-05,0.000,,
ESTAT:NRG_CB_GASM(1.0),08/09/26 23:00:00,M,FLARE,G3000,TJ_GCV,DE,2026-06,0.000,,
ESTAT:NRG_CB_GASM(1.0),08/09/26 23:00:00,M,IC_CAL_MG,G3000,MIO_M3,DE,2014-01,9478.000,,
ESTAT:NRG_CB_GASM(1.0),08/09/26 23:00:00,M,IC_CAL_MG,G3000,MIO_M3,DE,2014-02,7448.000,,
ESTAT:NRG_CB_GASM(1.0),08/09/26 23:00:00,M,IC_CAL_MG,G3000,MIO_M3,DE,2014-03,7132.000,,
ESTAT:NRG_CB_GASM(1.0),08/09/26 23:00:00,M,IC_CAL_MG,G3000,MIO_M3,DE,2014-04,4631.000,,
ESTAT:NRG_CB_GASM(1.0),08/09/26 23:00:00,M,IC_CAL_MG,G3000,MIO_M3,DE,2014-05,6053.000,,
ESTAT:NRG_CB_GASM(1.0),08/09/26 23:00:00,M,IC_CAL_MG,G3000,MIO_M3,DE,2014-06,4028.000,,
ESTAT:NRG_CB_GASM(1.0),08/09/26 23:00:00,M,IC_CAL_MG,G3000,MIO_M3,DE,2014-07,5262.000,,
ESTAT:NRG_CB_GASM(1.0),08/09/26 23:00:00,M,IC_CAL_MG,G3000,MIO_M3,DE,2014-08,3878.000,,
ESTAT:NRG_CB_GASM(1.0),08/09/26 23:00:00,M,IC_CAL_MG,G3000,MIO_M3,DE,2014-09,4753.000,,
ESTAT:NRG_CB_GASM(1.0),08/09/26 23:00:00,M,IC_CAL_MG,G3000,MIO_M3,DE,2014-10,6155.000,,
ESTAT:NRG_CB_GASM(1.0),08/09/26 23:00:00,M,IC_CAL_MG,G3000,MIO_M3,DE,2014-11,10010.000,,
ESTAT:NRG_CB_GASM(1.0),08/09/26 23:00:00,M,IC_CAL_MG,G3000,MIO_M3,DE,2014-12,10196.000,,
ESTAT:NRG_CB_GASM(1.0),08/09/26 23:00:00,M,IC_CAL_MG,G3000,MIO_M3,DE,2015-01,10210.000,,
ESTAT:NRG_CB_GASM(1.0),08/09/26 23:00:00,M,IC_CAL_MG,G3000,MIO_M3,DE,2015-02,9880.000,,
ESTAT:NRG_CB_GASM(1.0),08/09/26 23:00:00,M,IC_CAL_MG,G3000,MIO_M3,DE,2015-03,8408.000,,
ESTAT:NRG_CB_GASM(1.0),08/09/26 23:00:00,M,IC_CAL_MG,G3000,MIO_M3,DE,2015-04,6705.000,,
ESTAT:NRG_CB_GASM(1.0),08/09/26 23:00:00,M,IC_CAL_MG,G3000,MIO_M3,DE,2015-05,5131.000,,
ESTAT:NRG_CB_GASM(1.0),08/09/26 23:00:00,M,IC_CAL_MG,G3000,MIO_M3,DE,2015-06,4621.000,,
ESTAT:NRG_CB_GASM(1.0),08/09/26 23:00:00,M,IC_CAL_MG,G3000,MIO_M3,DE,2015-07,4187.000,,
ESTAT:NRG_CB_GASM(1.0),08/09/26 23:00:00,M,IC_CAL_MG,G3000,MIO_M3,DE,2015-08,3899.000,,
ESTAT:NRG_CB_GASM(1.0),08/09/26 23:00:00,M,IC_CAL_MG,G3000,MIO_M3,DE,2015-09,4731.000,,
ESTAT:NRG_CB_GASM(1.0),08/09/26 23:00:00,M,IC_CAL_MG,G3000,MIO_M3,DE,2015-10,7294.000,,
ESTAT:NRG_CB_GASM(1.0),08/09/26 23:00:00,M,IC_CAL_MG,G3000,MIO_M3,DE,2015-11,7631.000,,
ESTAT:NRG_CB_GASM(1.0),08/09/26 23:00:00,M,IC_CAL_MG,G3000,MIO_M3,DE,2015-12,8595.000,,
ESTAT:NRG_CB_GASM(1.0),08/09/26 23:00:00,M,IC_CAL_MG,G3000,MIO_M3,DE,2016-01,12853.000,,
ESTAT:NRG_CB_GASM(1.0),08/09/26 23:00:00,M,IC_CAL_MG,G3000,MIO_M3,DE,2016-02,9906.000,,
ESTAT:NRG_CB_GASM(1.0),08/09/26 23:00:00,M,IC_CAL_MG,G3000,MIO_M3,DE,2016-03,9472.000,,
ESTAT:NRG_CB_GASM(1.0),08/09/26 23:00:00,M,IC_CAL_MG,G3000,MIO_M3,DE,2016-04,5865.000,,
ESTAT:NRG_CB_GASM(1.0),08/09/26 23:00:00,M,IC_CAL_MG,G3000,MIO_M3,DE,2016-05,5339.000,,
ESTAT:NRG_CB_GASM(1.0),08/09/26 23:00:00,M,IC_CAL_MG,G3000,MIO_M3,DE,2016-06,4037.000,,
ESTAT:NRG_CB_GASM(1.0),08/09/26 23:00:00,M,IC_CAL_MG,G3000,MIO_M3,DE,2016-07,4389.000,,
ESTAT:NRG_CB_GASM(1.0),08/09/26 23:00:00,M,IC_CAL_MG,G3000,MIO_M3,DE,2016-08,4395.000,,
ESTAT:NRG_CB_GASM(1.0),08/09/26 23:00:00,M,IC_CAL_MG,G3000,MIO_M3,DE,2016-09,4365.000,,
ESTAT:NRG_CB_GASM(1.0),08/09/26 23:00:00,M,IC_CAL_MG,G3000,MIO_M3,DE,2016-10,7189.000,,
ESTAT:NRG_CB_GASM(1.0),08/09/26 23:00:00,M,IC_CAL_MG,G3000,MIO_M3,DE,2016-11,10116.000,,
ESTAT:NRG_CB_GASM(1.0),08/09/26 23:00:00,M,IC_CAL_MG,G3000,MIO_M3,DE,2016-12,11207.000,,
ESTAT:NRG_CB_GASM(1.0),08/09/26 23:00:00,M,IC_CAL_MG,G3000,MIO_M3,DE,2017-01,13392.000,,
ESTAT:NRG_CB_GASM(1.0),08/09/26 23:00:00,M,IC_CAL_MG,G3000,MIO_M3,DE,2017-02,9227.000,,
ESTAT:NRG_CB_GASM(1.0),08/09/26 23:00:00,M,IC_CAL_MG,G3000,MIO_M3,DE,2017-03,8176.000,,
ESTAT:NRG_CB_GASM(1.0),08/09/26 23:00:00,M,IC_CAL_MG,G3000,MIO_M3,DE,2017-04,7677.000,,
ESTAT:NRG_CB_GASM(1.0),08/09/26 23:00:00,M,IC_CAL_MG,G3000,MIO_M3,DE,2017-05,6099.000,,
ESTAT:NRG_CB_GASM(1.0),08/09/26 23:00:00,M,IC_CAL_MG,G3000,MIO_M3,DE,2017-06,4917.000,,
ESTAT:NRG_CB_GASM(1.0),08/09/26 23:00:00,M,IC_CAL_MG,G3000,MIO_M3,DE,2017-07,5434.000,,
ESTAT:NRG_CB_GASM(1.0),08/09/26 23:00:00,M,IC_CAL_MG,G3000,MIO_M3,DE,2017-08,4565.000,,
ESTAT:NRG_CB_GASM(1.0),08/09/26 23:00:00,M,IC_CAL_MG,G3000,MIO_M3,DE,2017-09,5632.000,,
ESTAT:NRG_CB_GASM(1.0),08/09/26 23:00:00,M,IC_CAL_MG,G3000,MIO_M3,DE,2017-10,6691.000,,
ESTAT:NRG_CB_GASM(1.0),08/09/26 23:00:00,M,IC_CAL_MG,G3000,MIO_M3,DE,2017-11,10035.000,,
ESTAT:NRG_CB_GASM(1.0),08/09/26 23:00:00,M,IC_CAL_MG,G3000,MIO_M3,DE,2017-12,10628.000,,
ESTAT:NRG_CB_GASM(1.0),08/09/26 23:00:00,M,IC_CAL_MG,G3000,MIO_M3,DE,2018-01,10138.000,,
ESTAT:NRG_CB_GASM(1.0),08/09/26 23:00:00,M,IC_CAL_MG,G3000,MIO_M3,DE,2018-02,11431.000,,
ESTAT:NRG_CB_GASM(1.0),08/09/26 23:00:00,M,IC_CAL_MG,G3000,MIO_M3,DE,2018-03,10405.000,,
ESTAT:NRG_CB_GASM(1.0),08/09/26 23:00:00,M,IC_CAL_MG,G3000,MIO_M3,DE,2018-04,6032.000,,
ESTAT:NRG_CB_GASM(1.0),08/09/26 23:00:00,M,IC_CAL_MG,G3000,MIO_M3,DE,2018-05,4751.000,,
ESTAT:NRG_CB_GASM(1.0),08/09/26 23:00:00,M,IC_CAL_MG,G3000,MIO_M3,DE,2018-06,4793.000,,
ESTAT:NRG_CB_GASM(1.0),08/09/26 23:00:00,M,IC_CAL_MG,G3000,MIO_M3,DE,2018-07,4215.000,,
ESTAT:NRG_CB_GASM(1.0),08/09/26 23:00:00,M,IC_CAL_MG,G3000,MIO_M3,DE,2018-08,4441.000,,
ESTAT:NRG_CB_GASM(1.0),08/09/26 23:00:00,M,IC_CAL_MG,G3000,MIO_M3,DE,2018-09,4789.000,,
ESTAT:NRG_CB_GASM(1.0),08/09/26 23:00:00,M,IC_CAL_MG,G3000,MIO_M3,DE,2018-10,7017.000,,
ESTAT:NRG_CB_GASM(1.0),08/09/26 23:00:00,M,IC_CAL_MG,G3000,MIO_M3,DE,2018-11,9739.000,,
ESTAT:NRG_CB_GASM(1.0),08/09/26 23:00:00,M,IC_CAL_MG,G3000,MIO_M3,DE,2018-12,7586.000,,
ESTAT:NRG_CB_GASM(1.0),08/09/26 23:00:00,M,IC_CAL_MG,G3000,MIO_M3,DE,2019-01,12995.000,,
ESTAT:NRG_CB_GASM(1.0),08/09/26 23:00:00,M,IC_CAL_MG,G3000,MIO_M3,DE,2019-02,10669.000,,
ESTAT:NRG_CB_GASM(1.0),08/09/26 23:00:00,M,IC_CAL_MG,G3000,MIO_M3,DE,2019-03,9450.000,,
ESTAT:NRG_CB_GASM(1.0),08/09/26 23:00:00,M,IC_CAL_MG,G3000,MIO_M3,DE,2019-04,6512.000,,
ESTAT:NRG_CB_GASM(1.0),08/09/26 23:00:00,M,IC_CAL_MG,G3000,MIO_M3,DE,2019-05,6111.000,,
ESTAT:NRG_CB_GASM(1.0),08/09/26 23:00:00,M,IC_CAL_MG,G3000,MIO_M3,DE,2019-06,3639.000,,
ESTAT:NRG_CB_GASM(1.0),08/09/26 23:00:00,M,IC_CAL_MG,G3000,MIO_M3,DE,2019-07,5287.000,,
ESTAT:NRG_CB_GASM(1.0),08/09/26 23:00:00,M,IC_CAL_MG,G3000,MIO_M3,DE,2019-08,4040.000,,
ESTAT:NRG_CB_GASM(1.0),08/09/26 23:00:00,M,IC_CAL_MG,G3000,MIO_M3,DE,2019-09,5220.000,,
ESTAT:NRG_CB_GASM(1.0),08/09/26 23:00:00,M,IC_CAL_MG,G3000,MIO_M3,DE,2019-10,7260.000,,
ESTAT:NRG_CB_GASM(1.0),08/09/26 23:00:00,M,IC_CAL_MG,G3000,MIO_M3,DE,2019-11,9827.000,,
ESTAT:NRG_CB_GASM(1.0),08/09/26 23:00:00,M,IC_CAL_MG,G3000,MIO_M3,DE,2019-12,10782.000,,
ESTAT:NRG_CB_GASM(1.0),08/09/26 23:00:00,M,IC_CAL_MG,G3000,MIO_M3,DE,2020-01,11635.709,,
ESTAT:NRG_CB_GASM(1.0),08/09/26 23:00:00,M,IC_CAL_MG,G3000,MIO_M3,DE,2020-02,9593.787,,
ESTAT:NRG_CB_GASM(1.0),08/09/26 23:00:00,M,IC_CAL_MG,G3000,MIO_M3,DE,2020-03,9889.998,,
ESTAT:NRG_CB_GASM(1.0),08/09/26 23:00:00,M,IC_CAL_MG,G3000,MIO_M3,DE,2020-04,5393.000,,
ESTAT:NRG_CB_GASM(1.0),08/09/26 23:00:00,M,IC_CAL_MG,G3000,MIO_M3,DE,2020-05,5529.806,,
ESTAT:NRG_CB_GASM(1.0),08/09/26 23:00:00,M,IC_CAL_MG,G3000,MIO_M3,DE,2020-06,4529.803,,
ESTAT:NRG_CB_GASM(1.0),08/09/26 23:00:00,M,IC_CAL_MG,G3000,MIO_M3,DE,2020-07,4388.111,,
ESTAT:NRG_CB_GASM(1.0),08/09/26 23:00:00,M,IC_CAL_MG,G3000,MIO_M3,DE,2020-08,4287.749,,
ESTAT:NRG_CB_GASM(1.0),08/09/26 23:00:00,M,IC_CAL_MG,G3000,MIO_M3,DE,2020-09,5143.642,,
ESTAT:NRG_CB_GASM(1.0),08/09/26 23:00:00,M,IC_CAL_MG,G3000,MIO_M3,DE,2020-10,7533.737,,
ESTAT:NRG_CB_GASM(1.0),08/09/26 23:00:00,M,IC_CAL_MG,G3000,MIO_M3,DE,2020-11,9757.998,,
ESTAT:NRG_CB_GASM(1.0),08/09/26 23:00:00,M,IC_CAL_MG,G3000,MIO_M3,DE,2020-12,11606.609,,
ESTAT:NRG_CB_GASM(1.0),08/09/26 23:00:00,M,IC_CAL_MG,G3000,MIO_M3,DE,2021-01,13130.666,,
ESTAT:NRG_CB_GASM(1.0),08/09/26 23:00:00,M,IC_CAL_MG,G3000,MIO_M3,DE,2021-02,11238.430,,
ESTAT:NRG_CB_GASM(1.0),08/09/26 23:00:00,M,IC_CAL_MG,G3000,MIO_M3,DE,2021-03,10149.760,,
ESTAT:NRG_CB_GASM(1.0),08/09/26 23:00:00,M,IC_CAL_MG,G3000,MIO_M3,DE,2021-04,8456.133,,
ESTAT:NRG_CB_GASM(1.0),08/09/26 23:00:00,M,IC_CAL_MG,G3000,MIO_M3,DE,2021-05,6311.638,,
ESTAT:NRG_CB_GASM(1.0),08/09/26 23:00:00,M,IC_CAL_MG,G3000,MIO_M3,DE,2021-06,4273.432,,
ESTAT:NRG_CB_GASM(1.0),08/09/26 23:00:00,M,IC_CAL_MG,G3000,MIO_M3,DE,2021-07,3741.781,,
ESTAT:NRG_CB_GASM(1.0),08/09/26 23:00:00,M,IC_CAL_MG,G3000,MIO_M3,DE,2021-08,3596.963,,
ESTAT:NRG_CB_GASM(1.0),08/09/26 23:00:00,M,IC_CAL_MG,G3000,MIO_M3,DE,2021-09,4193.666,,
ESTAT:NRG_CB_GASM(1.0),08/09/26 23:00:00,M,IC_CAL_MG,G3000,MIO_M3,DE,2021-10,6774.846,,
ESTAT:NRG_CB_GASM(1.0),08/09/26 23:00:00,M,IC_CAL_MG,G3000,MIO_M3,DE,2021-11,10146.488,,
ESTAT:NRG_CB_GASM(1.0),08/09/26 23:00:00,M,IC_CAL_MG,G3000,MIO_M3,DE,2021-12,11612.877,,
ESTAT:NRG_CB_GASM(1.0),08/09/26 23:00:00,M,IC_CAL_MG,G3000,MIO_M3,DE,2022-01,12107.641,,
ESTAT:NRG_CB_GASM(1.0),08/09/26 23:00:00,M,IC_CAL_MG,G3000,MIO_M3,DE,2022-02,9883.820,,
ESTAT:NRG_CB_GASM(1.0),08/09/26 23:00:00,M,IC_CAL_MG,G3000,MIO_M3,DE,2022-03,9444.382,,
ESTAT:NRG_CB_GASM(1.0),08/09/26 23:00:00,M,IC_CAL_MG,G3000,MIO_M3,DE,2022-04,6966.618,,
ESTAT:NRG_CB_GASM(1.0),08/09/26 23:00:00,M,IC_CAL_MG,G3000,MIO_M3,DE,2022-05,4325.020,,
ESTAT:NRG_CB_GASM(1.0),08/09/26 23:00:00,M,IC_CAL_MG,G3000,MIO_M3,DE,2022-06,3491.114,,
ESTAT:NRG_CB_GASM(1.0),08/09/26 23:00:00,M,IC_CAL_MG,G3000,MIO_M3,DE,2022-07,3679.419,,
ESTAT:NRG_CB_GASM(1.0),08/09/26 23:00:00,M,IC_CAL_MG,G3000,MIO_M3,DE,2022-08,3017.858,,
ESTAT:NRG_CB_GASM(1.0),08/09/26 23:00:00,M,IC_CAL_MG,G3000,MIO_M3,DE,2022-09,4260.761,,
ESTAT:NRG_CB_GASM(1.0),08/09/26 23:00:00,M,IC_CAL_MG,G3000,MIO_M3,DE,2022-10,5039.309,,
ESTAT:NRG_CB_GASM(1.0),08/09/26 23:00:00,M,IC_CAL_MG,G3000,MIO_M3,DE,2022-11,7100.690,,
ESTAT:NRG_CB_GASM(1.0),08/09/26 23:00:00,M,IC_CAL_MG,G3000,MIO_M3,DE,2022-12,9942.489,,
ESTAT:NRG_CB_GASM(1.0),08/09/26 23:00:00,M,IC_CAL_MG,G3000,MIO_M3,DE,2023-01,11338.309,,
ESTAT:NRG_CB_GASM(1.0),08/09/26 23:00:00,M,IC_CAL_MG,G3000,MIO_M3,DE,2023-02,8974.879,,
ESTAT:NRG_CB_GASM(1.0),08/09/26 23:00:00,M,IC_CAL_MG,G3000,MIO_M3,DE,2023-03,8442.917,,
ESTAT:NRG_CB_GASM(1.0),08/09/26 23:00:00,M,IC_CAL_MG,G3000,MIO_M3,DE,2023-04,6463.027,,
ESTAT:NRG_CB_GASM(1.0),08/09/26 23:00:00,M,IC_CAL_MG,G3000,MIO_M3,DE,2023-05,4445.945,,
ESTAT:NRG_CB_GASM(1.0),08/09/26 23:00:00,M,IC_CAL_MG,G3000,MIO_M3,DE,2023-06,3357.473,,
ESTAT:NRG_CB_GASM(1.0),08/09/26 23:00:00,M,IC_CAL_MG,G3000,MIO_M3,DE,2023-07,3329.633,,
ESTAT:NRG_CB_GASM(1.0),08/09/26 23:00:00,M,IC_CAL_MG,G3000,MIO_M3,DE,2023-08,3342.161,,
ESTAT:NRG_CB_GASM(1.0),08/09/26 23:00:00,M,IC_CAL_MG,G3000,MIO_M3,DE,2023-09,3601.035,,
ESTAT:NRG_CB_GASM(1.0),08/09/26 23:00:00,M,IC_CAL_MG,G3000,MIO_M3,DE,2023-10,5089.803,,
ESTAT:NRG_CB_GASM(1.0),08/09/26 23:00:00,M,IC_CAL_MG,G3000,MIO_M3,DE,2023-11,8277.881,,
ESTAT:NRG_CB_GASM(1.0),08/09/26 23:00:00,M,IC_CAL_MG,G3000,MIO_M3,DE,2023-12,9551.108,,
ESTAT:NRG_CB_GASM(1.0),08/09/26 23:00:00,M,IC_CAL_MG,G3000,MIO_M3,DE,2024-01,11489.879,,
ESTAT:NRG_CB_GASM(1.0),08/09/26 23:00:00,M,IC_CAL_MG,G3000,MIO_M3,DE,2024-02,8078.875,,
ESTAT:NRG_CB_GASM(1.0),08/09/26 23:00:00,M,IC_CAL_MG,G3000,MIO_M3,DE,2024-03,7638.392,,
ESTAT:NRG_CB_GASM(1.0),08/09/26 23:00:00,M,IC_CAL_MG,G3000,MIO_M3,DE,2024-04,6130.830,,
ESTAT:NRG_CB_GASM(1.0),08/09/26 23:00:00,M,IC_CAL_MG,G3000,MIO_M3,DE,2024-05,4251.241,,
ESTAT:NRG_CB_GASM(1.0),08/09/26 23:00:00,M,IC_CAL_MG,G3000,MIO_M3,DE,2024-06,3739.000,,
ESTAT:NRG_CB_GASM(1.0),08/09/26 23:00:00,M,IC_CAL_MG,G3000,MIO_M3,DE,2024-07,3508.439,,
ESTAT:NRG_CB_GASM(1.0),08/09/26 23:00:00,M,IC_CAL_MG,G3000,MIO_M3,DE,2024-08,3416.856,,
ESTAT:NRG_CB_GASM(1.0),08/09/26 23:00:00,M,IC_CAL_MG,G3000,MIO_M3,DE,2024-09,4035.568,,
ESTAT:NRG_CB_GASM(1.0),08/09/26 23:00:00,M,IC_CAL_MG,G3000,MIO_M3,DE,2024-10,5334.185,,
ESTAT:NRG_CB_GASM(1.0),08/09/26 23:00:00,M,IC_CAL_MG,G3000,MIO_M3,DE,2024-11,9147.129,,
ESTAT:NRG_CB_GASM(1.0),08/09/26 23:00:00,M,IC_CAL_MG,G3000,MIO_M3,DE,2024-12,10864.500,,
ESTAT:NRG_CB_GASM(1.0),08/09/26 23:00:00,M,IC_CAL_MG,G3000,MIO_M3,DE,2025-01,11411.316,,
ESTAT:NRG_CB_GASM(1.0),08/09/26 23:00:00,M,IC_CAL_MG,G3000,MIO_M3,DE,2025-02,10823.921,,
ESTAT:NRG_CB_GASM(1.0),08/09/26 23:00:00,M,IC_CAL_MG,G3000,MIO_M3,DE,2025-03,8215.523,,
ESTAT:NRG_CB_GASM(1.0),08/09/26 23:00:00,M,IC_CAL_MG,G3000,MIO_M3,DE,2025-04,5503.277,,
ESTAT:NRG_CB_GASM(1.0),08/09/26 23:00:00,M,IC_CAL_MG,G3000,MIO_M3,DE,2025-05,4442.416,,
ESTAT:NRG_CB_GASM(1.0),08/09/26 23:00:00,M,IC_CAL_MG,G3000,MIO_M3,DE,2025-06,3203.834,,
ESTAT:NRG_CB_GASM(1.0),08/09/26 23:00:00,M,IC_CAL_MG,G3000,MIO_M3,DE,2025-07,3288.644,,
ESTAT:NRG_CB_GASM(1.0),08/09/26 23:00:00,M,IC_CAL_MG,G3000,MIO_M3,DE,2025-08,3260.532,,
ESTAT:NRG_CB_GASM(1.0),08/09/26 23:00:00,M,IC_CAL_MG,G3000,MIO_M3,DE,2025-09,3710.577,,
ESTAT:NRG_CB_GASM(1.0),08/09/26 23:00:00,M,IC_CAL_MG,G3000,MIO_M3,DE,2025-10,6696.416,,
ESTAT:NRG_CB_GASM(1.0),08/09/26 23:00:00,M,IC_CAL_MG,G3000,MIO_M3,DE,2025-11,9072.258,,
ESTAT:NRG_CB_GASM(1.0),08/09/26 23:00:00,M,IC_CAL_MG,G3000,MIO_M3,DE,2025-12,10592.452,,
ESTAT:NRG_CB_GASM(1.0),08/09/26 23:00:00,M,IC_CAL_MG,G3000,MIO_M3,DE,2026-01,12848.756,,
ESTAT:NRG_CB_GASM(1.0),08/09/26 23:00:00,M,IC_CAL_MG,G3000,MIO_M3,DE,2026-02,9828.986,,
ESTAT:NRG_CB_GASM(1.0),08/09/26 23:00:00,M,IC_CAL_MG,G3000,MIO_M3,DE,2026-03,7613.839,,
ESTAT:NRG_CB_GASM(1.0),08/09/26 23:00:00,M,IC_CAL_MG,G3000,MIO_M3,DE,2026-04,5935.944,,
ESTAT:NRG_CB_GASM(1.0),08/09/26 23:00:00,M,IC_CAL_MG,G3000,MIO_M3,DE,2026-05,4544.861,,
ESTAT:NRG_CB_GASM(1.0),08/09/26 23:00:00,M,IC_CAL_MG,G3000,MIO_M3,DE,2026-06,3431.609,,
ESTAT:NRG_CB_GASM(1.0),08/09/26 23:00:00,M,IC_CAL_MG,G3000,TJ_GCV,DE,2008-01,404572.000,,
ESTAT:NRG_CB_GASM(1.0),08/09/26 23:00:00,M,IC_CAL_MG,G3000,TJ_GCV,DE,2008-02,337862.000,,
ESTAT:NRG_CB_GASM(1.0),08/09/26 23:00:00,M,IC_CAL_MG,G3000,TJ_GCV,DE,2008-03,388146.000,,
ESTAT:NRG_CB_GASM(1.0),08/09/26 23:00:00,M,IC_CAL_MG,G3000,TJ_GCV,DE,2008-04,315796.000,,
ESTAT:NRG_CB_GASM(1.0),08/09/26 23:00:00,M,IC_CAL_MG,G3000,TJ_GCV,DE,2008-05,234408.000,,
ESTAT:NRG_CB_GASM(1.0),08/09/26 23:00:00,M,IC_CAL_MG,G3000,TJ_GCV,DE,2008-06,211481.000,,
ESTAT:NRG_CB_GASM(1.0),08/09/26 23:00:00,M,IC_CAL_MG,G3000,TJ_GCV,DE,2008-07,197662.000,,
ESTAT:NRG_CB_GASM(1.0),08/09/26 23:00:00,M,IC_CAL_MG,G3000,TJ_GCV,DE,2008-08,194556.000,,
ESTAT:NRG_CB_GASM(1.0),08/09/26 23:00:00,M,IC_CAL_MG,G3000,TJ_GCV,DE,2008-09,254304.000,,
ESTAT:NRG_CB_GASM(1.0),08/09/26 23:00:00,M,IC_CAL_MG,G3000,TJ_GCV,DE,2008-10,302844.000,,
ESTAT:NRG_CB_GASM(1.0),08/09/26 23:00:00,M,IC_CAL_MG,G3000,TJ_GCV,DE,2008-11,353101.000,,
ESTAT:NRG_CB_GASM(1.0),08/09/26 23:00:00,M,IC_CAL_MG,G3000,TJ_GCV,DE,2008-12,385763.000,,
ESTAT:NRG_CB_GASM(1.0),08/09/26 23:00:00,M,IC_CAL_MG,G3000,TJ_GCV,DE,2009-01,425855.000,,
ESTAT:NRG_CB_GASM(1.0),08/09/26 23:00:00,M,IC_CAL_MG,G3000,TJ_GCV,DE,2009-02,373517.000,,
ESTAT:NRG_CB_GASM(1.0),08/09/26 23:00:00,M,IC_CAL_MG,G3000,TJ_GCV,DE,2009-03,335633.000,,
ESTAT:NRG_CB_GASM(1.0),08/09/26 23:00:00,M,IC_CAL_MG,G3000,TJ_GCV,DE,2009-04,238776.000,,
ESTAT:NRG_CB_GASM(1.0),08/09/26 23:00:00,M,IC_CAL_MG,G3000,TJ_GCV,DE,2009-05,208220.000,,
ESTAT:NRG_CB_GASM(1.0),08/09/26 23:00:00,M,IC_CAL_MG,G3000,TJ_GCV,DE,2009-06,214646.000,,
ESTAT:NRG_CB_GASM(1.0),08/09/26 23:00:00,M,IC_CAL_MG,G3000,TJ_GCV,DE,2009-07,228795.000,,
ESTAT:NRG_CB_GASM(1.0),08/09/26 23:00:00,M,IC_CAL_MG,G3000,TJ_GCV,DE,2009-08,219981.000,,
ESTAT:NRG_CB_GASM(1.0),08/09/26 23:00:00,M,IC_CAL_MG,G3000,TJ_GCV,DE,2009-09,229444.000,,
ESTAT:NRG_CB_GASM(1.0),08/09/26 23:00:00,M,IC_CAL_MG,G3000,TJ_GCV,DE,2009-10,310707.000,,
ESTAT:NRG_CB_GASM(1.0),08/09/26 23:00:00,M,IC_CAL_MG,G3000,TJ_GCV,DE,2009-11,333824.000,,
ESTAT:NRG_CB_GASM(1.0),08/09/26 23:00:00,M,IC_CAL_MG,G3000,TJ_GCV,DE,2009-12,435796.000,,
ESTAT:NRG_CB_GASM(1.0),08/09/26 23:00:00,M,IC_CAL_MG,G3000,TJ_GCV,DE,2010-01,490862.000,,
ESTAT:NRG_CB_GASM(1.0),08/09/26 23:00:00,M,IC_CAL_MG,G3000,TJ_GCV,DE,2010-02,417185.000,,
ESTAT:NRG_CB_GASM(1.0),08/09/26 23:00:00,M,IC_CAL_MG,G3000,TJ_GCV,DE,2010-03,385814.000,,
ESTAT:NRG_CB_GASM(1.0),08/09/26 23:00:00,M,IC_CAL_MG,G3000,TJ_GCV,DE,2010-04,294184.000,,
ESTAT:NRG_CB_GASM(1.0),08/09/26 23:00:00,M,IC_CAL_MG,G3000,TJ_GCV,DE,2010-05,281813.000,,
ESTAT:NRG_CB_GASM(1.0),08/09/26 23:00:00,M,IC_CAL_MG,G3000,TJ_GCV,DE,2010-06,186698.000,,
ESTAT:NRG_CB_GASM(1.0),08/09/26 23:00:00,M,IC_CAL_MG,G3000,TJ_GCV,DE,2010-07,191004.000,,
ESTAT:NRG_CB_GASM(1.0),08/09/26 23:00:00,M,IC_CAL_MG,G3000,TJ_GCV,DE,2010-08,141205.000,,
ESTAT:NRG_CB_GASM(1.0),08/09/26 23:00:00,M,IC_CAL_MG,G3000,TJ_GCV,DE,2010-09,189169.000,,
ESTAT:NRG_CB_GASM(1.0),08/09/26 23:00:00,M,IC_CAL_MG,G3000,TJ_GCV,DE,2010-10,295657.000,,
ESTAT:NRG_CB_GASM(1.0),08/09/26 23:00:00,M,IC_CAL_MG,G3000,TJ_GCV,DE,2010-11,343020.000,,
ESTAT:NRG_CB_GASM(1.0),08/09/26 23:00:00,M,IC_CAL_MG,G3000,TJ_GCV,DE,2010-12,489989.000,,
ESTAT:NRG_CB_GASM(1.0),08/09/26 23:00:00,M,IC_CAL_MG,G3000,TJ_GCV,DE,2011-01,447497.000,,
ESTAT:NRG_CB_GASM(1.0),08/09/26 23:00:00,M,IC_CAL_MG,G3000,TJ_GCV,DE,2011-02,402837.000,,
ESTAT:NRG_CB_GASM(1.0),08/09/26 23:00:00,M,IC_CAL_MG,G3000,TJ_GCV,DE,2011-03,339119.000,,
ESTAT:NRG_CB_GASM(1.0),08/09/26 23:00:00,M,IC_CAL_MG,G3000,TJ_GCV,DE,2011-04,233052.000,,
ESTAT:NRG_CB_GASM(1.0),08/09/26 23:00:00,M,IC_CAL_MG,G3000,TJ_GCV,DE,2011-05,208920.000,,
ESTAT:NRG_CB_GASM(1.0),08/09/26 23:00:00,M,IC_CAL_MG,G3000,TJ_GCV,DE,2011-06,181088.000,,
ESTAT:NRG_CB_GASM(1.0),08/09/26 23:00:00,M,IC_CAL_MG,G3000,TJ_GCV,DE,2011-07,145204.000,,
ESTAT:NRG_CB_GASM(1.0),08/09/26 23:00:00,M,IC_CAL_MG,G3000,TJ_GCV,DE,2011-08,131969.000,,
ESTAT:NRG_CB_GASM(1.0),08/09/26 23:00:00,M,IC_CAL_MG,G3000,TJ_GCV,DE,2011-09,134472.000,,
ESTAT:NRG_CB_GASM(1.0),08/09/26 23:00:00,M,IC_CAL_MG,G3000,TJ_GCV,DE,2011-10,215499.000,,
ESTAT:NRG_CB_GASM(1.0),08/09/26 23:00:00,M,IC_CAL_MG,G3000,TJ_GCV,DE,2011-11,301691.000,,
ESTAT:NRG_CB_GASM(1.0),08/09/26 23:00:00,M,IC_CAL_MG,G3000,TJ_GCV,DE,2011-12,366470.000,,
ESTAT:NRG_CB_GASM(1.0),08/09/26 23:00:00,M,IC_CAL_MG,G3000,TJ_GCV,DE,2012-01,384296.000,,
ESTAT:NRG_CB_GASM(1.0),08/09/26 23:00:00,M,IC_CAL_MG,G3000,TJ_GCV,DE,2012-02,440985.000,,
ESTAT:NRG_CB_GASM(1.0),08/09/26 23:00:00,M,IC_CAL_MG,G3000,TJ_GCV,DE,2012-03,271178.000,,
ESTAT:NRG_CB_GASM(1.0),08/09/26 23:00:00,M,IC_CAL_MG,G3000,TJ_GCV,DE,2012-04,281278.000,,
ESTAT:NRG_CB_GASM(1.0),08/09/26 23:00:00,M,IC_CAL_MG,G3000,TJ_GCV,DE,2012-05,179997.000,,
ESTAT:NRG_CB_GASM(1.0),08/09/26 23:00:00,M,IC_CAL_MG,G3000,TJ_GCV,DE,2012-06,147278.000,,
ESTAT:NRG_CB_GASM(1.0),08/09/26 23:00:00,M,IC_CAL_MG,G3000,TJ_GCV,DE,2012-07,154293.000,,
ESTAT:NRG_CB_GASM(1.0),08/09/26 23:00:00,M,IC_CAL_MG,G3000,TJ_GCV,DE,2012-08,126201.000,,
ESTAT:NRG_CB_GASM(1.0),08/09/26 23:00:00,M,IC_CAL_MG,G3000,TJ_GCV,DE,2012-09,194040.000,,
ESTAT:NRG_CB_GASM(1.0),08/09/26 23:00:00,M,IC_CAL_MG,G3000,TJ_GCV,DE,2012-10,246379.000,,
ESTAT:NRG_CB_GASM(1.0),08/09/26 23:00:00,M,IC_CAL_MG,G3000,TJ_GCV,DE,2012-11,302040.000,p,
ESTAT:NRG_CB_GASM(1.0),08/09/26 23:00:00,M,IC_CAL_MG,G3000,TJ_GCV,DE,2012-12,399755.000,,
ESTAT:NRG_CB_GASM(1.0),08/09/26 23:00:00,M,IC_CAL_MG,G3000,TJ_GCV,DE,2013-01,419776.000,,
ESTAT:NRG_CB_GASM(1.0),08/09/26 23:00:00,M,IC_CAL_MG,G3000,TJ_GCV,DE,2013-02,401311.000,,
ESTAT:NRG_CB_GASM(1.0),08/09/26 23:00:00,M,IC_CAL_MG,G3000,TJ_GCV,DE,2013-03,489667.000,,
ESTAT:NRG_CB_GASM(1.0),08/09/26 23:00:00,M,IC_CAL_MG,G3000,TJ_GCV,DE,2013-04,305634.000,,
ESTAT:NRG_CB_GASM(1.0),08/09/26 23:00:00,M,IC_CAL_MG,G3000,TJ_GCV,DE,2013-05,203814.000,,
ESTAT:NRG_CB_GASM(1.0),08/09/26 23:00:00,M,IC_CAL_MG,G3000,TJ_GCV,DE,2013-06,173574.000,,
ESTAT:NRG_CB_GASM(1.0),08/09/26 23:00:00,M,IC_CAL_MG,G3000,TJ_GCV,DE,2013-07,166126.000,,
ESTAT:NRG_CB_GASM(1.0),08/09/26 23:00:00,M,IC_CAL_MG,G3000,TJ_GCV,DE,2013-08,186775.000,,
ESTAT:NRG_CB_GASM(1.0),08/09/26 23:00:00,M,IC_CAL_MG,G3000,TJ_GCV,DE,2013-09,225635.000,,
ESTAT:NRG_CB_GASM(1.0),08/09/26 23:00:00,M,IC_CAL_MG,G3000,TJ_GCV,DE,2013-10,178595.000,,
ESTAT:NRG_CB_GASM(1.0),08/09/26 23:00:00,M,IC_CAL_MG,G3000,TJ_GCV,DE,2013-11,294064.000,,
ESTAT:NRG_CB_GASM(1.0),08/09/26 23:00:00,M,IC_CAL_MG,G3000,TJ_GCV,DE,2013-12,372241.000,,
ESTAT:NRG_CB_GASM(1.0),08/09/26 23:00:00,M,IC_CAL_MG,G3000,TJ_GCV,DE,2014-01,365603.000,,
ESTAT:NRG_CB_GASM(1.0),08/09/26 23:00:00,M,IC_CAL_MG,G3000,TJ_GCV,DE,2014-02,287135.000,,
ESTAT:NRG_CB_GASM(1.0),08/09/26 23:00:00,M,IC_CAL_MG,G3000,TJ_GCV,DE,2014-03,274871.000,,
ESTAT:NRG_CB_GASM(1.0),08/09/26 23:00:00,M,IC_CAL_MG,G3000,TJ_GCV,DE,2014-04,177495.000,,
ESTAT:NRG_CB_GASM(1.0),08/09/26 23:00:00,M,IC_CAL_MG,G3000,TJ_GCV,DE,2014-05,232800.000,,
ESTAT:NRG_CB_GASM(1.0),08/09/26 23:00:00,M,IC_CAL_MG,G3000,TJ_GCV,DE,2014-06,154019.000,,
ESTAT:NRG_CB_GASM(1.0),08/09/26 23:00:00,M,IC_CAL_MG,G3000,TJ_GCV,DE,2014-07,202094.000,,
ESTAT:NRG_CB_GASM(1.0),08/09/26 23:00:00,M,IC_CAL_MG,G3000,TJ_GCV,DE,2014-08,147935.000,,
ESTAT:NRG_CB_GASM(1.0),08/09/26 23:00:00,M,IC_CAL_MG,G3000,TJ_GCV,DE,2014-09,182066.000,,
ESTAT:NRG_CB_GASM(1.0),08/09/26 23:00:00,M,IC_CAL_MG,G3000,TJ_GCV,DE,2014-10,236929.000,,
ESTAT:NRG_CB_GASM(1.0),08/09/26 23:00:00,M,IC_CAL_MG,G3000,TJ_GCV,DE,2014-11,387129.000,,
ESTAT:NRG_CB_GASM(1.0),08/09/26 23:00:00,M,IC_CAL_MG,G3000,TJ_GCV,DE,2014-12,394329.000,,
ESTAT:NRG_CB_GASM(1.0),08/09/26 23:00:00,M,IC_CAL_MG,G3000,TJ_GCV,DE,2015-01,395002.000,,
ESTAT:NRG_CB_GASM(1.0),08/09/26 23:00:00,M,IC_CAL_MG,G3000,TJ_GCV,DE,2015-02,382376.000,,
ESTAT:NRG_CB_GASM(1.0),08/09/26 23:00:00,M,IC_CAL_MG,G3000,TJ_GCV,DE,2015-03,324995.000,,
ESTAT:NRG_CB_GASM(1.0),08/09/26 23:00:00,M,IC_CAL_MG,G3000,TJ_GCV,DE,2015-04,258517.000,,
ESTAT:NRG_CB_GASM(1.0),08/09/26 23:00:00,M,IC_CAL_MG,G3000,TJ_GCV,DE,2015-05,197059.000,,
ESTAT:NRG_CB_GASM(1.0),08/09/26 23:00:00,M,IC_CAL_MG,G3000,TJ_GCV,DE,2015-06,177375.000,,
ESTAT:NRG_CB_GASM(1.0),08/09/26 23:00:00,M,IC_CAL_MG,G3000,TJ_GCV,DE,2015-07,160509.000,,
ESTAT:NRG_CB_GASM(1.0),08/09/26 23:00:00,M,IC_CAL_MG,G3000,TJ_GCV,DE,2015-08,149313.000,,
ESTAT:NRG_CB_GASM(1.0),08/09/26 23:00:00,M,IC_CAL_MG,G3000,TJ_GCV,DE,2015-09,182669.000,,
ESTAT:NRG_CB_GASM(1.0),08/09/26 23:00:00,M,IC_CAL_MG,G3000,TJ_GCV,DE,2015-10,282195.000,,
ESTAT:NRG_CB_GASM(1.0),08/09/26 23:00:00,M,IC_CAL_MG,G3000,TJ_GCV,DE,2015-11,294997.000,,
ESTAT:NRG_CB_GASM(1.0),08/09/26 23:00:00,M,IC_CAL_MG,G3000,TJ_GCV,DE,2015-12,332528.000,,
ESTAT:NRG_CB_GASM(1.0),08/09/26 23:00:00,M,IC_CAL_MG,G3000,TJ_GCV,DE,2016-01,498436.000,,
ESTAT:NRG_CB_GASM(1.0),08/09/26 23:00:00,M,IC_CAL_MG,G3000,TJ_GCV,DE,2016-02,383767.000,,
ESTAT:NRG_CB_GASM(1.0),08/09/26 23:00:00,M,IC_CAL_MG,G3000,TJ_GCV,DE,2016-03,366822.000,,
ESTAT:NRG_CB_GASM(1.0),08/09/26 23:00:00,M,IC_CAL_MG,G3000,TJ_GCV,DE,2016-04,226451.000,,
ESTAT:NRG_CB_GASM(1.0),08/09/26 23:00:00,M,IC_CAL_MG,G3000,TJ_GCV,DE,2016-05,205603.000,,
ESTAT:NRG_CB_GASM(1.0),08/09/26 23:00:00,M,IC_CAL_MG,G3000,TJ_GCV,DE,2016-06,155054.000,,
ESTAT:NRG_CB_GASM(1.0),08/09/26 23:00:00,M,IC_CAL_MG,G3000,TJ_GCV,DE,2016-07,168733.000,,
ESTAT:NRG_CB_GASM(1.0),08/09/26 23:00:00,M,IC_CAL_MG,G3000,TJ_GCV,DE,2016-08,169051.000,,
ESTAT:NRG_CB_GASM(1.0),08/09/26 23:00:00,M,IC_CAL_MG,G3000,TJ_GCV,DE,2016-09,167901.000,,
ESTAT:NRG_CB_GASM(1.0),08/09/26 23:00:00,M,IC_CAL_MG,G3000,TJ_GCV,DE,2016-10,277853.000,,
ESTAT:NRG_CB_GASM(1.0),08/09/26 23:00:00,M,IC_CAL_MG,G3000,TJ_GCV,DE,2016-11,391985.000,,
ESTAT:NRG_CB_GASM(1.0),08/09/26 23:00:00,M,IC_CAL_MG,G3000,TJ_GCV,DE,2016-12,434444.000,,
ESTAT:NRG_CB_GASM(1.0),08/09/26 23:00:00,M,IC_CAL_MG,G3000,TJ_GCV,DE,2017-01,519716.000,,
ESTAT:NRG_CB_GASM(1.0),08/09/26 23:00:00,M,IC_CAL_MG,G3000,TJ_GCV,DE,2017-02,357555.000,,
ESTAT:NRG_CB_GASM(1.0),08/09/26 23:00:00,M,IC_CAL_MG,G3000,TJ_GCV,DE,2017-03,316373.000,,
ESTAT:NRG_CB_GASM(1.0),08/09/26 23:00:00,M,IC_CAL_MG,G3000,TJ_GCV,DE,2017-04,297078.000,,
ESTAT:NRG_CB_GASM(1.0),08/09/26 23:00:00,M,IC_CAL_MG,G3000,TJ_GCV,DE,2017-05,235669.000,,
ESTAT:NRG_CB_GASM(1.0),08/09/26 23:00:00,M,IC_CAL_MG,G3000,TJ_GCV,DE,2017-06,189571.000,,
ESTAT:NRG_CB_GASM(1.0),08/09/26 23:00:00,M,IC_CAL_MG,G3000,TJ_GCV,DE,2017-07,209615.000,,
ESTAT:NRG_CB_GASM(1.0),08/09/26 23:00:00,M,IC_CAL_MG,G3000,TJ_GCV,DE,2017-08,175851.000,,
ESTAT:NRG_CB_GASM(1.0),08/09/26 23:00:00,M,IC_CAL_MG,G3000,TJ_GCV,DE,2017-09,217608.000,,
ESTAT:NRG_CB_GASM(1.0),08/09/26 23:00:00,M,IC_CAL_MG,G3000,TJ_GCV,DE,2017-10,258708.000,,
ESTAT:NRG_CB_GASM(1.0),08/09/26 23:00:00,M,IC_CAL_MG,G3000,TJ_GCV,DE,2017-11,389140.000,,
ESTAT:NRG_CB_GASM(1.0),08/09/26 23:00:00,M,IC_CAL_MG,G3000,TJ_GCV,DE,2017-12,412145.000,,
ESTAT:NRG_CB_GASM(1.0),08/09/26 23:00:00,M,IC_CAL_MG,G3000,TJ_GCV,DE,2018-01,393173.000,,
ESTAT:NRG_CB_GASM(1.0),08/09/26 23:00:00,M,IC_CAL_MG,G3000,TJ_GCV,DE,2018-02,443711.000,,
ESTAT:NRG_CB_GASM(1.0),08/09/26 23:00:00,M,IC_CAL_MG,G3000,TJ_GCV,DE,2018-03,403635.000,,
ESTAT:NRG_CB_GASM(1.0),08/09/26 23:00:00,M,IC_CAL_MG,G3000,TJ_GCV,DE,2018-04,233164.000,,
ESTAT:NRG_CB_GASM(1.0),08/09/26 23:00:00,M,IC_CAL_MG,G3000,TJ_GCV,DE,2018-05,183515.000,,
ESTAT:NRG_CB_GASM(1.0),08/09/26 23:00:00,M,IC_CAL_MG,G3000,TJ_GCV,DE,2018-06,185236.000,,
ESTAT:NRG_CB_GASM(1.0),08/09/26 23:00:00,M,IC_CAL_MG,G3000,TJ_GCV,DE,2018-07,162639.000,,
ESTAT:NRG_CB_GASM(1.0),08/09/26 23:00:00,M,IC_CAL_MG,G3000,TJ_GCV,DE,2018-08,171330.000,,
ESTAT:NRG_CB_GASM(1.0),08/09/26 23:00:00,M,IC_CAL_MG,G3000,TJ_GCV,DE,2018-09,184760.000,,
ESTAT:NRG_CB_GASM(1.0),08/09/26 23:00:00,M,IC_CAL_MG,G3000,TJ_GCV,DE,2018-10,271537.000,,
ESTAT:NRG_CB_GASM(1.0),08/09/26 23:00:00,M,IC_CAL_MG,G3000,TJ_GCV,DE,2018-11,377703.000,,
ESTAT:NRG_CB_GASM(1.0),08/09/26 23:00:00,M,IC_CAL_MG,G3000,TJ_GCV,DE,2018-12,293728.000,,
ESTAT:NRG_CB_GASM(1.0),08/09/26 23:00:00,M,IC_CAL_MG,G3000,TJ_GCV,DE,2019-01,504760.000,,
ESTAT:NRG_CB_GASM(1.0),08/09/26 23:00:00,M,IC_CAL_MG,G3000,TJ_GCV,DE,2019-02,414260.000,,
ESTAT:NRG_CB_GASM(1.0),08/09/26 23:00:00,M,IC_CAL_MG,G3000,TJ_GCV,DE,2019-03,366613.000,,
ESTAT:NRG_CB_GASM(1.0),08/09/26 23:00:00,M,IC_CAL_MG,G3000,TJ_GCV,DE,2019-04,252143.000,,
ESTAT:NRG_CB_GASM(1.0),08/09/26 23:00:00,M,IC_CAL_MG,G3000,TJ_GCV,DE,2019-05,236526.000,,
ESTAT:NRG_CB_GASM(1.0),08/09/26 23:00:00,M,IC_CAL_MG,G3000,TJ_GCV,DE,2019-06,140071.000,,
ESTAT:NRG_CB_GASM(1.0),08/09/26 23:00:00,M,IC_CAL_MG,G3000,TJ_GCV,DE,2019-07,204396.000,,
ESTAT:NRG_CB_GASM(1.0),08/09/26 23:00:00,M,IC_CAL_MG,G3000,TJ_GCV,DE,2019-08,155910.000,,
ESTAT:NRG_CB_GASM(1.0),08/09/26 23:00:00,M,IC_CAL_MG,G3000,TJ_GCV,DE,2019-09,201958.000,,
ESTAT:NRG_CB_GASM(1.0),08/09/26 23:00:00,M,IC_CAL_MG,G3000,TJ_GCV,DE,2019-10,281278.000,,
ESTAT:NRG_CB_GASM(1.0),08/09/26 23:00:00,M,IC_CAL_MG,G3000,TJ_GCV,DE,2019-11,381500.000,,
ESTAT:NRG_CB_GASM(1.0),08/09/26 23:00:00,M,IC_CAL_MG,G3000,TJ_GCV,DE,2019-12,418814.000,,
ESTAT:NRG_CB_GASM(1.0),08/09/26 23:00:00,M,IC_CAL_MG,G3000,TJ_GCV,DE,2020-01,451983.809,,
ESTAT:NRG_CB_GASM(1.0),08/09/26 23:00:00,M,IC_CAL_MG,G3000,TJ_GCV,DE,2020-02,372478.541,,
ESTAT:NRG_CB_GASM(1.0),08/09/26 23:00:00,M,IC_CAL_MG,G3000,TJ_GCV,DE,2020-03,384070.053,,
ESTAT:NRG_CB_GASM(1.0),08/09/26 23:00:00,M,IC_CAL_MG,G3000,TJ_GCV,DE,2020-04,208649.219,,
ESTAT:NRG_CB_GASM(1.0),08/09/26 23:00:00,M,IC_CAL_MG,G3000,TJ_GCV,DE,2020-05,214003.514,,
ESTAT:NRG_CB_GASM(1.0),08/09/26 23:00:00,M,IC_CAL_MG,G3000,TJ_GCV,DE,2020-06,175073.499,,
ESTAT:NRG_CB_GASM(1.0),08/09/26 23:00:00,M,IC_CAL_MG,G3000,TJ_GCV,DE,2020-07,169474.961,,
ESTAT:NRG_CB_GASM(1.0),08/09/26 23:00:00,M,IC_CAL_MG,G3000,TJ_GCV,DE,2020-08,165691.050,,
ESTAT:NRG_CB_GASM(1.0),08/09/26 23:00:00,M,IC_CAL_MG,G3000,TJ_GCV,DE,2020-09,199544.679,,
ESTAT:NRG_CB_GASM(1.0),08/09/26 23:00:00,M,IC_CAL_MG,G3000,TJ_GCV,DE,2020-10,292777.124,,
ESTAT:NRG_CB_GASM(1.0),08/09/26 23:00:00,M,IC_CAL_MG,G3000,TJ_GCV,DE,2020-11,378961.642,,
ESTAT:NRG_CB_GASM(1.0),08/09/26 23:00:00,M,IC_CAL_MG,G3000,TJ_GCV,DE,2020-12,450930.333,,
ESTAT:NRG_CB_GASM(1.0),08/09/26 23:00:00,M,IC_CAL_MG,G3000,TJ_GCV,DE,2021-01,510342.749,,
ESTAT:NRG_CB_GASM(1.0),08/09/26 23:00:00,M,IC_CAL_MG,G3000,TJ_GCV,DE,2021-02,436843.734,,
ESTAT:NRG_CB_GASM(1.0),08/09/26 23:00:00,M,IC_CAL_MG,G3000,TJ_GCV,DE,2021-03,394234.487,,
ESTAT:NRG_CB_GASM(1.0),08/09/26 23:00:00,M,IC_CAL_MG,G3000,TJ_GCV,DE,2021-04,328581.915,,
ESTAT:NRG_CB_GASM(1.0),08/09/26 23:00:00,M,IC_CAL_MG,G3000,TJ_GCV,DE,2021-05,244592.372,,
ESTAT:NRG_CB_GASM(1.0),08/09/26 23:00:00,M,IC_CAL_MG,G3000,TJ_GCV,DE,2021-06,165253.175,,
ESTAT:NRG_CB_GASM(1.0),08/09/26 23:00:00,M,IC_CAL_MG,G3000,TJ_GCV,DE,2021-07,144361.001,,
ESTAT:NRG_CB_GASM(1.0),08/09/26 23:00:00,M,IC_CAL_MG,G3000,TJ_GCV,DE,2021-08,138761.595,,
ESTAT:NRG_CB_GASM(1.0),08/09/26 23:00:00,M,IC_CAL_MG,G3000,TJ_GCV,DE,2021-09,162093.729,,
ESTAT:NRG_CB_GASM(1.0),08/09/26 23:00:00,M,IC_CAL_MG,G3000,TJ_GCV,DE,2021-10,262640.740,,
ESTAT:NRG_CB_GASM(1.0),08/09/26 23:00:00,M,IC_CAL_MG,G3000,TJ_GCV,DE,2021-11,394145.454,,
ESTAT:NRG_CB_GASM(1.0),08/09/26 23:00:00,M,IC_CAL_MG,G3000,TJ_GCV,DE,2021-12,451259.015,,
ESTAT:NRG_CB_GASM(1.0),08/09/26 23:00:00,M,IC_CAL_MG,G3000,TJ_GCV,DE,2022-01,470583.359,,
ESTAT:NRG_CB_GASM(1.0),08/09/26 23:00:00,M,IC_CAL_MG,G3000,TJ_GCV,DE,2022-02,384069.393,,
ESTAT:NRG_CB_GASM(1.0),08/09/26 23:00:00,M,IC_CAL_MG,G3000,TJ_GCV,DE,2022-03,366767.654,,
ESTAT:NRG_CB_GASM(1.0),08/09/26 23:00:00,M,IC_CAL_MG,G3000,TJ_GCV,DE,2022-04,270181.184,,
ESTAT:NRG_CB_GASM(1.0),08/09/26 23:00:00,M,IC_CAL_MG,G3000,TJ_GCV,DE,2022-05,167196.962,,
ESTAT:NRG_CB_GASM(1.0),08/09/26 23:00:00,M,IC_CAL_MG,G3000,TJ_GCV,DE,2022-06,134791.204,,
ESTAT:NRG_CB_GASM(1.0),08/09/26 23:00:00,M,IC_CAL_MG,G3000,TJ_GCV,DE,2022-07,142144.940,,
ESTAT:NRG_CB_GASM(1.0),08/09/26 23:00:00,M,IC_CAL_MG,G3000,TJ_GCV,DE,2022-08,116291.695,,
ESTAT:NRG_CB_GASM(1.0),08/09/26 23:00:00,M,IC_CAL_MG,G3000,TJ_GCV,DE,2022-09,164844.581,,
ESTAT:NRG_CB_GASM(1.0),08/09/26 23:00:00,M,IC_CAL_MG,G3000,TJ_GCV,DE,2022-10,195148.202,,
ESTAT:NRG_CB_GASM(1.0),08/09/26 23:00:00,M,IC_CAL_MG,G3000,TJ_GCV,DE,2022-11,275550.091,,
ESTAT:NRG_CB_GASM(1.0),08/09/26 23:00:00,M,IC_CAL_MG,G3000,TJ_GCV,DE,2022-12,386326.470,,
ESTAT:NRG_CB_GASM(1.0),08/09/26 23:00:00,M,IC_CAL_MG,G3000,TJ_GCV,DE,2023-01,440677.854,,
ESTAT:NRG_CB_GASM(1.0),08/09/26 23:00:00,M,IC_CAL_MG,G3000,TJ_GCV,DE,2023-02,348668.346,,
ESTAT:NRG_CB_GASM(1.0),08/09/26 23:00:00,M,IC_CAL_MG,G3000,TJ_GCV,DE,2023-03,327857.809,,
ESTAT:NRG_CB_GASM(1.0),08/09/26 23:00:00,M,IC_CAL_MG,G3000,TJ_GCV,DE,2023-04,250765.556,,
ESTAT:NRG_CB_GASM(1.0),08/09/26 23:00:00,M,IC_CAL_MG,G3000,TJ_GCV,DE,2023-05,172098.314,,
ESTAT:NRG_CB_GASM(1.0),08/09/26 23:00:00,M,IC_CAL_MG,G3000,TJ_GCV,DE,2023-06,129806.118,,
ESTAT:NRG_CB_GASM(1.0),08/09/26 23:00:00,M,IC_CAL_MG,G3000,TJ_GCV,DE,2023-07,128873.966,,
ESTAT:NRG_CB_GASM(1.0),08/09/26 23:00:00,M,IC_CAL_MG,G3000,TJ_GCV,DE,2023-08,128986.865,,
ESTAT:NRG_CB_GASM(1.0),08/09/26 23:00:00,M,IC_CAL_MG,G3000,TJ_GCV,DE,2023-09,139134.913,,
ESTAT:NRG_CB_GASM(1.0),08/09/26 23:00:00,M,IC_CAL_MG,G3000,TJ_GCV,DE,2023-10,197223.046,,
ESTAT:NRG_CB_GASM(1.0),08/09/26 23:00:00,M,IC_CAL_MG,G3000,TJ_GCV,DE,2023-11,321584.956,,
ESTAT:NRG_CB_GASM(1.0),08/09/26 23:00:00,M,IC_CAL_MG,G3000,TJ_GCV,DE,2023-12,371104.086,,
ESTAT:NRG_CB_GASM(1.0),08/09/26 23:00:00,M,IC_CAL_MG,G3000,TJ_GCV,DE,2024-01,446687.058,,
ESTAT:NRG_CB_GASM(1.0),08/09/26 23:00:00,M,IC_CAL_MG,G3000,TJ_GCV,DE,2024-02,313813.849,,
ESTAT:NRG_CB_GASM(1.0),08/09/26 23:00:00,M,IC_CAL_MG,G3000,TJ_GCV,DE,2024-03,296577.321,,
ESTAT:NRG_CB_GASM(1.0),08/09/26 23:00:00,M,IC_CAL_MG,G3000,TJ_GCV,DE,2024-04,237920.598,,
ESTAT:NRG_CB_GASM(1.0),08/09/26 23:00:00,M,IC_CAL_MG,G3000,TJ_GCV,DE,2024-05,164570.813,,
ESTAT:NRG_CB_GASM(1.0),08/09/26 23:00:00,M,IC_CAL_MG,G3000,TJ_GCV,DE,2024-06,144746.347,,
ESTAT:NRG_CB_GASM(1.0),08/09/26 23:00:00,M,IC_CAL_MG,G3000,TJ_GCV,DE,2024-07,135630.983,,
ESTAT:NRG_CB_GASM(1.0),08/09/26 23:00:00,M,IC_CAL_MG,G3000,TJ_GCV,DE,2024-08,132100.344,,
ESTAT:NRG_CB_GASM(1.0),08/09/26 23:00:00,M,IC_CAL_MG,G3000,TJ_GCV,DE,2024-09,156170.135,,
ESTAT:NRG_CB_GASM(1.0),08/09/26 23:00:00,M,IC_CAL_MG,G3000,TJ_GCV,DE,2024-10,206868.073,,
ESTAT:NRG_CB_GASM(1.0),08/09/26 23:00:00,M,IC_CAL_MG,G3000,TJ_GCV,DE,2024-11,355532.441,,
ESTAT:NRG_CB_GASM(1.0),08/09/26 23:00:00,M,IC_CAL_MG,G3000,TJ_GCV,DE,2024-12,422430.616,,
ESTAT:NRG_CB_GASM(1.0),08/09/26 23:00:00,M,IC_CAL_MG,G3000,TJ_GCV,DE,2025-01,443709.319,,
ESTAT:NRG_CB_GASM(1.0),08/09/26 23:00:00,M,IC_CAL_MG,G3000,TJ_GCV,DE,2025-02,420880.882,,
ESTAT:NRG_CB_GASM(1.0),08/09/26 23:00:00,M,IC_CAL_MG,G3000,TJ_GCV,DE,2025-03,319226.836,,
ESTAT:NRG_CB_GASM(1.0),08/09/26 23:00:00,M,IC_CAL_MG,G3000,TJ_GCV,DE,2025-04,213445.922,,
ESTAT:NRG_CB_GASM(1.0),08/09/26 23:00:00,M,IC_CAL_MG,G3000,TJ_GCV,DE,2025-05,172109.916,,
ESTAT:NRG_CB_GASM(1.0),08/09/26 23:00:00,M,IC_CAL_MG,G3000,TJ_GCV,DE,2025-06,123782.596,,
ESTAT:NRG_CB_GASM(1.0),08/09/26 23:00:00,M,IC_CAL_MG,G3000,TJ_GCV,DE,2025-07,127120.681,,
ESTAT:NRG_CB_GASM(1.0),08/09/26 23:00:00,M,IC_CAL_MG,G3000,TJ_GCV,DE,2025-08,125994.736,,
ESTAT:NRG_CB_GASM(1.0),08/09/26 23:00:00,M,IC_CAL_MG,G3000,TJ_GCV,DE,2025-09,143562.168,,
ESTAT:NRG_CB_GASM(1.0),08/09/26 23:00:00,M,IC_CAL_MG,G3000,TJ_GCV,DE,2025-10,259973.400,,
ESTAT:NRG_CB_GASM(1.0),08/09/26 23:00:00,M,IC_CAL_MG,G3000,TJ_GCV,DE,2025-11,352573.999,,
ESTAT:NRG_CB_GASM(1.0),08/09/26 23:00:00,M,IC_CAL_MG,G3000,TJ_GCV,DE,2025-12,411856.057,,
ESTAT:NRG_CB_GASM(1.0),08/09/26 23:00:00,M,IC_CAL_MG,G3000,TJ_GCV,DE,2026-01,499772.887,,
ESTAT:NRG_CB_GASM(1.0),08/09/26 23:00:00,M,IC_CAL_MG,G3000,TJ_GCV,DE,2026-02,382104.095,,
ESTAT:NRG_CB_GASM(1.0),08/09/26 23:00:00,M,IC_CAL_MG,G3000,TJ_GCV,DE,2026-03,295716.758,,
ESTAT:NRG_CB_GASM(1.0),08/09/26 23:00:00,M,IC_CAL_MG,G3000,TJ_GCV,DE,2026-04,230231.568,,
ESTAT:NRG_CB_GASM(1.0),08/09/26 23:00:00,M,IC_CAL_MG,G3000,TJ_GCV,DE,2026-05,175984.000,,
ESTAT:NRG_CB_GASM(1.0),08/09/26 23:00:00,M,IC_CAL_MG,G3000,TJ_GCV,DE,2026-06,132650.052,,
ESTAT:NRG_CB_GASM(1.0),08/09/26 23:00:00,M,IC_CAL_MG,G3000,TJ_GCV,DE,2026-07,142725.600,,
ESTAT:NRG_CB_GASM(1.0),08/09/26 23:00:00,M,IC_OBS,G3000,MIO_M3,DE,2014-01,9478.000,,
ESTAT:NRG_CB_GASM(1.0),08/09/26 23:00:00,M,IC_OBS,G3000,MIO_M3,DE,2014-02,7448.000,,
ESTAT:NRG_CB_GASM(1.0),08/09/26 23:00:00,M,IC_OBS,G3000,MIO_M3,DE,2014-03,7132.000,,
ESTAT:NRG_CB_GASM(1.0),08/09/26 23:00:00,M,IC_OBS,G3000,MIO_M3,DE,2014-04,4631.000,,
ESTAT:NRG_CB_GASM(1.0),08/09/26 23:00:00,M,IC_OBS,G3000,MIO_M3,DE,2014-05,6053.000,,
ESTAT:NRG_CB_GASM(1.0),08/09/26 23:00:00,M,IC_OBS,G3000,MIO_M3,DE,2014-06,4028.000,,
ESTAT:NRG_CB_GASM(1.0),08/09/26 23:00:00,M,IC_OBS,G3000,MIO_M3,DE,2014-07,5262.000,,
ESTAT:NRG_CB_GASM(1.0),08/09/26 23:00:00,M,IC_OBS,G3000,MIO_M3,DE,2014-08,3878.000,,
ESTAT:NRG_CB_GASM(1.0),08/09/26 23:00:00,M,IC_OBS,G3000,MIO_M3,DE,2014-09,4753.000,,
ESTAT:NRG_CB_GASM(1.0),08/09/26 23:00:00,M,IC_OBS,G3000,MIO_M3,DE,2014-10,6155.000,,
ESTAT:NRG_CB_GASM(1.0),08/09/26 23:00:00,M,IC_OBS,G3000,MIO_M3,DE,2014-11,10010.000,,
ESTAT:NRG_CB_GASM(1.0),08/09/26 23:00:00,M,IC_OBS,G3000,MIO_M3,DE,2014-12,10196.000,,
ESTAT:NRG_CB_GASM(1.0),08/09/26 23:00:00,M,IC_OBS,G3000,MIO_M3,DE,2015-01,10210.000,,
ESTAT:NRG_CB_GASM(1.0),08/09/26 23:00:00,M,IC_OBS,G3000,MIO_M3,DE,2015-02,9880.000,,
ESTAT:NRG_CB_GASM(1.0),08/09/26 23:00:00,M,IC_OBS,G3000,MIO_M3,DE,2015-03,8408.000,,
ESTAT:NRG_CB_GASM(1.0),08/09/26 23:00:00,M,IC_OBS,G3000,MIO_M3,DE,2015-04,6705.000,,
ESTAT:NRG_CB_GASM(1.0),08/09/26 23:00:00,M,IC_OBS,G3000,MIO_M3,DE,2015-05,5131.000,,
ESTAT:NRG_CB_GASM(1.0),08/09/26 23:00:00,M,IC_OBS,G3000,MIO_M3,DE,2015-06,4621.000,,
ESTAT:NRG_CB_GASM(1.0),08/09/26 23:00:00,M,IC_OBS,G3000,MIO_M3,DE,2015-07,4187.000,,
ESTAT:NRG_CB_GASM(1.0),08/09/26 23:00:00,M,IC_OBS,G3000,MIO_M3,DE,2015-08,3899.000,,
ESTAT:NRG_CB_GASM(1.0),08/09/26 23:00:00,M,IC_OBS,G3000,MIO_M3,DE,2015-09,4731.000,,
ESTAT:NRG_CB_GASM(1.0),08/09/26 23:00:00,M,IC_OBS,G3000,MIO_M3,DE,2015-10,7294.000,,
ESTAT:NRG_CB_GASM(1.0),08/09/26 23:00:00,M,IC_OBS,G3000,MIO_M3,DE,2015-11,7631.000,,
ESTAT:NRG_CB_GASM(1.0),08/09/26 23:00:00,M,IC_OBS,G3000,MIO_M3,DE,2015-12,8595.000,,
ESTAT:NRG_CB_GASM(1.0),08/09/26 23:00:00,M,IC_OBS,G3000,MIO_M3,DE,2016-01,12853.000,,
ESTAT:NRG_CB_GASM(1.0),08/09/26 23:00:00,M,IC_OBS,G3000,MIO_M3,DE,2016-02,9906.000,,
ESTAT:NRG_CB_GASM(1.0),08/09/26 23:00:00,M,IC_OBS,G3000,MIO_M3,DE,2016-03,9472.000,,
ESTAT:NRG_CB_GASM(1.0),08/09/26 23:00:00,M,IC_OBS,G3000,MIO_M3,DE,2016-04,5865.000,,
ESTAT:NRG_CB_GASM(1.0),08/09/26 23:00:00,M,IC_OBS,G3000,MIO_M3,DE,2016-05,5339.000,,
ESTAT:NRG_CB_GASM(1.0),08/09/26 23:00:00,M,IC_OBS,G3000,MIO_M3,DE,2016-06,4037.000,,
ESTAT:NRG_CB_GASM(1.0),08/09/26 23:00:00,M,IC_OBS,G3000,MIO_M3,DE,2016-07,4389.000,,
ESTAT:NRG_CB_GASM(1.0),08/09/26 23:00:00,M,IC_OBS,G3000,MIO_M3,DE,2016-08,4395.000,,
ESTAT:NRG_CB_GASM(1.0),08/09/26 23:00:00,M,IC_OBS,G3000,MIO_M3,DE,2016-09,4365.000,,
ESTAT:NRG_CB_GASM(1.0),08/09/26 23:00:00,M,IC_OBS,G3000,MIO_M3,DE,2016-10,7189.000,,
ESTAT:NRG_CB_GASM(1.0),08/09/26 23:00:00,M,IC_OBS,G3000,MIO_M3,DE,2016-11,10116.000,,
ESTAT:NRG_CB_GASM(1.0),08/09/26 23:00:00,M,IC_OBS,G3000,MIO_M3,DE,2016-12,11207.000,,
ESTAT:NRG_CB_GASM(1.0),08/09/26 23:00:00,M,IC_OBS,G3000,MIO_M3,DE,2017-01,13392.000,,
ESTAT:NRG_CB_GASM(1.0),08/09/26 23:00:00,M,IC_OBS,G3000,MIO_M3,DE,2017-02,9227.000,,
ESTAT:NRG_CB_GASM(1.0),08/09/26 23:00:00,M,IC_OBS,G3000,MIO_M3,DE,2017-03,8176.000,,
ESTAT:NRG_CB_GASM(1.0),08/09/26 23:00:00,M,IC_OBS,G3000,MIO_M3,DE,2017-04,7677.000,,
ESTAT:NRG_CB_GASM(1.0),08/09/26 23:00:00,M,IC_OBS,G3000,MIO_M3,DE,2017-05,6099.000,,
ESTAT:NRG_CB_GASM(1.0),08/09/26 23:00:00,M,IC_OBS,G3000,MIO_M3,DE,2017-06,4917.000,,
ESTAT:NRG_CB_GASM(1.0),08/09/26 23:00:00,M,IC_OBS,G3000,MIO_M3,DE,2017-07,5434.000,,
ESTAT:NRG_CB_GASM(1.0),08/09/26 23:00:00,M,IC_OBS,G3000,MIO_M3,DE,2017-08,4565.000,,
ESTAT:NRG_CB_GASM(1.0),08/09/26 23:00:00,M,IC_OBS,G3000,MIO_M3,DE,2017-09,5632.000,,
ESTAT:NRG_CB_GASM(1.0),08/09/26 23:00:00,M,IC_OBS,G3000,MIO_M3,DE,2017-10,6691.000,,
ESTAT:NRG_CB_GASM(1.0),08/09/26 23:00:00,M,IC_OBS,G3000,MIO_M3,DE,2017-11,10035.000,,
ESTAT:NRG_CB_GASM(1.0),08/09/26 23:00:00,M,IC_OBS,G3000,MIO_M3,DE,2017-12,10628.000,,
ESTAT:NRG_CB_GASM(1.0),08/09/26 23:00:00,M,IC_OBS,G3000,MIO_M3,DE,2018-01,10138.000,,
ESTAT:NRG_CB_GASM(1.0),08/09/26 23:00:00,M,IC_OBS,G3000,MIO_M3,DE,2018-02,11431.000,,
ESTAT:NRG_CB_GASM(1.0),08/09/26 23:00:00,M,IC_OBS,G3000,MIO_M3,DE,2018-03,10405.000,,
ESTAT:NRG_CB_GASM(1.0),08/09/26 23:00:00,M,IC_OBS,G3000,MIO_M3,DE,2018-04,6032.000,,
ESTAT:NRG_CB_GASM(1.0),08/09/26 23:00:00,M,IC_OBS,G3000,MIO_M3,DE,2018-05,4751.000,,
ESTAT:NRG_CB_GASM(1.0),08/09/26 23:00:00,M,IC_OBS,G3000,MIO_M3,DE,2018-06,4793.000,,
ESTAT:NRG_CB_GASM(1.0),08/09/26 23:00:00,M,IC_OBS,G3000,MIO_M3,DE,2018-07,4215.000,,
ESTAT:NRG_CB_GASM(1.0),08/09/26 23:00:00,M,IC_OBS,G3000,MIO_M3,DE,2018-08,4441.000,,
ESTAT:NRG_CB_GASM(1.0),08/09/26 23:00:00,M,IC_OBS,G3000,MIO_M3,DE,2018-09,4789.000,,
ESTAT:NRG_CB_GASM(1.0),08/09/26 23:00:00,M,IC_OBS,G3000,MIO_M3,DE,2018-10,7017.000,,
ESTAT:NRG_CB_GASM(1.0),08/09/26 23:00:00,M,IC_OBS,G3000,MIO_M3,DE,2018-11,9739.000,,
ESTAT:NRG_CB_GASM(1.0),08/09/26 23:00:00,M,IC_OBS,G3000,MIO_M3,DE,2018-12,7586.000,,
ESTAT:NRG_CB_GASM(1.0),08/09/26 23:00:00,M,IC_OBS,G3000,MIO_M3,DE,2019-01,12995.000,,
ESTAT:NRG_CB_GASM(1.0),08/09/26 23:00:00,M,IC_OBS,G3000,MIO_M3,DE,2019-02,10669.000,,
ESTAT:NRG_CB_GASM(1.0),08/09/26 23:00:00,M,IC_OBS,G3000,MIO_M3,DE,2019-03,9450.000,,
ESTAT:NRG_CB_GASM(1.0),08/09/26 23:00:00,M,IC_OBS,G3000,MIO_M3,DE,2019-04,6512.000,,
ESTAT:NRG_CB_GASM(1.0),08/09/26 23:00:00,M,IC_OBS,G3000,MIO_M3,DE,2019-05,6111.000,,
ESTAT:NRG_CB_GASM(1.0),08/09/26 23:00:00,M,IC_OBS,G3000,MIO_M3,DE,2019-06,3639.000,,
ESTAT:NRG_CB_GASM(1.0),08/09/26 23:00:00,M,IC_OBS,G3000,MIO_M3,DE,2019-07,5287.000,,
ESTAT:NRG_CB_GASM(1.0),08/09/26 23:00:00,M,IC_OBS,G3000,MIO_M3,DE,2019-08,4040.000,,
ESTAT:NRG_CB_GASM(1.0),08/09/26 23:00:00,M,IC_OBS,G3000,MIO_M3,DE,2019-09,5220.000,,
ESTAT:NRG_CB_GASM(1.0),08/09/26 23:00:00,M,IC_OBS,G3000,MIO_M3,DE,2019-10,7260.000,,
ESTAT:NRG_CB_GASM(1.0),08/09/26 23:00:00,M,IC_OBS,G3000,MIO_M3,DE,2019-11,9827.000,,
ESTAT:NRG_CB_GASM(1.0),08/09/26 23:00:00,M,IC_OBS,G3000,MIO_M3,DE,2019-12,10782.000,,
ESTAT:NRG_CB_GASM(1.0),08/09/26 23:00:00,M,IC_OBS,G3000,MIO_M3,DE,2020-01,11635.709,,
ESTAT:NRG_CB_GASM(1.0),08/09/26 23:00:00,M,IC_OBS,G3000,MIO_M3,DE,2020-02,9593.787,,
ESTAT:NRG_CB_GASM(1.0),08/09/26 23:00:00,M,IC_OBS,G3000,MIO_M3,DE,2020-03,9889.998,,
ESTAT:NRG_CB_GASM(1.0),08/09/26 23:00:00,M,IC_OBS,G3000,MIO_M3,DE,2020-04,5393.000,,
ESTAT:NRG_CB_GASM(1.0),08/09/26 23:00:00,M,IC_OBS,G3000,MIO_M3,DE,2020-05,5529.806,,
ESTAT:NRG_CB_GASM(1.0),08/09/26 23:00:00,M,IC_OBS,G3000,MIO_M3,DE,2020-06,4529.803,,
ESTAT:NRG_CB_GASM(1.0),08/09/26 23:00:00,M,IC_OBS,G3000,MIO_M3,DE,2020-07,4388.111,,
ESTAT:NRG_CB_GASM(1.0),08/09/26 23:00:00,M,IC_OBS,G3000,MIO_M3,DE,2020-08,4287.749,,
ESTAT:NRG_CB_GASM(1.0),08/09/26 23:00:00,M,IC_OBS,G3000,MIO_M3,DE,2020-09,5143.642,,
ESTAT:NRG_CB_GASM(1.0),08/09/26 23:00:00,M,IC_OBS,G3000,MIO_M3,DE,2020-10,7533.737,,
ESTAT:NRG_CB_GASM(1.0),08/09/26 23:00:00,M,IC_OBS,G3000,MIO_M3,DE,2020-11,9757.998,,
ESTAT:NRG_CB_GASM(1.0),08/09/26 23:00:00,M,IC_OBS,G3000,MIO_M3,DE,2020-12,11606.609,,
ESTAT:NRG_CB_GASM(1.0),08/09/26 23:00:00,M,IC_OBS,G3000,MIO_M3,DE,2021-01,13130.666,,
ESTAT:NRG_CB_GASM(1.0),08/09/26 23:00:00,M,IC_OBS,G3000,MIO_M3,DE,2021-02,11238.430,,
ESTAT:NRG_CB_GASM(1.0),08/09/26 23:00:00,M,IC_OBS,G3000,MIO_M3,DE,2021-03,10149.760,,
ESTAT:NRG_CB_GASM(1.0),08/09/26 23:00:00,M,IC_OBS,G3000,MIO_M3,DE,2021-04,8456.133,,
ESTAT:NRG_CB_GASM(1.0),08/09/26 23:00:00,M,IC_OBS,G3000,MIO_M3,DE,2021-05,6311.638,,
ESTAT:NRG_CB_GASM(1.0),08/09/26 23:00:00,M,IC_OBS,G3000,MIO_M3,DE,2021-06,4273.432,,
ESTAT:NRG_CB_GASM(1.0),08/09/26 23:00:00,M,IC_OBS,G3000,MIO_M3,DE,2021-07,3741.781,,
ESTAT:NRG_CB_GASM(1.0),08/09/26 23:00:00,M,IC_OBS,G3000,MIO_M3,DE,2021-08,3596.963,,
ESTAT:NRG_CB_GASM(1.0),08/09/26 23:00:00,M,IC_OBS,G3000,MIO_M3,DE,2021-09,4193.666,,
ESTAT:NRG_CB_GASM(1.0),08/09/26 23:00:00,M,IC_OBS,G3000,MIO_M3,DE,2021-10,6774.846,,
ESTAT:NRG_CB_GASM(1.0),08/09/26 23:00:00,M,IC_OBS,G3000,MIO_M3,DE,2021-11,10146.488,,
ESTAT:NRG_CB_GASM(1.0),08/09/26 23:00:00,M,IC_OBS,G3000,MIO_M3,DE,2021-12,11612.877,,
ESTAT:NRG_CB_GASM(1.0),08/09/26 23:00:00,M,IC_OBS,G3000,MIO_M3,DE,2022-01,12107.641,,
ESTAT:NRG_CB_GASM(1.0),08/09/26 23:00:00,M,IC_OBS,G3000,MIO_M3,DE,2022-02,9883.820,,
ESTAT:NRG_CB_GASM(1.0),08/09/26 23:00:00,M,IC_OBS,G3000,MIO_M3,DE,2022-03,9444.382,,
ESTAT:NRG_CB_GASM(1.0),08/09/26 23:00:00,M,IC_OBS,G3000,MIO_M3,DE,2022-04,6966.618,,
ESTAT:NRG_CB_GASM(1.0),08/09/26 23:00:00,M,IC_OBS,G3000,MIO_M3,DE,2022-05,4325.020,,
ESTAT:NRG_CB_GASM(1.0),08/09/26 23:00:00,M,IC_OBS,G3000,MIO_M3,DE,2022-06,3491.114,,
ESTAT:NRG_CB_GASM(1.0),08/09/26 23:00:00,M,IC_OBS,G3000,MIO_M3,DE,2022-07,3679.419,,
ESTAT:NRG_CB_GASM(1.0),08/09/26 23:00:00,M,IC_OBS,G3000,MIO_M3,DE,2022-08,3017.858,,
ESTAT:NRG_CB_GASM(1.0),08/09/26 23:00:00,M,IC_OBS,G3000,MIO_M3,DE,2022-09,4260.761,,
ESTAT:NRG_CB_GASM(1.0),08/09/26 23:00:00,M,IC_OBS,G3000,MIO_M3,DE,2022-10,5039.309,,
ESTAT:NRG_CB_GASM(1.0),08/09/26 23:00:00,M,IC_OBS,G3000,MIO_M3,DE,2022-11,7100.690,,
ESTAT:NRG_CB_GASM(1.0),08/09/26 23:00:00,M,IC_OBS,G3000,MIO_M3,DE,2022-12,9942.489,,
ESTAT:NRG_CB_GASM(1.0),08/09/26 23:00:00,M,IC_OBS,G3000,MIO_M3,DE,2023-01,11338.309,,
ESTAT:NRG_CB_GASM(1.0),08/09/26 23:00:00,M,IC_OBS,G3000,MIO_M3,DE,2023-02,8974.879,,
ESTAT:NRG_CB_GASM(1.0),08/09/26 23:00:00,M,IC_OBS,G3000,MIO_M3,DE,2023-03,8442.917,,
ESTAT:NRG_CB_GASM(1.0),08/09/26 23:00:00,M,IC_OBS,G3000,MIO_M3,DE,2023-04,6463.027,,
ESTAT:NRG_CB_GASM(1.0),08/09/26 23:00:00,M,IC_OBS,G3000,MIO_M3,DE,2023-05,4445.945,,
ESTAT:NRG_CB_GASM(1.0),08/09/26 23:00:00,M,IC_OBS,G3000,MIO_M3,DE,2023-06,3357.473,,
ESTAT:NRG_CB_GASM(1.0),08/09/26 23:00:00,M,IC_OBS,G3000,MIO_M3,DE,2023-07,3329.633,,
ESTAT:NRG_CB_GASM(1.0),08/09/26 23:00:00,M,IC_OBS,G3000,MIO_M3,DE,2023-08,3342.161,,
ESTAT:NRG_CB_GASM(1.0),08/09/26 23:00:00,M,IC_OBS,G3000,MIO_M3,DE,2023-09,3601.035,,
ESTAT:NRG_CB_GASM(1.0),08/09/26 23:00:00,M,IC_OBS,G3000,MIO_M3,DE,2023-10,5089.803,,
ESTAT:NRG_CB_GASM(1.0),08/09/26 23:00:00,M,IC_OBS,G3000,MIO_M3,DE,2023-11,8277.881,,
ESTAT:NRG_CB_GASM(1.0),08/09/26 23:00:00,M,IC_OBS,G3000,MIO_M3,DE,2023-12,9551.108,,
ESTAT:NRG_CB_GASM(1.0),08/09/26 23:00:00,M,IC_OBS,G3000,MIO_M3,DE,2024-01,11489.879,,
ESTAT:NRG_CB_GASM(1.0),08/09/26 23:00:00,M,IC_OBS,G3000,MIO_M3,DE,2024-02,8078.875,,
ESTAT:NRG_CB_GASM(1.0),08/09/26 23:00:00,M,IC_OBS,G3000,MIO_M3,DE,2024-03,7638.392,,
ESTAT:NRG_CB_GASM(1.0),08/09/26 23:00:00,M,IC_OBS,G3000,MIO_M3,DE,2024-04,6130.830,,
ESTAT:NRG_CB_GASM(1.0),08/09/26 23:00:00,M,IC_OBS,G3000,MIO_M3,DE,2024-05,4251.241,,
ESTAT:NRG_CB_GASM(1.0),08/09/26 23:00:00,M,IC_OBS,G3000,MIO_M3,DE,2024-06,3739.000,,
ESTAT:NRG_CB_GASM(1.0),08/09/26 23:00:00,M,IC_OBS,G3000,MIO_M3,DE,2024-07,3508.439,,
ESTAT:NRG_CB_GASM(1.0),08/09/26 23:00:00,M,IC_OBS,G3000,MIO_M3,DE,2024-08,3416.856,,
ESTAT:NRG_CB_GASM(1.0),08/09/26 23:00:00,M,IC_OBS,G3000,MIO_M3,DE,2024-09,4035.568,,
ESTAT:NRG_CB_GASM(1.0),08/09/26 23:00:00,M,IC_OBS,G3000,MIO_M3,DE,2024-10,5334.185,,
ESTAT:NRG_CB_GASM(1.0),08/09/26 23:00:00,M,IC_OBS,G3000,MIO_M3,DE,2024-11,9147.129,,
ESTAT:NRG_CB_GASM(1.0),08/09/26 23:00:00,M,IC_OBS,G3000,MIO_M3,DE,2024-12,10864.500,,
ESTAT:NRG_CB_GASM(1.0),08/09/26 23:00:00,M,IC_OBS,G3000,MIO_M3,DE,2025-01,11411.316,,
ESTAT:NRG_CB_GASM(1.0),08/09/26 23:00:00,M,IC_OBS,G3000,MIO_M3,DE,2025-02,10823.921,,
ESTAT:NRG_CB_GASM(1.0),08/09/26 23:00:00,M,IC_OBS,G3000,MIO_M3,DE,2025-03,8215.523,,
ESTAT:NRG_CB_GASM(1.0),08/09/26 23:00:00,M,IC_OBS,G3000,MIO_M3,DE,2025-04,5503.277,,
ESTAT:NRG_CB_GASM(1.0),08/09/26 23:00:00,M,IC_OBS,G3000,MIO_M3,DE,2025-05,4442.416,,
ESTAT:NRG_CB_GASM(1.0),08/09/26 23:00:00,M,IC_OBS,G3000,MIO_M3,DE,2025-06,3203.834,,
ESTAT:NRG_CB_GASM(1.0),08/09/26 23:00:00,M,IC_OBS,G3000,MIO_M3,DE,2025-07,3288.644,,
ESTAT:NRG_CB_GASM(1.0),08/09/26 23:00:00,M,IC_OBS,G3000,MIO_M3,DE,2025-08,3260.532,,
ESTAT:NRG_CB_GASM(1.0),08/09/26 23:00:00,M,IC_OBS,G3000,MIO_M3,DE,2025-09,3710.577,,
ESTAT:NRG_CB_GASM(1.0),08/09/26 23:00:00,M,IC_OBS,G3000,MIO_M3,DE,2025-10,6696.416,,
ESTAT:NRG_CB_GASM(1.0),08/09/26 23:00:00,M,IC_OBS,G3000,MIO_M3,DE,2025-11,9072.258,,
ESTAT:NRG_CB_GASM(1.0),08/09/26 23:00:00,M,IC_OBS,G3000,MIO_M3,DE,2025-12,10592.452,,
ESTAT:NRG_CB_GASM(1.0),08/09/26 23:00:00,M,IC_OBS,G3000,MIO_M3,DE,2026-01,12848.756,,
ESTAT:NRG_CB_GASM(1.0),08/09/26 23:00:00,M,IC_OBS,G3000,MIO_M3,DE,2026-02,9828.986,,
ESTAT:NRG_CB_GASM(1.0),08/09/26 23:00:00,M,IC_OBS,G3000,MIO_M3,DE,2026-03,7613.839,,
ESTAT:NRG_CB_GASM(1.0),08/09/26 23:00:00,M,IC_OBS,G3000,MIO_M3,DE,2026-04,5935.944,,
ESTAT:NRG_CB_GASM(1.0),08/09/26 23:00:00,M,IC_OBS,G3000,MIO_M3,DE,2026-05,4544.861,,
ESTAT:NRG_CB_GASM(1.0),08/09/26 23:00:00,M,IC_OBS,G3000,MIO_M3,DE,2026-06,3431.609,,
ESTAT:NRG_CB_GASM(1.0),08/09/26 23:00:00,M,IC_OBS,G3000,TJ_GCV,DE,2013-01,419776.000,,
ESTAT:NRG_CB_GASM(1.0),08/09/26 23:00:00,M,IC_OBS,G3000,TJ_GCV,DE,2013-02,401311.000,,
ESTAT:NRG_CB_GASM(1.0),08/09/26 23:00:00,M,IC_OBS,G3000,TJ_GCV,DE,2013-03,489667.000,,
ESTAT:NRG_CB_GASM(1.0),08/09/26 23:00:00,M,IC_OBS,G3000,TJ_GCV,DE,2013-04,305634.000,,
ESTAT:NRG_CB_GASM(1.0),08/09/26 23:00:00,M,IC_OBS,G3000,TJ_GCV,DE,2013-05,203814.000,,
ESTAT:NRG_CB_GASM(1.0),08/09/26 23:00:00,M,IC_OBS,G3000,TJ_GCV,DE,2013-06,173574.000,,
ESTAT:NRG_CB_GASM(1.0),08/09/26 23:00:00,M,IC_OBS,G3000,TJ_GCV,DE,2013-07,166126.000,,
ESTAT:NRG_CB_GASM(1.0),08/09/26 23:00:00,M,IC_OBS,G3000,TJ_GCV,DE,2013-08,186775.000,,
ESTAT:NRG_CB_GASM(1.0),08/09/26 23:00:00,M,IC_OBS,G3000,TJ_GCV,DE,2013-09,225635.000,,
ESTAT:NRG_CB_GASM(1.0),08/09/26 23:00:00,M,IC_OBS,G3000,TJ_GCV,DE,2013-10,178595.000,,
ESTAT:NRG_CB_GASM(1.0),08/09/26 23:00:00,M,IC_OBS,G3000,TJ_GCV,DE,2013-11,294064.000,,
ESTAT:NRG_CB_GASM(1.0),08/09/26 23:00:00,M,IC_OBS,G3000,TJ_GCV,DE,2013-12,372241.000,,
ESTAT:NRG_CB_GASM(1.0),08/09/26 23:00:00,M,IC_OBS,G3000,TJ_GCV,DE,2014-01,365603.000,,
ESTAT:NRG_CB_GASM(1.0),08/09/26 23:00:00,M,IC_OBS,G3000,TJ_GCV,DE,2014-02,287135.000,,
ESTAT:NRG_CB_GASM(1.0),08/09/26 23:00:00,M,IC_OBS,G3000,TJ_GCV,DE,2014-03,274871.000,,
ESTAT:NRG_CB_GASM(1.0),08/09/26 23:00:00,M,IC_OBS,G3000,TJ_GCV,DE,2014-04,177495.000,,
ESTAT:NRG_CB_GASM(1.0),08/09/26 23:00:00,M,IC_OBS,G3000,TJ_GCV,DE,2014-05,232800.000,,
ESTAT:NRG_CB_GASM(1.0),08/09/26 23:00:00,M,IC_OBS,G3000,TJ_GCV,DE,2014-06,154019.000,,
ESTAT:NRG_CB_GASM(1.0),08/09/26 23:00:00,M,IC_OBS,G3000,TJ_GCV,DE,2014-07,202094.000,,
ESTAT:NRG_CB_GASM(1.0),08/09/26 23:00:00,M,IC_OBS,G3000,TJ_GCV,DE,2014-08,147935.000,,
ESTAT:NRG_CB_GASM(1.0),08/09/26 23:00:00,M,IC_OBS,G3000,TJ_GCV,DE,2014-09,182066.000,,
ESTAT:NRG_CB_GASM(1.0),08/09/26 23:00:00,M,IC_OBS,G3000,TJ_GCV,DE,2014-10,236929.000,,
ESTAT:NRG_CB_GASM(1.0),08/09/26 23:00:00,M,IC_OBS,G3000,TJ_GCV,DE,2014-11,387129.000,,
ESTAT:NRG_CB_GASM(1.0),08/09/26 23:00:00,M,IC_OBS,G3000,TJ_GCV,DE,2014-12,394329.000,,
ESTAT:NRG_CB_GASM(1.0),08/09/26 23:00:00,M,IC_OBS,G3000,TJ_GCV,DE,2015-01,395002.000,,
ESTAT:NRG_CB_GASM(1.0),08/09/26 23:00:00,M,IC_OBS,G3000,TJ_GCV,DE,2015-02,382376.000,,
ESTAT:NRG_CB_GASM(1.0),08/09/26 23:00:00,M,IC_OBS,G3000,TJ_GCV,DE,2015-03,324995.000,,
ESTAT:NRG_CB_GASM(1.0),08/09/26 23:00:00,M,IC_OBS,G3000,TJ_GCV,DE,2015-04,258517.000,,
ESTAT:NRG_CB_GASM(1.0),08/09/26 23:00:00,M,IC_OBS,G3000,TJ_GCV,DE,2015-05,197059.000,,
ESTAT:NRG_CB_GASM(1.0),08/09/26 23:00:00,M,IC_OBS,G3000,TJ_GCV,DE,2015-06,177375.000,,
ESTAT:NRG_CB_GASM(1.0),08/09/26 23:00:00,M,IC_OBS,G3000,TJ_GCV,DE,2015-07,160509.000,,
ESTAT:NRG_CB_GASM(1.0),08/09/26 23:00:00,M,IC_OBS,G3000,TJ_GCV,DE,2015-08,149313.000,,
ESTAT:NRG_CB_GASM(1.0),08/09/26 23:00:00,M,IC_OBS,G3000,TJ_GCV,DE,2015-09,182669.000,,
ESTAT:NRG_CB_GASM(1.0),08/09/26 23:00:00,M,IC_OBS,G3000,TJ_GCV,DE,2015-10,282195.000,,
ESTAT:NRG_CB_GASM(1.0),08/09/26 23:00:00,M,IC_OBS,G3000,TJ_GCV,DE,2015-11,294997.000,,
ESTAT:NRG_CB_GASM(1.0),08/09/26 23:00:00,M,IC_OBS,G3000,TJ_GCV,DE,2015-12,332528.000,,
ESTAT:NRG_CB_GASM(1.0),08/09/26 23:00:00,M,IC_OBS,G3000,TJ_GCV,DE,2016-01,498436.000,,
ESTAT:NRG_CB_GASM(1.0),08/09/26 23:00:00,M,IC_OBS,G3000,TJ_GCV,DE,2016-02,383767.000,,
ESTAT:NRG_CB_GASM(1.0),08/09/26 23:00:00,M,IC_OBS,G3000,TJ_GCV,DE,2016-03,366822.000,,
ESTAT:NRG_CB_GASM(1.0),08/09/26 23:00:00,M,IC_OBS,G3000,TJ_GCV,DE,2016-04,226451.000,,
ESTAT:NRG_CB_GASM(1.0),08/09/26 23:00:00,M,IC_OBS,G3000,TJ_GCV,DE,2016-05,205603.000,,
ESTAT:NRG_CB_GASM(1.0),08/09/26 23:00:00,M,IC_OBS,G3000,TJ_GCV,DE,2016-06,155054.000,,
ESTAT:NRG_CB_GASM(1.0),08/09/26 23:00:00,M,IC_OBS,G3000,TJ_GCV,DE,2016-07,168733.000,,
ESTAT:NRG_CB_GASM(1.0),08/09/26 23:00:00,M,IC_OBS,G3000,TJ_GCV,DE,2016-08,169051.000,,
ESTAT:NRG_CB_GASM(1.0),08/09/26 23:00:00,M,IC_OBS,G3000,TJ_GCV,DE,2016-09,167901.000,,
ESTAT:NRG_CB_GASM(1.0),08/09/26 23:00:00,M,IC_OBS,G3000,TJ_GCV,DE,2016-10,277853.000,,
ESTAT:NRG_CB_GASM(1.0),08/09/26 23:00:00,M,IC_OBS,G3000,TJ_GCV,DE,2016-11,391985.000,,
ESTAT:NRG_CB_GASM(1.0),08/09/26 23:00:00,M,IC_OBS,G3000,TJ_GCV,DE,2016-12,434444.000,,
ESTAT:NRG_CB_GASM(1.0),08/09/26 23:00:00,M,IC_OBS,G3000,TJ_GCV,DE,2017-01,519716.000,,
ESTAT:NRG_CB_GASM(1.0),08/09/26 23:00:00,M,IC_OBS,G3000,TJ_GCV,DE,2017-02,357555.000,,
ESTAT:NRG_CB_GASM(1.0),08/09/26 23:00:00,M,IC_OBS,G3000,TJ_GCV,DE,2017-03,316373.000,,
ESTAT:NRG_CB_GASM(1.0),08/09/26 23:00:00,M,IC_OBS,G3000,TJ_GCV,DE,2017-04,297078.000,,
ESTAT:NRG_CB_GASM(1.0),08/09/26 23:00:00,M,IC_OBS,G3000,TJ_GCV,DE,2017-05,235669.000,,
ESTAT:NRG_CB_GASM(1.0),08/09/26 23:00:00,M,IC_OBS,G3000,TJ_GCV,DE,2017-06,189571.000,,
ESTAT:NRG_CB_GASM(1.0),08/09/26 23:00:00,M,IC_OBS,G3000,TJ_GCV,DE,2017-07,209615.000,,
ESTAT:NRG_CB_GASM(1.0),08/09/26 23:00:00,M,IC_OBS,G3000,TJ_GCV,DE,2017-08,175851.000,,
ESTAT:NRG_CB_GASM(1.0),08/09/26 23:00:00,M,IC_OBS,G3000,TJ_GCV,DE,2017-09,217608.000,,
ESTAT:NRG_CB_GASM(1.0),08/09/26 23:00:00,M,IC_OBS,G3000,TJ_GCV,DE,2017-10,258708.000,,
ESTAT:NRG_CB_GASM(1.0),08/09/26 23:00:00,M,IC_OBS,G3000,TJ_GCV,DE,2017-11,389140.000,,
ESTAT:NRG_CB_GASM(1.0),08/09/26 23:00:00,M,IC_OBS,G3000,TJ_GCV,DE,2017-12,412145.000,,
ESTAT:NRG_CB_GASM(1.0),08/09/26 23:00:00,M,IC_OBS,G3000,TJ_GCV,DE,2018-01,393173.000,,
ESTAT:NRG_CB_GASM(1.0),08/09/26 23:00:00,M,IC_OBS,G3000,TJ_GCV,DE,2018-02,443711.000,,
ESTAT:NRG_CB_GASM(1.0),08/09/26 23:00:00,M,IC_OBS,G3000,TJ_GCV,DE,2018-03,403635.000,,
ESTAT:NRG_CB_GASM(1.0),08/09/26 23:00:00,M,IC_OBS,G3000,TJ_GCV,DE,2018-04,233164.000,,
ESTAT:NRG_CB_GASM(1.0),08/09/26 23:00:00,M,IC_OBS,G3000,TJ_GCV,DE,2018-05,183515.000,,
ESTAT:NRG_CB_GASM(1.0),08/09/26 23:00:00,M,IC_OBS,G3000,TJ_GCV,DE,2018-06,185236.000,,
ESTAT:NRG_CB_GASM(1.0),08/09/26 23:00:00,M,IC_OBS,G3000,TJ_GCV,DE,2018-07,162639.000,,
ESTAT:NRG_CB_GASM(1.0),08/09/26 23:00:00,M,IC_OBS,G3000,TJ_GCV,DE,2018-08,171330.000,,
ESTAT:NRG_CB_GASM(1.0),08/09/26 23:00:00,M,IC_OBS,G3000,TJ_GCV,DE,2018-09,184760.000,,
ESTAT:NRG_CB_GASM(1.0),08/09/26 23:00:00,M,IC_OBS,G3000,TJ_GCV,DE,2018-10,271537.000,,
ESTAT:NRG_CB_GASM(1.0),08/09/26 23:00:00,M,IC_OBS,G3000,TJ_GCV,DE,2018-11,377703.000,,
ESTAT:NRG_CB_GASM(1.0),08/09/26 23:00:00,M,IC_OBS,G3000,TJ_GCV,DE,2018-12,293728.000,,
ESTAT:NRG_CB_GASM(1.0),08/09/26 23:00:00,M,IC_OBS,G3000,TJ_GCV,DE,2019-01,504760.000,,
ESTAT:NRG_CB_GASM(1.0),08/09/26 23:00:00,M,IC_OBS,G3000,TJ_GCV,DE,2019-02,414260.000,,
ESTAT:NRG_CB_GASM(1.0),08/09/26 23:00:00,M,IC_OBS,G3000,TJ_GCV,DE,2019-03,366613.000,,
ESTAT:NRG_CB_GASM(1.0),08/09/26 23:00:00,M,IC_OBS,G3000,TJ_GCV,DE,2019-04,252143.000,,
ESTAT:NRG_CB_GASM(1.0),08/09/26 23:00:00,M,IC_OBS,G3000,TJ_GCV,DE,2019-05,236526.000,,
ESTAT:NRG_CB_GASM(1.0),08/09/26 23:00:00,M,IC_OBS,G3000,TJ_GCV,DE,2019-06,140071.000,,
ESTAT:NRG_CB_GASM(1.0),08/09/26 23:00:00,M,IC_OBS,G3000,TJ_GCV,DE,2019-07,204396.000,,
ESTAT:NRG_CB_GASM(1.0),08/09/26 23:00:00,M,IC_OBS,G3000,TJ_GCV,DE,2019-08,155910.000,,
ESTAT:NRG_CB_GASM(1.0),08/09/26 23:00:00,M,IC_OBS,G3000,TJ_GCV,DE,2019-09,201958.000,,
ESTAT:NRG_CB_GASM(1.0),08/09/26 23:00:00,M,IC_OBS,G3000,TJ_GCV,DE,2019-10,281278.000,,
ESTAT:NRG_CB_GASM(1.0),08/09/26 23:00:00,M,IC_OBS,G3000,TJ_GCV,DE,2019-11,381500.000,,
ESTAT:NRG_CB_GASM(1.0),08/09/26 23:00:00,M,IC_OBS,G3000,TJ_GCV,DE,2019-12,418814.000,,
ESTAT:NRG_CB_GASM(1.0),08/09/26 23:00:00,M,IC_OBS,G3000,TJ_GCV,DE,2020-01,451983.809,,
ESTAT:NRG_CB_GASM(1.0),08/09/26 23:00:00,M,IC_OBS,G3000,TJ_GCV,DE,2020-02,372478.541,,
ESTAT:NRG_CB_GASM(1.0),08/09/26 23:00:00,M,IC_OBS,G3000,TJ_GCV,DE,2020-03,384070.053,,
ESTAT:NRG_CB_GASM(1.0),08/09/26 23:00:00,M,IC_OBS,G3000,TJ_GCV,DE,2020-04,208649.219,,
ESTAT:NRG_CB_GASM(1.0),08/09/26 23:00:00,M,IC_OBS,G3000,TJ_GCV,DE,2020-05,214003.514,,
ESTAT:NRG_CB_GASM(1.0),08/09/26 23:00:00,M,IC_OBS,G3000,TJ_GCV,DE,2020-06,175073.499,,
ESTAT:NRG_CB_GASM(1.0),08/09/26 23:00:00,M,IC_OBS,G3000,TJ_GCV,DE,2020-07,169474.961,,
ESTAT:NRG_CB_GASM(1.0),08/09/26 23:00:00,M,IC_OBS,G3000,TJ_GCV,DE,2020-08,165691.050,,
ESTAT:NRG_CB_GASM(1.0),08/09/26 23:00:00,M,IC_OBS,G3000,TJ_GCV,DE,2020-09,199544.679,,
ESTAT:NRG_CB_GASM(1.0),08/09/26 23:00:00,M,IC_OBS,G3000,TJ_GCV,DE,2020-10,292777.124,,
ESTAT:NRG_CB_GASM(1.0),08/09/26 23:00:00,M,IC_OBS,G3000,TJ_GCV,DE,2020-11,378961.642,,
ESTAT:NRG_CB_GASM(1.0),08/09/26 23:00:00,M,IC_OBS,G3000,TJ_GCV,DE,2020-12,450930.333,,
ESTAT:NRG_CB_GASM(1.0),08/09/26 23:00:00,M,IC_OBS,G3000,TJ_GCV,DE,2021-01,510342.749,,
ESTAT:NRG_CB_GASM(1.0),08/09/26 23:00:00,M,IC_OBS,G3000,TJ_GCV,DE,2021-02,436843.734,,
ESTAT:NRG_CB_GASM(1.0),08/09/26 23:00:00,M,IC_OBS,G3000,TJ_GCV,DE,2021-03,394234.487,,
ESTAT:NRG_CB_GASM(1.0),08/09/26 23:00:00,M,IC_OBS,G3000,TJ_GCV,DE,2021-04,328581.915,,
ESTAT:NRG_CB_GASM(1.0),08/09/26 23:00:00,M,IC_OBS,G3000,TJ_GCV,DE,2021-05,244592.372,,
ESTAT:NRG_CB_GASM(1.0),08/09/26 23:00:00,M,IC_OBS,G3000,TJ_GCV,DE,2021-06,165253.175,,
ESTAT:NRG_CB_GASM(1.0),08/09/26 23:00:00,M,IC_OBS,G3000,TJ_GCV,DE,2021-07,144361.001,,
ESTAT:NRG_CB_GASM(1.0),08/09/26 23:00:00,M,IC_OBS,G3000,TJ_GCV,DE,2021-08,138761.595,,
ESTAT:NRG_CB_GASM(1.0),08/09/26 23:00:00,M,IC_OBS,G3000,TJ_GCV,DE,2021-09,162093.729,,
ESTAT:NRG_CB_GASM(1.0),08/09/26 23:00:00,M,IC_OBS,G3000,TJ_GCV,DE,2021-10,262640.740,,
ESTAT:NRG_CB_GASM(1.0),08/09/26 23:00:00,M,IC_OBS,G3000,TJ_GCV,DE,2021-11,394145.454,,
ESTAT:NRG_CB_GASM(1.0),08/09/26 23:00:00,M,IC_OBS,G3000,TJ_GCV,DE,2021-12,451259.015,,
ESTAT:NRG_CB_GASM(1.0),08/09/26 23:00:00,M,IC_OBS,G3000,TJ_GCV,DE,2022-01,470583.359,,
ESTAT:NRG_CB_GASM(1.0),08/09/26 23:00:00,M,IC_OBS,G3000,TJ_GCV,DE,2022-02,384069.393,,
ESTAT:NRG_CB_GASM(1.0),08/09/26 23:00:00,M,IC_OBS,G3000,TJ_GCV,DE,2022-03,366767.654,,
ESTAT:NRG_CB_GASM(1.0),08/09/26 23:00:00,M,IC_OBS,G3000,TJ_GCV,DE,2022-04,270181.184,,
ESTAT:NRG_CB_GASM(1.0),08/09/26 23:00:00,M,IC_OBS,G3000,TJ_GCV,DE,2022-05,167196.962,,
ESTAT:NRG_CB_GASM(1.0),08/09/26 23:00:00,M,IC_OBS,G3000,TJ_GCV,DE,2022-06,134791.204,,
ESTAT:NRG_CB_GASM(1.0),08/09/26 23:00:00,M,IC_OBS,G3000,TJ_GCV,DE,2022-07,142144.940,,
ESTAT:NRG_CB_GASM(1.0),08/09/26 23:00:00,M,IC_OBS,G3000,TJ_GCV,DE,2022-08,116291.695,,
ESTAT:NRG_CB_GASM(1.0),08/09/26 23:00:00,M,IC_OBS,G3000,TJ_GCV,DE,2022-09,164844.581,,
ESTAT:NRG_CB_GASM(1.0),08/09/26 23:00:00,M,IC_OBS,G3000,TJ_GCV,DE,2022-10,195148.202,,
ESTAT:NRG_CB_GASM(1.0),08/09/26 23:00:00,M,IC_OBS,G3000,TJ_GCV,DE,2022-11,275550.091,,
ESTAT:NRG_CB_GASM(1.0),08/09/26 23:00:00,M,IC_OBS,G3000,TJ_GCV,DE,2022-12,386326.470,,
ESTAT:NRG_CB_GASM(1.0),08/09/26 23:00:00,M,IC_OBS,G3000,TJ_GCV,DE,2023-01,440677.854,,
ESTAT:NRG_CB_GASM(1.0),08/09/26 23:00:00,M,IC_OBS,G3000,TJ_GCV,DE,2023-02,348668.346,,
ESTAT:NRG_CB_GASM(1.0),08/09/26 23:00:00,M,IC_OBS,G3000,TJ_GCV,DE,2023-03,327857.809,,
ESTAT:NRG_CB_GASM(1.0),08/09/26 23:00:00,M,IC_OBS,G3000,TJ_GCV,DE,2023-04,250765.556,,
ESTAT:NRG_CB_GASM(1.0),08/09/26 23:00:00,M,IC_OBS,G3000,TJ_GCV,DE,2023-05,172098.314,,
ESTAT:NRG_CB_GASM(1.0),08/09/26 23:00:00,M,IC_OBS,G3000,TJ_GCV,DE,2023-06,129806.118,,
ESTAT:NRG_CB_GASM(1.0),08/09/26 23:00:00,M,IC_OBS,G3000,TJ_GCV,DE,2023-07,128873.966,,
ESTAT:NRG_CB_GASM(1.0),08/09/26 23:00:00,M,IC_OBS,G3000,TJ_GCV,DE,2023-08,128986.865,,
ESTAT:NRG_CB_GASM(1.0),08/09/26 23:00:00,M,IC_OBS,G3000,TJ_GCV,DE,2023-09,139134.913,,
ESTAT:NRG_CB_GASM(1.0),08/09/26 23:00:00,M,IC_OBS,G3000,TJ_GCV,DE,2023-10,197223.046,,
ESTAT:NRG_CB_GASM(1.0),08/09/26 23:00:00,M,IC_OBS,G3000,TJ_GCV,DE,2023-11,321584.956,,
ESTAT:NRG_CB_GASM(1.0),08/09/26 23:00:00,M,IC_OBS,G3000,TJ_GCV,DE,2023-12,371104.086,,
ESTAT:NRG_CB_GASM(1.0),08/09/26 23:00:00,M,IC_OBS,G3000,TJ_GCV,DE,2024-01,446687.058,,
ESTAT:NRG_CB_GASM(1.0),08/09/26 23:00:00,M,IC_OBS,G3000,TJ_GCV,DE,2024-02,313813.849,,
ESTAT:NRG_CB_GASM(1.0),08/09/26 23:00:00,M,IC_OBS,G3000,TJ_GCV,DE,2024-03,296577.321,,
ESTAT:NRG_CB_GASM(1.0),08/09/26 23:00:00,M,IC_OBS,G3000,TJ_GCV,DE,2024-04,237920.598,,
ESTAT:NRG_CB_GASM(1.0),08/09/26 23:00:00,M,IC_OBS,G3000,TJ_GCV,DE,2024-05,164570.813,,
ESTAT:NRG_CB_GASM(1.0),08/09/26 23:00:00,M,IC_OBS,G3000,TJ_GCV,DE,2024-06,144746.347,,
ESTAT:NRG_CB_GASM(1.0),08/09/26 23:00:00,M,IC_OBS,G3000,TJ_GCV,DE,2024-07,135630.983,,
ESTAT:NRG_CB_GASM(1.0),08/09/26 23:00:00,M,IC_OBS,G3000,TJ_GCV,DE,2024-08,132100.344,,
ESTAT:NRG_CB_GASM(1.0),08/09/26 23:00:00,M,IC_OBS,G3000,TJ_GCV,DE,2024-09,156170.135,,
ESTAT:NRG_CB_GASM(1.0),08/09/26 23:00:00,M,IC_OBS,G3000,TJ_GCV,DE,2024-10,206868.073,,
ESTAT:NRG_CB_GASM(1.0),08/09/26 23:00:00,M,IC_OBS,G3000,TJ_GCV,DE,2024-11,355532.441,,
ESTAT:NRG_CB_GASM(1.0),08/09/26 23:00:00,M,IC_OBS,G3000,TJ_GCV,DE,2024-12,422430.616,,
ESTAT:NRG_CB_GASM(1.0),08/09/26 23:00:00,M,IC_OBS,G3000,TJ_GCV,DE,2025-01,443709.319,,
ESTAT:NRG_CB_GASM(1.0),08/09/26 23:00:00,M,IC_OBS,G3000,TJ_GCV,DE,2025-02,420880.882,,
ESTAT:NRG_CB_GASM(1.0),08/09/26 23:00:00,M,IC_OBS,G3000,TJ_GCV,DE,2025-03,319226.836,,
ESTAT:NRG_CB_GASM(1.0),08/09/26 23:00:00,M,IC_OBS,G3000,TJ_GCV,DE,2025-04,213445.922,,
ESTAT:NRG_CB_GASM(1.0),08/09/26 23:00:00,M,IC_OBS,G3000,TJ_GCV,DE,2025-05,172109.916,,
ESTAT:NRG_CB_GASM(1.0),08/09/26 23:00:00,M,IC_OBS,G3000,TJ_GCV,DE,2025-06,123782.596,,
ESTAT:NRG_CB_GASM(1.0),08/09/26 23:00:00,M,IC_OBS,G3000,TJ_GCV,DE,2025-07,127120.681,,
ESTAT:NRG_CB_GASM(1.0),08/09/26 23:00:00,M,IC_OBS,G3000,TJ_GCV,DE,2025-08,125994.736,,
ESTAT:NRG_CB_GASM(1.0),08/09/26 23:00:00,M,IC_OBS,G3000,TJ_GCV,DE,2025-09,143562.168,,
ESTAT:NRG_CB_GASM(1.0),08/09/26 23:00:00,M,IC_OBS,G3000,TJ_GCV,DE,2025-10,259973.400,,
ESTAT:NRG_CB_GASM(1.0),08/09/26 23:00:00,M,IC_OBS,G3000,TJ_GCV,DE,2025-11,352573.999,,
ESTAT:NRG_CB_GASM(1.0),08/09/26 23:00:00,M,IC_OBS,G3000,TJ_GCV,DE,2025-12,411856.057,,
ESTAT:NRG_CB_GASM(1.0),08/09/26 23:00:00,M,IC_OBS,G3000,TJ_GCV,DE,2026-01,499772.887,,
ESTAT:NRG_CB_GASM(1.0),08/09/26 23:00:00,M,IC_OBS,G3000,TJ_GCV,DE,2026-02,382104.095,,
ESTAT:NRG_CB_GASM(1.0),08/09/26 23:00:00,M,IC_OBS,G3000,TJ_GCV,DE,2026-03,295716.758,,
ESTAT:NRG_CB_GASM(1.0),08/09/26 23:00:00,M,IC_OBS,G3000,TJ_GCV,DE,2026-04,230231.568,,
ESTAT:NRG_CB_GASM(1.0),08/09/26 23:00:00,M,IC_OBS,G3000,TJ_GCV,DE,2026-05,175984.000,,
ESTAT:NRG_CB_GASM(1.0),08/09/26 23:00:00,M,IC_OBS,G3000,TJ_GCV,DE,2026-06,132650.052,,
ESTAT:NRG_CB_GASM(1.0),08/09/26 23:00:00,M,IMP,G3000,MIO_M3,DE,2014-01,13241.000,,
ESTAT:NRG_CB_GASM(1.0),08/09/26 23:00:00,M,IMP,G3000,MIO_M3,DE,2014-02,11322.000,,
ESTAT:NRG_CB_GASM(1.0),08/09/26 23:00:00,M,IMP,G3000,MIO_M3,DE,2014-03,12019.000,,
ESTAT:NRG_CB_GASM(1.0),08/09/26 23:00:00,M,IMP,G3000,MIO_M3,DE,2014-04,10667.000,,
ESTAT:NRG_CB_GASM(1.0),08/09/26 23:00:00,M,IMP,G3000,MIO_M3,DE,2014-05,13085.000,,
ESTAT:NRG_CB_GASM(1.0),08/09/26 23:00:00,M,IMP,G3000,MIO_M3,DE,2014-06,10733.000,,
ESTAT:NRG_CB_GASM(1.0),08/09/26 23:00:00,M,IMP,G3000,MIO_M3,DE,2014-07,11774.000,,
ESTAT:NRG_CB_GASM(1.0),08/09/26 23:00:00,M,IMP,G3000,MIO_M3,DE,2014-08,10177.000,,
ESTAT:NRG_CB_GASM(1.0),08/09/26 23:00:00,M,IMP,G3000,MIO_M3,DE,2014-09,11163.000,,
ESTAT:NRG_CB_GASM(1.0),08/09/26 23:00:00,M,IMP,G3000,MIO_M3,DE,2014-10,12533.000,,
ESTAT:NRG_CB_GASM(1.0),08/09/26 23:00:00,M,IMP,G3000,MIO_M3,DE,2014-11,14754.000,,
ESTAT:NRG_CB_GASM(1.0),08/09/26 23:00:00,M,IMP,G3000,MIO_M3,DE,2014-12,12361.000,,
ESTAT:NRG_CB_GASM(1.0),08/09/26 23:00:00,M,IMP,G3000,MIO_M3,DE,2015-01,11063.000,,
ESTAT:NRG_CB_GASM(1.0),08/09/26 23:00:00,M,IMP,G3000,MIO_M3,DE,2015-02,9629.000,,
ESTAT:NRG_CB_GASM(1.0),08/09/26 23:00:00,M,IMP,G3000,MIO_M3,DE,2015-03,12041.000,,
ESTAT:NRG_CB_GASM(1.0),08/09/26 23:00:00,M,IMP,G3000,MIO_M3,DE,2015-04,11667.000,,
ESTAT:NRG_CB_GASM(1.0),08/09/26 23:00:00,M,IMP,G3000,MIO_M3,DE,2015-05,12352.000,,
ESTAT:NRG_CB_GASM(1.0),08/09/26 23:00:00,M,IMP,G3000,MIO_M3,DE,2015-06,11545.000,,
ESTAT:NRG_CB_GASM(1.0),08/09/26 23:00:00,M,IMP,G3000,MIO_M3,DE,2015-07,12269.000,,
ESTAT:NRG_CB_GASM(1.0),08/09/26 23:00:00,M,IMP,G3000,MIO_M3,DE,2015-08,10218.000,,
ESTAT:NRG_CB_GASM(1.0),08/09/26 23:00:00,M,IMP,G3000,MIO_M3,DE,2015-09,11391.000,,
ESTAT:NRG_CB_GASM(1.0),08/09/26 23:00:00,M,IMP,G3000,MIO_M3,DE,2015-10,12727.000,,
ESTAT:NRG_CB_GASM(1.0),08/09/26 23:00:00,M,IMP,G3000,MIO_M3,DE,2015-11,13002.000,,
ESTAT:NRG_CB_GASM(1.0),08/09/26 23:00:00,M,IMP,G3000,MIO_M3,DE,2015-12,13736.000,,
ESTAT:NRG_CB_GASM(1.0),08/09/26 23:00:00,M,IMP,G3000,MIO_M3,DE,2016-01,13357.000,,
ESTAT:NRG_CB_GASM(1.0),08/09/26 23:00:00,M,IMP,G3000,MIO_M3,DE,2016-02,13626.000,,
ESTAT:NRG_CB_GASM(1.0),08/09/26 23:00:00,M,IMP,G3000,MIO_M3,DE,2016-03,13490.000,,
ESTAT:NRG_CB_GASM(1.0),08/09/26 23:00:00,M,IMP,G3000,MIO_M3,DE,2016-04,12928.000,,
ESTAT:NRG_CB_GASM(1.0),08/09/26 23:00:00,M,IMP,G3000,MIO_M3,DE,2016-05,12137.000,,
ESTAT:NRG_CB_GASM(1.0),08/09/26 23:00:00,M,IMP,G3000,MIO_M3,DE,2016-06,11140.000,,
ESTAT:NRG_CB_GASM(1.0),08/09/26 23:00:00,M,IMP,G3000,MIO_M3,DE,2016-07,12295.000,,
ESTAT:NRG_CB_GASM(1.0),08/09/26 23:00:00,M,IMP,G3000,MIO_M3,DE,2016-08,10667.000,,
ESTAT:NRG_CB_GASM(1.0),08/09/26 23:00:00,M,IMP,G3000,MIO_M3,DE,2016-09,10898.000,,
ESTAT:NRG_CB_GASM(1.0),08/09/26 23:00:00,M,IMP,G3000,MIO_M3,DE,2016-10,13097.000,,
ESTAT:NRG_CB_GASM(1.0),08/09/26 23:00:00,M,IMP,G3000,MIO_M3,DE,2016-11,13011.000,,
ESTAT:NRG_CB_GASM(1.0),08/09/26 23:00:00,M,IMP,G3000,MIO_M3,DE,2016-12,13915.000,,
ESTAT:NRG_CB_GASM(1.0),08/09/26 23:00:00,M,IMP,G3000,MIO_M3,DE,2017-01,14819.000,,
ESTAT:NRG_CB_GASM(1.0),08/09/26 23:00:00,M,IMP,G3000,MIO_M3,DE,2017-02,12108.000,,
ESTAT:NRG_CB_GASM(1.0),08/09/26 23:00:00,M,IMP,G3000,MIO_M3,DE,2017-03,13395.000,,
ESTAT:NRG_CB_GASM(1.0),08/09/26 23:00:00,M,IMP,G3000,MIO_M3,DE,2017-04,12969.000,,
ESTAT:NRG_CB_GASM(1.0),08/09/26 23:00:00,M,IMP,G3000,MIO_M3,DE,2017-05,12323.000,,
ESTAT:NRG_CB_GASM(1.0),08/09/26 23:00:00,M,IMP,G3000,MIO_M3,DE,2017-06,11093.000,,
ESTAT:NRG_CB_GASM(1.0),08/09/26 23:00:00,M,IMP,G3000,MIO_M3,DE,2017-07,12243.000,,
ESTAT:NRG_CB_GASM(1.0),08/09/26 23:00:00,M,IMP,G3000,MIO_M3,DE,2017-08,11599.000,,
ESTAT:NRG_CB_GASM(1.0),08/09/26 23:00:00,M,IMP,G3000,MIO_M3,DE,2017-09,10627.000,,
ESTAT:NRG_CB_GASM(1.0),08/09/26 23:00:00,M,IMP,G3000,MIO_M3,DE,2017-10,14327.000,,
ESTAT:NRG_CB_GASM(1.0),08/09/26 23:00:00,M,IMP,G3000,MIO_M3,DE,2017-11,13937.000,,
ESTAT:NRG_CB_GASM(1.0),08/09/26 23:00:00,M,IMP,G3000,MIO_M3,DE,2017-12,14115.000,,
ESTAT:NRG_CB_GASM(1.0),08/09/26 23:00:00,M,IMP,G3000,MIO_M3,DE,2018-01,14303.000,,
ESTAT:NRG_CB_GASM(1.0),08/09/26 23:00:00,M,IMP,G3000,MIO_M3,DE,2018-02,12893.000,,
ESTAT:NRG_CB_GASM(1.0),08/09/26 23:00:00,M,IMP,G3000,MIO_M3,DE,2018-03,14277.000,,
ESTAT:NRG_CB_GASM(1.0),08/09/26 23:00:00,M,IMP,G3000,MIO_M3,DE,2018-04,13704.000,,
ESTAT:NRG_CB_GASM(1.0),08/09/26 23:00:00,M,IMP,G3000,MIO_M3,DE,2018-05,14270.000,,
ESTAT:NRG_CB_GASM(1.0),08/09/26 23:00:00,M,IMP,G3000,MIO_M3,DE,2018-06,12952.000,,
ESTAT:NRG_CB_GASM(1.0),08/09/26 23:00:00,M,IMP,G3000,MIO_M3,DE,2018-07,10925.000,,
ESTAT:NRG_CB_GASM(1.0),08/09/26 23:00:00,M,IMP,G3000,MIO_M3,DE,2018-08,13602.000,,
ESTAT:NRG_CB_GASM(1.0),08/09/26 23:00:00,M,IMP,G3000,MIO_M3,DE,2018-09,12785.000,,
ESTAT:NRG_CB_GASM(1.0),08/09/26 23:00:00,M,IMP,G3000,MIO_M3,DE,2018-10,14127.000,,
ESTAT:NRG_CB_GASM(1.0),08/09/26 23:00:00,M,IMP,G3000,MIO_M3,DE,2018-11,14270.000,,
ESTAT:NRG_CB_GASM(1.0),08/09/26 23:00:00,M,IMP,G3000,MIO_M3,DE,2018-12,14284.000,,
ESTAT:NRG_CB_GASM(1.0),08/09/26 23:00:00,M,IMP,G3000,MIO_M3,DE,2019-01,15223.000,,
ESTAT:NRG_CB_GASM(1.0),08/09/26 23:00:00,M,IMP,G3000,MIO_M3,DE,2019-02,13558.000,,
ESTAT:NRG_CB_GASM(1.0),08/09/26 23:00:00,M,IMP,G3000,MIO_M3,DE,2019-03,14578.000,,
ESTAT:NRG_CB_GASM(1.0),08/09/26 23:00:00,M,IMP,G3000,MIO_M3,DE,2019-04,14017.000,,
ESTAT:NRG_CB_GASM(1.0),08/09/26 23:00:00,M,IMP,G3000,MIO_M3,DE,2019-05,13960.000,,
ESTAT:NRG_CB_GASM(1.0),08/09/26 23:00:00,M,IMP,G3000,MIO_M3,DE,2019-06,12253.000,,
ESTAT:NRG_CB_GASM(1.0),08/09/26 23:00:00,M,IMP,G3000,MIO_M3,DE,2019-07,10537.000,,
ESTAT:NRG_CB_GASM(1.0),08/09/26 23:00:00,M,IMP,G3000,MIO_M3,DE,2019-08,11282.000,,
ESTAT:NRG_CB_GASM(1.0),08/09/26 23:00:00,M,IMP,G3000,MIO_M3,DE,2019-09,11346.000,,
ESTAT:NRG_CB_GASM(1.0),08/09/26 23:00:00,M,IMP,G3000,MIO_M3,DE,2019-10,12924.000,,
ESTAT:NRG_CB_GASM(1.0),08/09/26 23:00:00,M,IMP,G3000,MIO_M3,DE,2019-11,14263.000,,
ESTAT:NRG_CB_GASM(1.0),08/09/26 23:00:00,M,IMP,G3000,MIO_M3,DE,2019-12,14955.000,,
ESTAT:NRG_CB_GASM(1.0),08/09/26 23:00:00,M,IMP,G3000,MIO_M3,DE,2020-01,15329.096,,
ESTAT:NRG_CB_GASM(1.0),08/09/26 23:00:00,M,IMP,G3000,MIO_M3,DE,2020-02,13971.739,,
ESTAT:NRG_CB_GASM(1.0),08/09/26 23:00:00,M,IMP,G3000,MIO_M3,DE,2020-03,14008.030,,
ESTAT:NRG_CB_GASM(1.0),08/09/26 23:00:00,M,IMP,G3000,MIO_M3,DE,2020-04,13002.852,,
ESTAT:NRG_CB_GASM(1.0),08/09/26 23:00:00,M,IMP,G3000,MIO_M3,DE,2020-05,12768.447,,
ESTAT:NRG_CB_GASM(1.0),08/09/26 23:00:00,M,IMP,G3000,MIO_M3,DE,2020-06,12055.895,,
ESTAT:NRG_CB_GASM(1.0),08/09/26 23:00:00,M,IMP,G3000,MIO_M3,DE,2020-07,9596.712,,
ESTAT:NRG_CB_GASM(1.0),08/09/26 23:00:00,M,IMP,G3000,MIO_M3,DE,2020-08,11862.911,,
ESTAT:NRG_CB_GASM(1.0),08/09/26 23:00:00,M,IMP,G3000,MIO_M3,DE,2020-09,12191.105,,
ESTAT:NRG_CB_GASM(1.0),08/09/26 23:00:00,M,IMP,G3000,MIO_M3,DE,2020-10,13028.372,,
ESTAT:NRG_CB_GASM(1.0),08/09/26 23:00:00,M,IMP,G3000,MIO_M3,DE,2020-11,13687.576,,
ESTAT:NRG_CB_GASM(1.0),08/09/26 23:00:00,M,IMP,G3000,MIO_M3,DE,2020-12,13989.919,,
ESTAT:NRG_CB_GASM(1.0),08/09/26 23:00:00,M,IMP,G3000,MIO_M3,DE,2021-01,13710.403,,
ESTAT:NRG_CB_GASM(1.0),08/09/26 23:00:00,M,IMP,G3000,MIO_M3,DE,2021-02,12927.543,,
ESTAT:NRG_CB_GASM(1.0),08/09/26 23:00:00,M,IMP,G3000,MIO_M3,DE,2021-03,14938.991,,
ESTAT:NRG_CB_GASM(1.0),08/09/26 23:00:00,M,IMP,G3000,MIO_M3,DE,2021-04,14362.197,,
ESTAT:NRG_CB_GASM(1.0),08/09/26 23:00:00,M,IMP,G3000,MIO_M3,DE,2021-05,13749.294,,
ESTAT:NRG_CB_GASM(1.0),08/09/26 23:00:00,M,IMP,G3000,MIO_M3,DE,2021-06,12087.761,,
ESTAT:NRG_CB_GASM(1.0),08/09/26 23:00:00,M,IMP,G3000,MIO_M3,DE,2021-07,10443.034,,
ESTAT:NRG_CB_GASM(1.0),08/09/26 23:00:00,M,IMP,G3000,MIO_M3,DE,2021-08,11326.421,,
ESTAT:NRG_CB_GASM(1.0),08/09/26 23:00:00,M,IMP,G3000,MIO_M3,DE,2021-09,12073.625,,
ESTAT:NRG_CB_GASM(1.0),08/09/26 23:00:00,M,IMP,G3000,MIO_M3,DE,2021-10,12430.138,,
ESTAT:NRG_CB_GASM(1.0),08/09/26 23:00:00,M,IMP,G3000,MIO_M3,DE,2021-11,12821.291,,
ESTAT:NRG_CB_GASM(1.0),08/09/26 23:00:00,M,IMP,G3000,MIO_M3,DE,2021-12,13582.250,,
ESTAT:NRG_CB_GASM(1.0),08/09/26 23:00:00,M,IMP,G3000,MIO_M3,DE,2022-01,13500.545,,
ESTAT:NRG_CB_GASM(1.0),08/09/26 23:00:00,M,IMP,G3000,MIO_M3,DE,2022-02,12560.114,,
ESTAT:NRG_CB_GASM(1.0),08/09/26 23:00:00,M,IMP,G3000,MIO_M3,DE,2022-03,13875.986,,
ESTAT:NRG_CB_GASM(1.0),08/09/26 23:00:00,M,IMP,G3000,MIO_M3,DE,2022-04,14506.352,,
ESTAT:NRG_CB_GASM(1.0),08/09/26 23:00:00,M,IMP,G3000,MIO_M3,DE,2022-05,13297.700,,
ESTAT:NRG_CB_GASM(1.0),08/09/26 23:00:00,M,IMP,G3000,MIO_M3,DE,2022-06,10988.088,,
ESTAT:NRG_CB_GASM(1.0),08/09/26 23:00:00,M,IMP,G3000,MIO_M3,DE,2022-07,9663.217,,
ESTAT:NRG_CB_GASM(1.0),08/09/26 23:00:00,M,IMP,G3000,MIO_M3,DE,2022-08,9531.473,,
ESTAT:NRG_CB_GASM(1.0),08/09/26 23:00:00,M,IMP,G3000,MIO_M3,DE,2022-09,8159.227,,
ESTAT:NRG_CB_GASM(1.0),08/09/26 23:00:00,M,IMP,G3000,MIO_M3,DE,2022-10,9473.254,,
ESTAT:NRG_CB_GASM(1.0),08/09/26 23:00:00,M,IMP,G3000,MIO_M3,DE,2022-11,8974.711,,
ESTAT:NRG_CB_GASM(1.0),08/09/26 23:00:00,M,IMP,G3000,MIO_M3,DE,2022-12,9093.552,,
ESTAT:NRG_CB_GASM(1.0),08/09/26 23:00:00,M,IMP,G3000,MIO_M3,DE,2023-01,9191.344,,
ESTAT:NRG_CB_GASM(1.0),08/09/26 23:00:00,M,IMP,G3000,MIO_M3,DE,2023-02,8381.197,,
ESTAT:NRG_CB_GASM(1.0),08/09/26 23:00:00,M,IMP,G3000,MIO_M3,DE,2023-03,8477.776,,
ESTAT:NRG_CB_GASM(1.0),08/09/26 23:00:00,M,IMP,G3000,MIO_M3,DE,2023-04,8676.152,,
ESTAT:NRG_CB_GASM(1.0),08/09/26 23:00:00,M,IMP,G3000,MIO_M3,DE,2023-05,8568.720,,
ESTAT:NRG_CB_GASM(1.0),08/09/26 23:00:00,M,IMP,G3000,MIO_M3,DE,2023-06,6537.823,,
ESTAT:NRG_CB_GASM(1.0),08/09/26 23:00:00,M,IMP,G3000,MIO_M3,DE,2023-07,6654.722,,
ESTAT:NRG_CB_GASM(1.0),08/09/26 23:00:00,M,IMP,G3000,MIO_M3,DE,2023-08,6427.094,,
ESTAT:NRG_CB_GASM(1.0),08/09/26 23:00:00,M,IMP,G3000,MIO_M3,DE,2023-09,4766.360,,
ESTAT:NRG_CB_GASM(1.0),08/09/26 23:00:00,M,IMP,G3000,MIO_M3,DE,2023-10,6896.124,,
ESTAT:NRG_CB_GASM(1.0),08/09/26 23:00:00,M,IMP,G3000,MIO_M3,DE,2023-11,7973.001,,
ESTAT:NRG_CB_GASM(1.0),08/09/26 23:00:00,M,IMP,G3000,MIO_M3,DE,2023-12,8735.960,,
ESTAT:NRG_CB_GASM(1.0),08/09/26 23:00:00,M,IMP,G3000,MIO_M3,DE,2024-01,8138.362,,
ESTAT:NRG_CB_GASM(1.0),08/09/26 23:00:00,M,IMP,G3000,MIO_M3,DE,2024-02,7075.035,,
ESTAT:NRG_CB_GASM(1.0),08/09/26 23:00:00,M,IMP,G3000,MIO_M3,DE,2024-03,7138.906,,
ESTAT:NRG_CB_GASM(1.0),08/09/26 23:00:00,M,IMP,G3000,MIO_M3,DE,2024-04,6931.052,,
ESTAT:NRG_CB_GASM(1.0),08/09/26 23:00:00,M,IMP,G3000,MIO_M3,DE,2024-05,6220.648,,
ESTAT:NRG_CB_GASM(1.0),08/09/26 23:00:00,M,IMP,G3000,MIO_M3,DE,2024-06,6357.266,,
ESTAT:NRG_CB_GASM(1.0),08/09/26 23:00:00,M,IMP,G3000,MIO_M3,DE,2024-07,6411.613,,
ESTAT:NRG_CB_GASM(1.0),08/09/26 23:00:00,M,IMP,G3000,MIO_M3,DE,2024-08,6018.552,,
ESTAT:NRG_CB_GASM(1.0),08/09/26 23:00:00,M,IMP,G3000,MIO_M3,DE,2024-09,4955.879,,
ESTAT:NRG_CB_GASM(1.0),08/09/26 23:00:00,M,IMP,G3000,MIO_M3,DE,2024-10,6641.593,,
ESTAT:NRG_CB_GASM(1.0),08/09/26 23:00:00,M,IMP,G3000,MIO_M3,DE,2024-11,7528.462,,
ESTAT:NRG_CB_GASM(1.0),08/09/26 23:00:00,M,IMP,G3000,MIO_M3,DE,2024-12,8005.566,,
ESTAT:NRG_CB_GASM(1.0),08/09/26 23:00:00,M,IMP,G3000,MIO_M3,DE,2025-01,7461.739,,
ESTAT:NRG_CB_GASM(1.0),08/09/26 23:00:00,M,IMP,G3000,MIO_M3,DE,2025-02,6758.238,,
ESTAT:NRG_CB_GASM(1.0),08/09/26 23:00:00,M,IMP,G3000,MIO_M3,DE,2025-03,7829.919,,
ESTAT:NRG_CB_GASM(1.0),08/09/26 23:00:00,M,IMP,G3000,MIO_M3,DE,2025-04,8420.328,,
ESTAT:NRG_CB_GASM(1.0),08/09/26 23:00:00,M,IMP,G3000,MIO_M3,DE,2025-05,8666.842,,
ESTAT:NRG_CB_GASM(1.0),08/09/26 23:00:00,M,IMP,G3000,MIO_M3,DE,2025-06,8237.036,,
ESTAT:NRG_CB_GASM(1.0),08/09/26 23:00:00,M,IMP,G3000,MIO_M3,DE,2025-07,8644.181,,
ESTAT:NRG_CB_GASM(1.0),08/09/26 23:00:00,M,IMP,G3000,MIO_M3,DE,2025-08,8205.471,,
ESTAT:NRG_CB_GASM(1.0),08/09/26 23:00:00,M,IMP,G3000,MIO_M3,DE,2025-09,7267.202,,
ESTAT:NRG_CB_GASM(1.0),08/09/26 23:00:00,M,IMP,G3000,MIO_M3,DE,2025-10,8095.448,,
ESTAT:NRG_CB_GASM(1.0),08/09/26 23:00:00,M,IMP,G3000,MIO_M3,DE,2025-11,8982.290,,
ESTAT:NRG_CB_GASM(1.0),08/09/26 23:00:00,M,IMP,G3000,MIO_M3,DE,2025-12,9966.600,,
ESTAT:NRG_CB_GASM(1.0),08/09/26 23:00:00,M,IMP,G3000,MIO_M3,DE,2026-01,9672.983,,
ESTAT:NRG_CB_GASM(1.0),08/09/26 23:00:00,M,IMP,G3000,MIO_M3,DE,2026-02,8809.274,,
ESTAT:NRG_CB_GASM(1.0),08/09/26 23:00:00,M,IMP,G3000,MIO_M3,DE,2026-03,9352.022,,
ESTAT:NRG_CB_GASM(1.0),08/09/26 23:00:00,M,IMP,G3000,MIO_M3,DE,2026-04,8702.173,,
ESTAT:NRG_CB_GASM(1.0),08/09/26 23:00:00,M,IMP,G3000,MIO_M3,DE,2026-05,8104.966,,
ESTAT:NRG_CB_GASM(1.0),08/09/26 23:00:00,M,IMP,G3000,MIO_M3,DE,2026-06,7716.043,,
ESTAT:NRG_CB_GASM(1.0),08/09/26 23:00:00,M,IMP,G3000,TJ_GCV,DE,2008-01,343092.000,,
ESTAT:NRG_CB_GASM(1.0),08/09/26 23:00:00,M,IMP,G3000,TJ_GCV,DE,2008-02,298527.000,,
ESTAT:NRG_CB_GASM(1.0),08/09/26 23:00:00,M,IMP,G3000,TJ_GCV,DE,2008-03,354987.000,,
ESTAT:NRG_CB_GASM(1.0),08/09/26 23:00:00,M,IMP,G3000,TJ_GCV,DE,2008-04,322524.000,,
ESTAT:NRG_CB_GASM(1.0),08/09/26 23:00:00,M,IMP,G3000,TJ_GCV,DE,2008-05,294494.000,,
ESTAT:NRG_CB_GASM(1.0),08/09/26 23:00:00,M,IMP,G3000,TJ_GCV,DE,2008-06,287258.000,,
ESTAT:NRG_CB_GASM(1.0),08/09/26 23:00:00,M,IMP,G3000,TJ_GCV,DE,2008-07,249470.000,,
ESTAT:NRG_CB_GASM(1.0),08/09/26 23:00:00,M,IMP,G3000,TJ_GCV,DE,2008-08,213097.000,,
ESTAT:NRG_CB_GASM(1.0),08/09/26 23:00:00,M,IMP,G3000,TJ_GCV,DE,2008-09,245700.000,,
ESTAT:NRG_CB_GASM(1.0),08/09/26 23:00:00,M,IMP,G3000,TJ_GCV,DE,2008-10,287318.000,,
ESTAT:NRG_CB_GASM(1.0),08/09/26 23:00:00,M,IMP,G3000,TJ_GCV,DE,2008-11,283373.000,,
ESTAT:NRG_CB_GASM(1.0),08/09/26 23:00:00,M,IMP,G3000,TJ_GCV,DE,2008-12,300631.000,,
ESTAT:NRG_CB_GASM(1.0),08/09/26 23:00:00,M,IMP,G3000,TJ_GCV,DE,2009-01,321956.000,,
ESTAT:NRG_CB_GASM(1.0),08/09/26 23:00:00,M,IMP,G3000,TJ_GCV,DE,2009-02,263721.000,,
ESTAT:NRG_CB_GASM(1.0),08/09/26 23:00:00,M,IMP,G3000,TJ_GCV,DE,2009-03,247875.000,,
ESTAT:NRG_CB_GASM(1.0),08/09/26 23:00:00,M,IMP,G3000,TJ_GCV,DE,2009-04,224256.000,,
ESTAT:NRG_CB_GASM(1.0),08/09/26 23:00:00,M,IMP,G3000,TJ_GCV,DE,2009-05,257764.000,,
ESTAT:NRG_CB_GASM(1.0),08/09/26 23:00:00,M,IMP,G3000,TJ_GCV,DE,2009-06,282780.000,,
ESTAT:NRG_CB_GASM(1.0),08/09/26 23:00:00,M,IMP,G3000,TJ_GCV,DE,2009-07,318997.000,,
ESTAT:NRG_CB_GASM(1.0),08/09/26 23:00:00,M,IMP,G3000,TJ_GCV,DE,2009-08,301893.000,,
ESTAT:NRG_CB_GASM(1.0),08/09/26 23:00:00,M,IMP,G3000,TJ_GCV,DE,2009-09,271182.000,,
ESTAT:NRG_CB_GASM(1.0),08/09/26 23:00:00,M,IMP,G3000,TJ_GCV,DE,2009-10,317030.000,,
ESTAT:NRG_CB_GASM(1.0),08/09/26 23:00:00,M,IMP,G3000,TJ_GCV,DE,2009-11,342216.000,,
ESTAT:NRG_CB_GASM(1.0),08/09/26 23:00:00,M,IMP,G3000,TJ_GCV,DE,2009-12,401608.000,,
ESTAT:NRG_CB_GASM(1.0),08/09/26 23:00:00,M,IMP,G3000,TJ_GCV,DE,2010-01,371277.000,,
ESTAT:NRG_CB_GASM(1.0),08/09/26 23:00:00,M,IMP,G3000,TJ_GCV,DE,2010-02,348840.000,,
ESTAT:NRG_CB_GASM(1.0),08/09/26 23:00:00,M,IMP,G3000,TJ_GCV,DE,2010-03,362302.000,,
ESTAT:NRG_CB_GASM(1.0),08/09/26 23:00:00,M,IMP,G3000,TJ_GCV,DE,2010-04,323687.000,,
ESTAT:NRG_CB_GASM(1.0),08/09/26 23:00:00,M,IMP,G3000,TJ_GCV,DE,2010-05,332954.000,,
ESTAT:NRG_CB_GASM(1.0),08/09/26 23:00:00,M,IMP,G3000,TJ_GCV,DE,2010-06,256895.000,,
ESTAT:NRG_CB_GASM(1.0),08/09/26 23:00:00,M,IMP,G3000,TJ_GCV,DE,2010-07,257476.000,,
ESTAT:NRG_CB_GASM(1.0),08/09/26 23:00:00,M,IMP,G3000,TJ_GCV,DE,2010-08,217507.000,,
ESTAT:NRG_CB_GASM(1.0),08/09/26 23:00:00,M,IMP,G3000,TJ_GCV,DE,2010-09,221379.000,,
ESTAT:NRG_CB_GASM(1.0),08/09/26 23:00:00,M,IMP,G3000,TJ_GCV,DE,2010-10,312240.000,,
ESTAT:NRG_CB_GASM(1.0),08/09/26 23:00:00,M,IMP,G3000,TJ_GCV,DE,2010-11,329652.000,,
ESTAT:NRG_CB_GASM(1.0),08/09/26 23:00:00,M,IMP,G3000,TJ_GCV,DE,2010-12,375328.000,,
ESTAT:NRG_CB_GASM(1.0),08/09/26 23:00:00,M,IMP,G3000,TJ_GCV,DE,2011-01,396225.000,,
ESTAT:NRG_CB_GASM(1.0),08/09/26 23:00:00,M,IMP,G3000,TJ_GCV,DE,2011-02,345567.000,,
ESTAT:NRG_CB_GASM(1.0),08/09/26 23:00:00,M,IMP,G3000,TJ_GCV,DE,2011-03,390759.000,,
ESTAT:NRG_CB_GASM(1.0),08/09/26 23:00:00,M,IMP,G3000,TJ_GCV,DE,2011-04,327131.000,,
ESTAT:NRG_CB_GASM(1.0),08/09/26 23:00:00,M,IMP,G3000,TJ_GCV,DE,2011-05,300920.000,,
ESTAT:NRG_CB_GASM(1.0),08/09/26 23:00:00,M,IMP,G3000,TJ_GCV,DE,2011-06,250052.000,,
ESTAT:NRG_CB_GASM(1.0),08/09/26 23:00:00,M,IMP,G3000,TJ_GCV,DE,2011-07,209818.000,,
ESTAT:NRG_CB_GASM(1.0),08/09/26 23:00:00,M,IMP,G3000,TJ_GCV,DE,2011-08,183013.000,,
ESTAT:NRG_CB_GASM(1.0),08/09/26 23:00:00,M,IMP,G3000,TJ_GCV,DE,2011-09,177546.000,,
ESTAT:NRG_CB_GASM(1.0),08/09/26 23:00:00,M,IMP,G3000,TJ_GCV,DE,2011-10,238380.000,,
ESTAT:NRG_CB_GASM(1.0),08/09/26 23:00:00,M,IMP,G3000,TJ_GCV,DE,2011-11,316587.000,,
ESTAT:NRG_CB_GASM(1.0),08/09/26 23:00:00,M,IMP,G3000,TJ_GCV,DE,2011-12,333262.000,,
ESTAT:NRG_CB_GASM(1.0),08/09/26 23:00:00,M,IMP,G3000,TJ_GCV,DE,2012-01,354062.000,,
ESTAT:NRG_CB_GASM(1.0),08/09/26 23:00:00,M,IMP,G3000,TJ_GCV,DE,2012-02,350408.000,,
ESTAT:NRG_CB_GASM(1.0),08/09/26 23:00:00,M,IMP,G3000,TJ_GCV,DE,2012-03,337027.000,,
ESTAT:NRG_CB_GASM(1.0),08/09/26 23:00:00,M,IMP,G3000,TJ_GCV,DE,2012-04,318643.000,,
ESTAT:NRG_CB_GASM(1.0),08/09/26 23:00:00,M,IMP,G3000,TJ_GCV,DE,2012-05,257521.000,,
ESTAT:NRG_CB_GASM(1.0),08/09/26 23:00:00,M,IMP,G3000,TJ_GCV,DE,2012-06,212960.000,,
ESTAT:NRG_CB_GASM(1.0),08/09/26 23:00:00,M,IMP,G3000,TJ_GCV,DE,2012-07,240938.000,,
ESTAT:NRG_CB_GASM(1.0),08/09/26 23:00:00,M,IMP,G3000,TJ_GCV,DE,2012-08,210845.000,,
ESTAT:NRG_CB_GASM(1.0),08/09/26 23:00:00,M,IMP,G3000,TJ_GCV,DE,2012-09,226107.000,,
ESTAT:NRG_CB_GASM(1.0),08/09/26 23:00:00,M,IMP,G3000,TJ_GCV,DE,2012-10,264832.000,,
ESTAT:NRG_CB_GASM(1.0),08/09/26 23:00:00,M,IMP,G3000,TJ_GCV,DE,2012-11,288550.000,p,
ESTAT:NRG_CB_GASM(1.0),08/09/26 23:00:00,M,IMP,G3000,TJ_GCV,DE,2012-12,347933.000,,
ESTAT:NRG_CB_GASM(1.0),08/09/26 23:00:00,M,IMP,G3000,TJ_GCV,DE,2013-01,326936.000,,
ESTAT:NRG_CB_GASM(1.0),08/09/26 23:00:00,M,IMP,G3000,TJ_GCV,DE,2013-02,300056.000,,
ESTAT:NRG_CB_GASM(1.0),08/09/26 23:00:00,M,IMP,G3000,TJ_GCV,DE,2013-03,392864.000,,
ESTAT:NRG_CB_GASM(1.0),08/09/26 23:00:00,M,IMP,G3000,TJ_GCV,DE,2013-04,324896.000,,
ESTAT:NRG_CB_GASM(1.0),08/09/26 23:00:00,M,IMP,G3000,TJ_GCV,DE,2013-05,307035.000,,
ESTAT:NRG_CB_GASM(1.0),08/09/26 23:00:00,M,IMP,G3000,TJ_GCV,DE,2013-06,274652.000,,
ESTAT:NRG_CB_GASM(1.0),08/09/26 23:00:00,M,IMP,G3000,TJ_GCV,DE,2013-07,306472.000,,
ESTAT:NRG_CB_GASM(1.0),08/09/26 23:00:00,M,IMP,G3000,TJ_GCV,DE,2013-08,294334.000,,
ESTAT:NRG_CB_GASM(1.0),08/09/26 23:00:00,M,IMP,G3000,TJ_GCV,DE,2013-09,298513.000,,
ESTAT:NRG_CB_GASM(1.0),08/09/26 23:00:00,M,IMP,G3000,TJ_GCV,DE,2013-10,250116.000,,
ESTAT:NRG_CB_GASM(1.0),08/09/26 23:00:00,M,IMP,G3000,TJ_GCV,DE,2013-11,291819.000,,
ESTAT:NRG_CB_GASM(1.0),08/09/26 23:00:00,M,IMP,G3000,TJ_GCV,DE,2013-12,333021.000,,
ESTAT:NRG_CB_GASM(1.0),08/09/26 23:00:00,M,IMP,G3000,TJ_GCV,DE,2014-01,516231.000,,
ESTAT:NRG_CB_GASM(1.0),08/09/26 23:00:00,M,IMP,G3000,TJ_GCV,DE,2014-02,441457.000,,
ESTAT:NRG_CB_GASM(1.0),08/09/26 23:00:00,M,IMP,G3000,TJ_GCV,DE,2014-03,468631.000,,
ESTAT:NRG_CB_GASM(1.0),08/09/26 23:00:00,M,IMP,G3000,TJ_GCV,DE,2014-04,415875.000,,
ESTAT:NRG_CB_GASM(1.0),08/09/26 23:00:00,M,IMP,G3000,TJ_GCV,DE,2014-05,510129.000,,
ESTAT:NRG_CB_GASM(1.0),08/09/26 23:00:00,M,IMP,G3000,TJ_GCV,DE,2014-06,418478.000,,
ESTAT:NRG_CB_GASM(1.0),08/09/26 23:00:00,M,IMP,G3000,TJ_GCV,DE,2014-07,459062.000,,
ESTAT:NRG_CB_GASM(1.0),08/09/26 23:00:00,M,IMP,G3000,TJ_GCV,DE,2014-08,396795.000,,
ESTAT:NRG_CB_GASM(1.0),08/09/26 23:00:00,M,IMP,G3000,TJ_GCV,DE,2014-09,435230.000,,
ESTAT:NRG_CB_GASM(1.0),08/09/26 23:00:00,M,IMP,G3000,TJ_GCV,DE,2014-10,488689.000,,
ESTAT:NRG_CB_GASM(1.0),08/09/26 23:00:00,M,IMP,G3000,TJ_GCV,DE,2014-11,575263.000,,
ESTAT:NRG_CB_GASM(1.0),08/09/26 23:00:00,M,IMP,G3000,TJ_GCV,DE,2014-12,481947.000,,
ESTAT:NRG_CB_GASM(1.0),08/09/26 23:00:00,M,IMP,G3000,TJ_GCV,DE,2015-01,431278.000,,
ESTAT:NRG_CB_GASM(1.0),08/09/26 23:00:00,M,IMP,G3000,TJ_GCV,DE,2015-02,375401.000,,
ESTAT:NRG_CB_GASM(1.0),08/09/26 23:00:00,M,IMP,G3000,TJ_GCV,DE,2015-03,469479.000,,
ESTAT:NRG_CB_GASM(1.0),08/09/26 23:00:00,M,IMP,G3000,TJ_GCV,DE,2015-04,454886.000,,
ESTAT:NRG_CB_GASM(1.0),08/09/26 23:00:00,M,IMP,G3000,TJ_GCV,DE,2015-05,481588.000,,
ESTAT:NRG_CB_GASM(1.0),08/09/26 23:00:00,M,IMP,G3000,TJ_GCV,DE,2015-06,450111.000,,
ESTAT:NRG_CB_GASM(1.0),08/09/26 23:00:00,M,IMP,G3000,TJ_GCV,DE,2015-07,478354.000,,
ESTAT:NRG_CB_GASM(1.0),08/09/26 23:00:00,M,IMP,G3000,TJ_GCV,DE,2015-08,398416.000,,
ESTAT:NRG_CB_GASM(1.0),08/09/26 23:00:00,M,IMP,G3000,TJ_GCV,DE,2015-09,444132.000,,
ESTAT:NRG_CB_GASM(1.0),08/09/26 23:00:00,M,IMP,G3000,TJ_GCV,DE,2015-10,496248.000,,
ESTAT:NRG_CB_GASM(1.0),08/09/26 23:00:00,M,IMP,G3000,TJ_GCV,DE,2015-11,506957.000,,
ESTAT:NRG_CB_GASM(1.0),08/09/26 23:00:00,M,IMP,G3000,TJ_GCV,DE,2015-12,535563.000,,
ESTAT:NRG_CB_GASM(1.0),08/09/26 23:00:00,M,IMP,G3000,TJ_GCV,DE,2016-01,520785.000,,
ESTAT:NRG_CB_GASM(1.0),08/09/26 23:00:00,M,IMP,G3000,TJ_GCV,DE,2016-02,531272.000,,
ESTAT:NRG_CB_GASM(1.0),08/09/26 23:00:00,M,IMP,G3000,TJ_GCV,DE,2016-03,525919.000,,
ESTAT:NRG_CB_GASM(1.0),08/09/26 23:00:00,M,IMP,G3000,TJ_GCV,DE,2016-04,503980.000,,
ESTAT:NRG_CB_GASM(1.0),08/09/26 23:00:00,M,IMP,G3000,TJ_GCV,DE,2016-05,473191.000,,
ESTAT:NRG_CB_GASM(1.0),08/09/26 23:00:00,M,IMP,G3000,TJ_GCV,DE,2016-06,434263.000,,
ESTAT:NRG_CB_GASM(1.0),08/09/26 23:00:00,M,IMP,G3000,TJ_GCV,DE,2016-07,479383.000,,
ESTAT:NRG_CB_GASM(1.0),08/09/26 23:00:00,M,IMP,G3000,TJ_GCV,DE,2016-08,415885.000,,
ESTAT:NRG_CB_GASM(1.0),08/09/26 23:00:00,M,IMP,G3000,TJ_GCV,DE,2016-09,424845.000,,
ESTAT:NRG_CB_GASM(1.0),08/09/26 23:00:00,M,IMP,G3000,TJ_GCV,DE,2016-10,510660.000,,
ESTAT:NRG_CB_GASM(1.0),08/09/26 23:00:00,M,IMP,G3000,TJ_GCV,DE,2016-11,507263.000,,
ESTAT:NRG_CB_GASM(1.0),08/09/26 23:00:00,M,IMP,G3000,TJ_GCV,DE,2016-12,542583.000,,
ESTAT:NRG_CB_GASM(1.0),08/09/26 23:00:00,M,IMP,G3000,TJ_GCV,DE,2017-01,577808.000,,
ESTAT:NRG_CB_GASM(1.0),08/09/26 23:00:00,M,IMP,G3000,TJ_GCV,DE,2017-02,472046.000,,
ESTAT:NRG_CB_GASM(1.0),08/09/26 23:00:00,M,IMP,G3000,TJ_GCV,DE,2017-03,522216.000,,
ESTAT:NRG_CB_GASM(1.0),08/09/26 23:00:00,M,IMP,G3000,TJ_GCV,DE,2017-04,505622.000,,
ESTAT:NRG_CB_GASM(1.0),08/09/26 23:00:00,M,IMP,G3000,TJ_GCV,DE,2017-05,480502.000,,
ESTAT:NRG_CB_GASM(1.0),08/09/26 23:00:00,M,IMP,G3000,TJ_GCV,DE,2017-06,432494.000,,
ESTAT:NRG_CB_GASM(1.0),08/09/26 23:00:00,M,IMP,G3000,TJ_GCV,DE,2017-07,477315.000,,
ESTAT:NRG_CB_GASM(1.0),08/09/26 23:00:00,M,IMP,G3000,TJ_GCV,DE,2017-08,452261.000,,
ESTAT:NRG_CB_GASM(1.0),08/09/26 23:00:00,M,IMP,G3000,TJ_GCV,DE,2017-09,414325.000,,
ESTAT:NRG_CB_GASM(1.0),08/09/26 23:00:00,M,IMP,G3000,TJ_GCV,DE,2017-10,558620.000,,
ESTAT:NRG_CB_GASM(1.0),08/09/26 23:00:00,M,IMP,G3000,TJ_GCV,DE,2017-11,543414.000,,
ESTAT:NRG_CB_GASM(1.0),08/09/26 23:00:00,M,IMP,G3000,TJ_GCV,DE,2017-12,550302.000,,
ESTAT:NRG_CB_GASM(1.0),08/09/26 23:00:00,M,IMP,G3000,TJ_GCV,DE,2018-01,557682.000,,
ESTAT:NRG_CB_GASM(1.0),08/09/26 23:00:00,M,IMP,G3000,TJ_GCV,DE,2018-02,502637.000,,
ESTAT:NRG_CB_GASM(1.0),08/09/26 23:00:00,M,IMP,G3000,TJ_GCV,DE,2018-03,556638.000,,
ESTAT:NRG_CB_GASM(1.0),08/09/26 23:00:00,M,IMP,G3000,TJ_GCV,DE,2018-04,534222.000,,
ESTAT:NRG_CB_GASM(1.0),08/09/26 23:00:00,M,IMP,G3000,TJ_GCV,DE,2018-05,556348.000,,
ESTAT:NRG_CB_GASM(1.0),08/09/26 23:00:00,M,IMP,G3000,TJ_GCV,DE,2018-06,504960.000,,
ESTAT:NRG_CB_GASM(1.0),08/09/26 23:00:00,M,IMP,G3000,TJ_GCV,DE,2018-07,425988.000,,
ESTAT:NRG_CB_GASM(1.0),08/09/26 23:00:00,M,IMP,G3000,TJ_GCV,DE,2018-08,530325.000,,
ESTAT:NRG_CB_GASM(1.0),08/09/26 23:00:00,M,IMP,G3000,TJ_GCV,DE,2018-09,498450.000,,
ESTAT:NRG_CB_GASM(1.0),08/09/26 23:00:00,M,IMP,G3000,TJ_GCV,DE,2018-10,550770.000,,
ESTAT:NRG_CB_GASM(1.0),08/09/26 23:00:00,M,IMP,G3000,TJ_GCV,DE,2018-11,556357.000,,
ESTAT:NRG_CB_GASM(1.0),08/09/26 23:00:00,M,IMP,G3000,TJ_GCV,DE,2018-12,556914.000,,
ESTAT:NRG_CB_GASM(1.0),08/09/26 23:00:00,M,IMP,G3000,TJ_GCV,DE,2019-01,593748.000,,
ESTAT:NRG_CB_GASM(1.0),08/09/26 23:00:00,M,IMP,G3000,TJ_GCV,DE,2019-02,528794.000,,
ESTAT:NRG_CB_GASM(1.0),08/09/26 23:00:00,M,IMP,G3000,TJ_GCV,DE,2019-03,568651.000,,
ESTAT:NRG_CB_GASM(1.0),08/09/26 23:00:00,M,IMP,G3000,TJ_GCV,DE,2019-04,546707.000,,
ESTAT:NRG_CB_GASM(1.0),08/09/26 23:00:00,M,IMP,G3000,TJ_GCV,DE,2019-05,544485.000,,
ESTAT:NRG_CB_GASM(1.0),08/09/26 23:00:00,M,IMP,G3000,TJ_GCV,DE,2019-06,477859.000,,
ESTAT:NRG_CB_GASM(1.0),08/09/26 23:00:00,M,IMP,G3000,TJ_GCV,DE,2019-07,410968.000,,
ESTAT:NRG_CB_GASM(1.0),08/09/26 23:00:00,M,IMP,G3000,TJ_GCV,DE,2019-08,440069.000,,
ESTAT:NRG_CB_GASM(1.0),08/09/26 23:00:00,M,IMP,G3000,TJ_GCV,DE,2019-09,442516.000,,
ESTAT:NRG_CB_GASM(1.0),08/09/26 23:00:00,M,IMP,G3000,TJ_GCV,DE,2019-10,503975.000,,
ESTAT:NRG_CB_GASM(1.0),08/09/26 23:00:00,M,IMP,G3000,TJ_GCV,DE,2019-11,556255.000,,
ESTAT:NRG_CB_GASM(1.0),08/09/26 23:00:00,M,IMP,G3000,TJ_GCV,DE,2019-12,583312.000,,
ESTAT:NRG_CB_GASM(1.0),08/09/26 23:00:00,M,IMP,G3000,TJ_GCV,DE,2020-01,597865.432,,
ESTAT:NRG_CB_GASM(1.0),08/09/26 23:00:00,M,IMP,G3000,TJ_GCV,DE,2020-02,544925.772,,
ESTAT:NRG_CB_GASM(1.0),08/09/26 23:00:00,M,IMP,G3000,TJ_GCV,DE,2020-03,546341.197,,
ESTAT:NRG_CB_GASM(1.0),08/09/26 23:00:00,M,IMP,G3000,TJ_GCV,DE,2020-04,507137.295,,
ESTAT:NRG_CB_GASM(1.0),08/09/26 23:00:00,M,IMP,G3000,TJ_GCV,DE,2020-05,497994.959,,
ESTAT:NRG_CB_GASM(1.0),08/09/26 23:00:00,M,IMP,G3000,TJ_GCV,DE,2020-06,470203.996,,
ESTAT:NRG_CB_GASM(1.0),08/09/26 23:00:00,M,IMP,G3000,TJ_GCV,DE,2020-07,374290.921,,
ESTAT:NRG_CB_GASM(1.0),08/09/26 23:00:00,M,IMP,G3000,TJ_GCV,DE,2020-08,462677.220,,
ESTAT:NRG_CB_GASM(1.0),08/09/26 23:00:00,M,IMP,G3000,TJ_GCV,DE,2020-09,475477.467,,
ESTAT:NRG_CB_GASM(1.0),08/09/26 23:00:00,M,IMP,G3000,TJ_GCV,DE,2020-10,508132.525,,
ESTAT:NRG_CB_GASM(1.0),08/09/26 23:00:00,M,IMP,G3000,TJ_GCV,DE,2020-11,533842.841,,
ESTAT:NRG_CB_GASM(1.0),08/09/26 23:00:00,M,IMP,G3000,TJ_GCV,DE,2020-12,545634.890,,
ESTAT:NRG_CB_GASM(1.0),08/09/26 23:00:00,M,IMP,G3000,TJ_GCV,DE,2021-01,534733.107,,
ESTAT:NRG_CB_GASM(1.0),08/09/26 23:00:00,M,IMP,G3000,TJ_GCV,DE,2021-02,504200.023,,
ESTAT:NRG_CB_GASM(1.0),08/09/26 23:00:00,M,IMP,G3000,TJ_GCV,DE,2021-03,582650.557,,
ESTAT:NRG_CB_GASM(1.0),08/09/26 23:00:00,M,IMP,G3000,TJ_GCV,DE,2021-04,560154.424,,
ESTAT:NRG_CB_GASM(1.0),08/09/26 23:00:00,M,IMP,G3000,TJ_GCV,DE,2021-05,536250.000,,
ESTAT:NRG_CB_GASM(1.0),08/09/26 23:00:00,M,IMP,G3000,TJ_GCV,DE,2021-06,471446.834,,
ESTAT:NRG_CB_GASM(1.0),08/09/26 23:00:00,M,IMP,G3000,TJ_GCV,DE,2021-07,407299.229,,
ESTAT:NRG_CB_GASM(1.0),08/09/26 23:00:00,M,IMP,G3000,TJ_GCV,DE,2021-08,441753.109,,
ESTAT:NRG_CB_GASM(1.0),08/09/26 23:00:00,M,IMP,G3000,TJ_GCV,DE,2021-09,470895.513,,
ESTAT:NRG_CB_GASM(1.0),08/09/26 23:00:00,M,IMP,G3000,TJ_GCV,DE,2021-10,484800.167,,
ESTAT:NRG_CB_GASM(1.0),08/09/26 23:00:00,M,IMP,G3000,TJ_GCV,DE,2021-11,500056.031,,
ESTAT:NRG_CB_GASM(1.0),08/09/26 23:00:00,M,IMP,G3000,TJ_GCV,DE,2021-12,529734.865,,
ESTAT:NRG_CB_GASM(1.0),08/09/26 23:00:00,M,IMP,G3000,TJ_GCV,DE,2022-01,526548.243,,
ESTAT:NRG_CB_GASM(1.0),08/09/26 23:00:00,M,IMP,G3000,TJ_GCV,DE,2022-02,489869.579,,
ESTAT:NRG_CB_GASM(1.0),08/09/26 23:00:00,M,IMP,G3000,TJ_GCV,DE,2022-03,541191.201,,
ESTAT:NRG_CB_GASM(1.0),08/09/26 23:00:00,M,IMP,G3000,TJ_GCV,DE,2022-04,565776.710,,
ESTAT:NRG_CB_GASM(1.0),08/09/26 23:00:00,M,IMP,G3000,TJ_GCV,DE,2022-05,518636.905,,
ESTAT:NRG_CB_GASM(1.0),08/09/26 23:00:00,M,IMP,G3000,TJ_GCV,DE,2022-06,428557.410,,
ESTAT:NRG_CB_GASM(1.0),08/09/26 23:00:00,M,IMP,G3000,TJ_GCV,DE,2022-07,376884.753,,
ESTAT:NRG_CB_GASM(1.0),08/09/26 23:00:00,M,IMP,G3000,TJ_GCV,DE,2022-08,371746.480,,
ESTAT:NRG_CB_GASM(1.0),08/09/26 23:00:00,M,IMP,G3000,TJ_GCV,DE,2022-09,318226.193,,
ESTAT:NRG_CB_GASM(1.0),08/09/26 23:00:00,M,IMP,G3000,TJ_GCV,DE,2022-10,369475.867,,
ESTAT:NRG_CB_GASM(1.0),08/09/26 23:00:00,M,IMP,G3000,TJ_GCV,DE,2022-11,350031.611,,
ESTAT:NRG_CB_GASM(1.0),08/09/26 23:00:00,M,IMP,G3000,TJ_GCV,DE,2022-12,354666.708,,
ESTAT:NRG_CB_GASM(1.0),08/09/26 23:00:00,M,IMP,G3000,TJ_GCV,DE,2023-01,358480.780,,
ESTAT:NRG_CB_GASM(1.0),08/09/26 23:00:00,M,IMP,G3000,TJ_GCV,DE,2023-02,326883.442,,
ESTAT:NRG_CB_GASM(1.0),08/09/26 23:00:00,M,IMP,G3000,TJ_GCV,DE,2023-03,330650.244,,
ESTAT:NRG_CB_GASM(1.0),08/09/26 23:00:00,M,IMP,G3000,TJ_GCV,DE,2023-04,338387.291,,
ESTAT:NRG_CB_GASM(1.0),08/09/26 23:00:00,M,IMP,G3000,TJ_GCV,DE,2023-05,334188.000,,
ESTAT:NRG_CB_GASM(1.0),08/09/26 23:00:00,M,IMP,G3000,TJ_GCV,DE,2023-06,254979.281,,
ESTAT:NRG_CB_GASM(1.0),08/09/26 23:00:00,M,IMP,G3000,TJ_GCV,DE,2023-07,259547.448,,
ESTAT:NRG_CB_GASM(1.0),08/09/26 23:00:00,M,IMP,G3000,TJ_GCV,DE,2023-08,250669.527,,
ESTAT:NRG_CB_GASM(1.0),08/09/26 23:00:00,M,IMP,G3000,TJ_GCV,DE,2023-09,185897.600,,
ESTAT:NRG_CB_GASM(1.0),08/09/26 23:00:00,M,IMP,G3000,TJ_GCV,DE,2023-10,268962.877,,
ESTAT:NRG_CB_GASM(1.0),08/09/26 23:00:00,M,IMP,G3000,TJ_GCV,DE,2023-11,310961.110,,
ESTAT:NRG_CB_GASM(1.0),08/09/26 23:00:00,M,IMP,G3000,TJ_GCV,DE,2023-12,340719.947,,
ESTAT:NRG_CB_GASM(1.0),08/09/26 23:00:00,M,IMP,G3000,TJ_GCV,DE,2024-01,317412.386,,
ESTAT:NRG_CB_GASM(1.0),08/09/26 23:00:00,M,IMP,G3000,TJ_GCV,DE,2024-02,275940.511,,
ESTAT:NRG_CB_GASM(1.0),08/09/26 23:00:00,M,IMP,G3000,TJ_GCV,DE,2024-03,278431.578,,
ESTAT:NRG_CB_GASM(1.0),08/09/26 23:00:00,M,IMP,G3000,TJ_GCV,DE,2024-04,270324.936,,
ESTAT:NRG_CB_GASM(1.0),08/09/26 23:00:00,M,IMP,G3000,TJ_GCV,DE,2024-05,242617.760,,
ESTAT:NRG_CB_GASM(1.0),08/09/26 23:00:00,M,IMP,G3000,TJ_GCV,DE,2024-06,247945.988,,
ESTAT:NRG_CB_GASM(1.0),08/09/26 23:00:00,M,IMP,G3000,TJ_GCV,DE,2024-07,250065.733,,
ESTAT:NRG_CB_GASM(1.0),08/09/26 23:00:00,M,IMP,G3000,TJ_GCV,DE,2024-08,234735.603,,
ESTAT:NRG_CB_GASM(1.0),08/09/26 23:00:00,M,IMP,G3000,TJ_GCV,DE,2024-09,193289.140,,
ESTAT:NRG_CB_GASM(1.0),08/09/26 23:00:00,M,IMP,G3000,TJ_GCV,DE,2024-10,259035.362,,
ESTAT:NRG_CB_GASM(1.0),08/09/26 23:00:00,M,IMP,G3000,TJ_GCV,DE,2024-11,293625.109,,
ESTAT:NRG_CB_GASM(1.0),08/09/26 23:00:00,M,IMP,G3000,TJ_GCV,DE,2024-12,312233.097,,
ESTAT:NRG_CB_GASM(1.0),08/09/26 23:00:00,M,IMP,G3000,TJ_GCV,DE,2025-01,291022.764,,
ESTAT:NRG_CB_GASM(1.0),08/09/26 23:00:00,M,IMP,G3000,TJ_GCV,DE,2025-02,263584.823,,
ESTAT:NRG_CB_GASM(1.0),08/09/26 23:00:00,M,IMP,G3000,TJ_GCV,DE,2025-03,305382.535,,
ESTAT:NRG_CB_GASM(1.0),08/09/26 23:00:00,M,IMP,G3000,TJ_GCV,DE,2025-04,328409.666,,
ESTAT:NRG_CB_GASM(1.0),08/09/26 23:00:00,M,IMP,G3000,TJ_GCV,DE,2025-05,338024.161,,
ESTAT:NRG_CB_GASM(1.0),08/09/26 23:00:00,M,IMP,G3000,TJ_GCV,DE,2025-06,321260.907,,
ESTAT:NRG_CB_GASM(1.0),08/09/26 23:00:00,M,IMP,G3000,TJ_GCV,DE,2025-07,337140.317,,
ESTAT:NRG_CB_GASM(1.0),08/09/26 23:00:00,M,IMP,G3000,TJ_GCV,DE,2025-08,320029.765,,
ESTAT:NRG_CB_GASM(1.0),08/09/26 23:00:00,M,IMP,G3000,TJ_GCV,DE,2025-09,283435.434,,
ESTAT:NRG_CB_GASM(1.0),08/09/26 23:00:00,M,IMP,G3000,TJ_GCV,DE,2025-10,315738.651,,
ESTAT:NRG_CB_GASM(1.0),08/09/26 23:00:00,M,IMP,G3000,TJ_GCV,DE,2025-11,350327.265,,
ESTAT:NRG_CB_GASM(1.0),08/09/26 23:00:00,M,IMP,G3000,TJ_GCV,DE,2025-12,388717.253,,
ESTAT:NRG_CB_GASM(1.0),08/09/26 23:00:00,M,IMP,G3000,TJ_GCV,DE,2026-01,377265.637,,
ESTAT:NRG_CB_GASM(1.0),08/09/26 23:00:00,M,IMP,G3000,TJ_GCV,DE,2026-02,343579.338,,
ESTAT:NRG_CB_GASM(1.0),08/09/26 23:00:00,M,IMP,G3000,TJ_GCV,DE,2026-03,364747.586,,
ESTAT:NRG_CB_GASM(1.0),08/09/26 23:00:00,M,IMP,G3000,TJ_GCV,DE,2026-04,339402.114,,
ESTAT:NRG_CB_GASM(1.0),08/09/26 23:00:00,M,IMP,G3000,TJ_GCV,DE,2026-05,316109.830,,
ESTAT:NRG_CB_GASM(1.0),08/09/26 23:00:00,M,IMP,G3000,TJ_GCV,DE,2026-06,300941.086,,
ESTAT:NRG_CB_GASM(1.0),08/09/26 23:00:00,M,IMP,G3000,TJ_GCV,DE,2026-07,273358.800,,
ESTAT:NRG_CB_GASM(1.0),08/09/26 23:00:00,M,INTMARB,G3000,MIO_M3,DE,2021-01,0.000,,
ESTAT:NRG_CB_GASM(1.0),08/09/26 23:00:00,M,INTMARB,G3000,MIO_M3,DE,2021-02,0.000,,
ESTAT:NRG_CB_GASM(1.0),08/09/26 23:00:00,M,INTMARB,G3000,MIO_M3,DE,2021-03,0.000,,
ESTAT:NRG_CB_GASM(1.0),08/09/26 23:00:00,M,INTMARB,G3000,MIO_M3,DE,2021-04,0.000,,
ESTAT:NRG_CB_GASM(1.0),08/09/26 23:00:00,M,INTMARB,G3000,MIO_M3,DE,2021-05,0.000,,
ESTAT:NRG_CB_GASM(1.0),08/09/26 23:00:00,M,INTMARB,G3000,MIO_M3,DE,2021-06,0.000,,
ESTAT:NRG_CB_GASM(1.0),08/09/26 23:00:00,M,INTMARB,G3000,MIO_M3,DE,2021-07,0.000,,
ESTAT:NRG_CB_GASM(1.0),08/09/26 23:00:00,M,INTMARB,G3000,MIO_M3,DE,2021-08,0.000,,
ESTAT:NRG_CB_GASM(1.0),08/09/26 23:00:00,M,INTMARB,G3000,MIO_M3,DE,2021-09,0.000,,
ESTAT:NRG_CB_GASM(1.0),08/09/26 23:00:00,M,INTMARB,G3000,MIO_M3,DE,2021-10,0.000,,
ESTAT:NRG_CB_GASM(1.0),08/09/26 23:00:00,M,INTMARB,G3000,MIO_M3,DE,2021-11,0.000,,
ESTAT:NRG_CB_GASM(1.0),08/09/26 23:00:00,M,INTMARB,G3000,MIO_M3,DE,2021-12,0.000,,
ESTAT:NRG_CB_GASM(1.0),08/09/26 23:00:00,M,INTMARB,G3000,MIO_M3,DE,2022-01,0.000,,
ESTAT:NRG_CB_GASM(1.0),08/09/26 23:00:00,M,INTMARB,G3000,MIO_M3,DE,2022-02,0.000,,
ESTAT:NRG_CB_GASM(1.0),08/09/26 23:00:00,M,INTMARB,G3000,MIO_M3,DE,2022-03,0.000,,
ESTAT:NRG_CB_GASM(1.0),08/09/26 23:00:00,M,INTMARB,G3000,MIO_M3,DE,2022-04,0.000,,
ESTAT:NRG_CB_GASM(1.0),08/09/26 23:00:00,M,INTMARB,G3000,MIO_M3,DE,2022-05,0.000,,
ESTAT:NRG_CB_GASM(1.0),08/09/26 23:00:00,M,INTMARB,G3000,MIO_M3,DE,2022-06,0.000,,
ESTAT:NRG_CB_GASM(1.0),08/09/26 23:00:00,M,INTMARB,G3000,MIO_M3,DE,2022-07,0.000,,
ESTAT:NRG_CB_GASM(1.0),08/09/26 23:00:00,M,INTMARB,G3000,MIO_M3,DE,2022-08,0.000,,
ESTAT:NRG_CB_GASM(1.0),08/09/26 23:00:00,M,INTMARB,G3000,MIO_M3,DE,2022-09,0.000,,
ESTAT:NRG_CB_GASM(1.0),08/09/26 23:00:00,M,INTMARB,G3000,MIO_M3,DE,2022-10,0.000,,
ESTAT:NRG_CB_GASM(1.0),08/09/26 23:00:00,M,INTMARB,G3000,MIO_M3,DE,2022-11,0.000,,
ESTAT:NRG_CB_GASM(1.0),08/09/26 23:00:00,M,INTMARB,G3000,MIO_M3,DE,2022-12,0.000,,
ESTAT:NRG_CB_GASM(1.0),08/09/26 23:00:00,M,INTMARB,G3000,MIO_M3,DE,2023-01,0.000,,
ESTAT:NRG_CB_GASM(1.0),08/09/26 23:00:00,M,INTMARB,G3000,MIO_M3,DE,2023-02,0.000,,
ESTAT:NRG_CB_GASM(1.0),08/09/26 23:00:00,M,INTMARB,G3000,MIO_M3,DE,2023-03,0.000,,
ESTAT:NRG_CB_GASM(1.0),08/09/26 23:00:00,M,INTMARB,G3000,MIO_M3,DE,2023-04,0.000,,
ESTAT:NRG_CB_GASM(1.0),08/09/26 23:00:00,M,INTMARB,G3000,MIO_M3,DE,2023-05,0.000,,
ESTAT:NRG_CB_GASM(1.0),08/09/26 23:00:00,M,INTMARB,G3000,MIO_M3,DE,2023-06,0.000,,
ESTAT:NRG_CB_GASM(1.0),08/09/26 23:00:00,M,INTMARB,G3000,MIO_M3,DE,2023-07,0.000,,
ESTAT:NRG_CB_GASM(1.0),08/09/26 23:00:00,M,INTMARB,G3000,MIO_M3,DE,2023-08,0.000,,
ESTAT:NRG_CB_GASM(1.0),08/09/26 23:00:00,M,INTMARB,G3000,MIO_M3,DE,2023-09,0.000,,
ESTAT:NRG_CB_GASM(1.0),08/09/26 23:00:00,M,INTMARB,G3000,MIO_M3,DE,2023-10,0.000,,
ESTAT:NRG_CB_GASM(1.0),08/09/26 23:00:00,M,INTMARB,G3000,MIO_M3,DE,2023-11,0.000,,
ESTAT:NRG_CB_GASM(1.0),08/09/26 23:00:00,M,INTMARB,G3000,MIO_M3,DE,2023-12,0.000,,
ESTAT:NRG_CB_GASM(1.0),08/09/26 23:00:00,M,INTMARB,G3000,MIO_M3,DE,2024-01,0.000,,
ESTAT:NRG_CB_GASM(1.0),08/09/26 23:00:00,M,INTMARB,G3000,MIO_M3,DE,2024-02,0.000,,
ESTAT:NRG_CB_GASM(1.0),08/09/26 23:00:00,M,INTMARB,G3000,MIO_M3,DE,2024-04,0.000,,
ESTAT:NRG_CB_GASM(1.0),08/09/26 23:00:00,M,INTMARB,G3000,MIO_M3,DE,2024-05,0.000,,
ESTAT:NRG_CB_GASM(1.0),08/09/26 23:00:00,M,INTMARB,G3000,MIO_M3,DE,2024-06,0.000,,
ESTAT:NRG_CB_GASM(1.0),08/09/26 23:00:00,M,INTMARB,G3000,MIO_M3,DE,2024-07,0.000,,
ESTAT:NRG_CB_GASM(1.0),08/09/26 23:00:00,M,INTMARB,G3000,MIO_M3,DE,2024-08,0.000,,
ESTAT:NRG_CB_GASM(1.0),08/09/26 23:00:00,M,INTMARB,G3000,MIO_M3,DE,2024-09,0.000,,
ESTAT:NRG_CB_GASM(1.0),08/09/26 23:00:00,M,INTMARB,G3000,MIO_M3,DE,2024-10,0.000,,
ESTAT:NRG_CB_GASM(1.0),08/09/26 23:00:00,M,INTMARB,G3000,MIO_M3,DE,2024-11,0.000,,
ESTAT:NRG_CB_GASM(1.0),08/09/26 23:00:00,M,INTMARB,G3000,MIO_M3,DE,2024-12,0.000,,
ESTAT:NRG_CB_GASM(1.0),08/09/26 23:00:00,M,INTMARB,G3000,MIO_M3,DE,2025-01,0.000,,
ESTAT:NRG_CB_GASM(1.0),08/09/26 23:00:00,M,INTMARB,G3000,MIO_M3,DE,2025-02,0.000,,
ESTAT:NRG_CB_GASM(1.0),08/09/26 23:00:00,M,INTMARB,G3000,MIO_M3,DE,2025-03,0.000,,
ESTAT:NRG_CB_GASM(1.0),08/09/26 23:00:00,M,INTMARB,G3000,MIO_M3,DE,2025-04,0.000,,
ESTAT:NRG_CB_GASM(1.0),08/09/26 23:00:00,M,INTMARB,G3000,MIO_M3,DE,2025-05,0.000,,
ESTAT:NRG_CB_GASM(1.0),08/09/26 23:00:00,M,INTMARB,G3000,MIO_M3,DE,2025-06,0.000,,
ESTAT:NRG_CB_GASM(1.0),08/09/26 23:00:00,M,INTMARB,G3000,MIO_M3,DE,2025-07,0.000,,
ESTAT:NRG_CB_GASM(1.0),08/09/26 23:00:00,M,INTMARB,G3000,MIO_M3,DE,2025-08,0.000,,
ESTAT:NRG_CB_GASM(1.0),08/09/26 23:00:00,M,INTMARB,G3000,MIO_M3,DE,2025-09,0.000,,
ESTAT:NRG_CB_GASM(1.0),08/09/26 23:00:00,M,INTMARB,G3000,MIO_M3,DE,2025-10,0.000,,
ESTAT:NRG_CB_GASM(1.0),08/09/26 23:00:00,M,INTMARB,G3000,MIO_M3,DE,2025-11,0.000,,
ESTAT:NRG_CB_GASM(1.0),08/09/26 23:00:00,M,INTMARB,G3000,MIO_M3,DE,2025-12,0.000,,
ESTAT:NRG_CB_GASM(1.0),08/09/26 23:00:00,M,INTMARB,G3000,MIO_M3,DE,2026-01,0.000,,
ESTAT:NRG_CB_GASM(1.0),08/09/26 23:00:00,M,INTMARB,G3000,MIO_M3,DE,2026-02,0.000,,
ESTAT:NRG_CB_GASM(1.0),08/09/26 23:00:00,M,INTMARB,G3000,MIO_M3,DE,2026-03,0.000,,
ESTAT:NRG_CB_GASM(1.0),08/09/26 23:00:00,M,INTMARB,G3000,MIO_M3,DE,2026-04,0.000,,
ESTAT:NRG_CB_GASM(1.0),08/09/26 23:00:00,M,INTMARB,G3000,MIO_M3,DE,2026-05,0.000,,
ESTAT:NRG_CB_GASM(1.0),08/09/26 23:00:00,M,INTMARB,G3000,MIO_M3,DE,2026-06,0.000,,
ESTAT:NRG_CB_GASM(1.0),08/09/26 23:00:00,M,INTMARB,G3000,TJ_GCV,DE,2021-01,0.000,,
ESTAT:NRG_CB_GASM(1.0),08/09/26 23:00:00,M,INTMARB,G3000,TJ_GCV,DE,2021-02,0.000,,
ESTAT:NRG_CB_GASM(1.0),08/09/26 23:00:00,M,INTMARB,G3000,TJ_GCV,DE,2021-03,0.000,,
ESTAT:NRG_CB_GASM(1.0),08/09/26 23:00:00,M,INTMARB,G3000,TJ_GCV,DE,2021-04,0.000,,
ESTAT:NRG_CB_GASM(1.0),08/09/26 23:00:00,M,INTMARB,G3000,TJ_GCV,DE,2021-05,0.000,,
ESTAT:NRG_CB_GASM(1.0),08/09/26 23:00:00,M,INTMARB,G3000,TJ_GCV,DE,2021-06,0.000,,
ESTAT:NRG_CB_GASM(1.0),08/09/26 23:00:00,M,INTMARB,G3000,TJ_GCV,DE,2021-07,0.000,,
ESTAT:NRG_CB_GASM(1.0),08/09/26 23:00:00,M,INTMARB,G3000,TJ_GCV,DE,2021-08,0.000,,
ESTAT:NRG_CB_GASM(1.0),08/09/26 23:00:00,M,INTMARB,G3000,TJ_GCV,DE,2021-09,0.000,,
ESTAT:NRG_CB_GASM(1.0),08/09/26 23:00:00,M,INTMARB,G3000,TJ_GCV,DE,2021-10,0.000,,
ESTAT:NRG_CB_GASM(1.0),08/09/26 23:00:00,M,INTMARB,G3000,TJ_GCV,DE,2021-11,0.000,,
ESTAT:NRG_CB_GASM(1.0),08/09/26 23:00:00,M,INTMARB,G3000,TJ_GCV,DE,2021-12,0.000,,
ESTAT:NRG_CB_GASM(1.0),08/09/26 23:00:00,M,INTMARB,G3000,TJ_GCV,DE,2022-01,0.000,,
ESTAT:NRG_CB_GASM(1.0),08/09/26 23:00:00,M,INTMARB,G3000,TJ_GCV,DE,2022-02,0.000,,
ESTAT:NRG_CB_GASM(1.0),08/09/26 23:00:00,M,INTMARB,G3000,TJ_GCV,DE,2022-03,0.000,,
ESTAT:NRG_CB_GASM(1.0),08/09/26 23:00:00,M,INTMARB,G3000,TJ_GCV,DE,2022-04,0.000,,
ESTAT:NRG_CB_GASM(1.0),08/09/26 23:00:00,M,INTMARB,G3000,TJ_GCV,DE,2022-05,0.000,,
ESTAT:NRG_CB_GASM(1.0),08/09/26 23:00:00,M,INTMARB,G3000,TJ_GCV,DE,2022-06,0.000,,
ESTAT:NRG_CB_GASM(1.0),08/09/26 23:00:00,M,INTMARB,G3000,TJ_GCV,DE,2022-07,0.000,,
ESTAT:NRG_CB_GASM(1.0),08/09/26 23:00:00,M,INTMARB,G3000,TJ_GCV,DE,2022-08,0.000,,
ESTAT:NRG_CB_GASM(1.0),08/09/26 23:00:00,M,INTMARB,G3000,TJ_GCV,DE,2022-09,0.000,,
ESTAT:NRG_CB_GASM(1.0),08/09/26 23:00:00,M,INTMARB,G3000,TJ_GCV,DE,2022-10,0.000,,
ESTAT:NRG_CB_GASM(1.0),08/09/26 23:00:00,M,INTMARB,G3000,TJ_GCV,DE,2022-11,0.000,,
ESTAT:NRG_CB_GASM(1.0),08/09/26 23:00:00,M,INTMARB,G3000,TJ_GCV,DE,2022-12,0.000,,
ESTAT:NRG_CB_GASM(1.0),08/09/26 23:00:00,M,INTMARB,G3000,TJ_GCV,DE,2023-01,0.000,,
ESTAT:NRG_CB_GASM(1.0),08/09/26 23:00:00,M,INTMARB,G3000,TJ_GCV,DE,2023-02,0.000,,
ESTAT:NRG_CB_GASM(1.0),08/09/26 23:00:00,M,INTMARB,G3000,TJ_GCV,DE,2023-03,0.000,,
ESTAT:NRG_CB_GASM(1.0),08/09/26 23:00:00,M,INTMARB,G3000,TJ_GCV,DE,2023-04,0.000,,
ESTAT:NRG_CB_GASM(1.0),08/09/26 23:00:00,M,INTMARB,G3000,TJ_GCV,DE,2023-05,0.000,,
ESTAT:NRG_CB_GASM(1.0),08/09/26 23:00:00,M,INTMARB,G3000,TJ_GCV,DE,2023-06,0.000,,
ESTAT:NRG_CB_GASM(1.0),08/09/26 23:00:00,M,INTMARB,G3000,TJ_GCV,DE,2023-07,0.000,,
ESTAT:NRG_CB_GASM(1.0),08/09/26 23:00:00,M,INTMARB,G3000,TJ_GCV,DE,2023-08,0.000,,
ESTAT:NRG_CB_GASM(1.0),08/09/26 23:00:00,M,INTMARB,G3000,TJ_GCV,DE,2023-09,0.000,,
ESTAT:NRG_CB_GASM(1.0),08/09/26 23:00:00,M,INTMARB,G3000,TJ_GCV,DE,2023-10,0.000,,
ESTAT:NRG_CB_GASM(1.0),08/09/26 23:00:00,M,INTMARB,G3000,TJ_GCV,DE,2023-11,0.000,,
ESTAT:NRG_CB_GASM(1.0),08/09/26 23:00:00,M,INTMARB,G3000,TJ_GCV,DE,2023-12,0.000,,
ESTAT:NRG_CB_GASM(1.0),08/09/26 23:00:00,M,INTMARB,G3000,TJ_GCV,DE,2024-01,0.000,,
ESTAT:NRG_CB_GASM(1.0),08/09/26 23:00:00,M,INTMARB,G3000,TJ_GCV,DE,2024-02,0.000,,
ESTAT:NRG_CB_GASM(1.0),08/09/26 23:00:00,M,INTMARB,G3000,TJ_GCV,DE,2024-04,0.000,,
ESTAT:NRG_CB_GASM(1.0),08/09/26 23:00:00,M,INTMARB,G3000,TJ_GCV,DE,2024-05,0.000,,
ESTAT:NRG_CB_GASM(1.0),08/09/26 23:00:00,M,INTMARB,G3000,TJ_GCV,DE,2024-06,0.000,,
ESTAT:NRG_CB_GASM(1.0),08/09/26 23:00:00,M,INTMARB,G3000,TJ_GCV,DE,2024-07,0.000,,
ESTAT:NRG_CB_GASM(1.0),08/09/26 23:00:00,M,INTMARB,G3000,TJ_GCV,DE,2024-08,0.000,,
ESTAT:NRG_CB_GASM(1.0),08/09/26 23:00:00,M,INTMARB,G3000,TJ_GCV,DE,2024-09,0.000,,
ESTAT:NRG_CB_GASM(1.0),08/09/26 23:00:00,M,INTMARB,G3000,TJ_GCV,DE,2024-10,0.000,,
ESTAT:NRG_CB_GASM(1.0),08/09/26 23:00:00,M,INTMARB,G3000,TJ_GCV,DE,2024-11,0.000,,
ESTAT:NRG_CB_GASM(1.0),08/09/26 23:00:00,M,INTMARB,G3000,TJ_GCV,DE,2024-12,0.000,,
ESTAT:NRG_CB_GASM(1.0),08/09/26 23:00:00,M,INTMARB,G3000,TJ_GCV,DE,2025-01,0.000,,
ESTAT:NRG_CB_GASM(1.0),08/09/26 23:00:00,M,INTMARB,G3000,TJ_GCV,DE,2025-02,0.000,,
ESTAT:NRG_CB_GASM(1.0),08/09/26 23:00:00,M,INTMARB,G3000,TJ_GCV,DE,2025-03,0.000,,
ESTAT:NRG_CB_GASM(1.0),08/09/26 23:00:00,M,INTMARB,G3000,TJ_GCV,DE,2025-04,0.000,,
ESTAT:NRG_CB_GASM(1.0),08/09/26 23:00:00,M,INTMARB,G3000,TJ_GCV,DE,2025-05,0.000,,
ESTAT:NRG_CB_GASM(1.0),08/09/26 23:00:00,M,INTMARB,G3000,TJ_GCV,DE,2025-06,0.000,,
ESTAT:NRG_CB_GASM(1.0),08/09/26 23:00:00,M,INTMARB,G3000,TJ_GCV,DE,2025-07,0.000,,
ESTAT:NRG_CB_GASM(1.0),08/09/26 23:00:00,M,INTMARB,G3000,TJ_GCV,DE,2025-08,0.000,,
ESTAT:NRG_CB_GASM(1.0),08/09/26 23:00:00,M,INTMARB,G3000,TJ_GCV,DE,2025-09,0.000,,
ESTAT:NRG_CB_GASM(1.0),08/09/26 23:00:00,M,INTMARB,G3000,TJ_GCV,DE,2025-10,0.000,,
ESTAT:NRG_CB_GASM(1.0),08/09/26 23:00:00,M,INTMARB,G3000,TJ_GCV,DE,2025-11,0.000,,
ESTAT:NRG_CB_GASM(1.0),08/09/26 23:00:00,M,INTMARB,G3000,TJ_GCV,DE,2025-12,0.000,,
ESTAT:NRG_CB_GASM(1.0),08/09/26 23:00:00,M,INTMARB,G3000,TJ_GCV,DE,2026-01,0.000,,
ESTAT:NRG_CB_GASM(1.0),08/09/26 23:00:00,M,INTMARB,G3000,TJ_GCV,DE,2026-02,0.000,,
ESTAT:NRG_CB_GASM(1.0),08/09/26 23:00:00,M,INTMARB,G3000,TJ_GCV,DE,2026-03,0.000,,
ESTAT:NRG_CB_GASM(1.0),08/09/26 23:00:00,M,INTMARB,G3000,TJ_GCV,DE,2026-04,0.000,,
ESTAT:NRG_CB_GASM(1.0),08/09/26 23:00:00,M,INTMARB,G3000,TJ_GCV,DE,2026-05,0.000,,
ESTAT:NRG_CB_GASM(1.0),08/09/26 23:00:00,M,INTMARB,G3000,TJ_GCV,DE,2026-06,0.000,,
ESTAT:NRG_CB_GASM(1.0),08/09/26 23:00:00,M,IPRD,G3000,MIO_M3,DE,2014-01,1041.000,,
ESTAT:NRG_CB_GASM(1.0),08/09/26 23:00:00,M,IPRD,G3000,MIO_M3,DE,2014-02,854.000,,
ESTAT:NRG_CB_GASM(1.0),08/09/26 23:00:00,M,IPRD,G3000,MIO_M3,DE,2014-03,857.000,,
ESTAT:NRG_CB_GASM(1.0),08/09/26 23:00:00,M,IPRD,G3000,MIO_M3,DE,2014-04,819.000,,
ESTAT:NRG_CB_GASM(1.0),08/09/26 23:00:00,M,IPRD,G3000,MIO_M3,DE,2014-05,832.000,,
ESTAT:NRG_CB_GASM(1.0),08/09/26 23:00:00,M,IPRD,G3000,MIO_M3,DE,2014-06,806.000,,
ESTAT:NRG_CB_GASM(1.0),08/09/26 23:00:00,M,IPRD,G3000,MIO_M3,DE,2014-07,809.000,,
ESTAT:NRG_CB_GASM(1.0),08/09/26 23:00:00,M,IPRD,G3000,MIO_M3,DE,2014-08,853.000,,
ESTAT:NRG_CB_GASM(1.0),08/09/26 23:00:00,M,IPRD,G3000,MIO_M3,DE,2014-09,853.000,,
ESTAT:NRG_CB_GASM(1.0),08/09/26 23:00:00,M,IPRD,G3000,MIO_M3,DE,2014-10,796.000,,
ESTAT:NRG_CB_GASM(1.0),08/09/26 23:00:00,M,IPRD,G3000,MIO_M3,DE,2014-11,837.000,,
ESTAT:NRG_CB_GASM(1.0),08/09/26 23:00:00,M,IPRD,G3000,MIO_M3,DE,2014-12,834.000,,
ESTAT:NRG_CB_GASM(1.0),08/09/26 23:00:00,M,IPRD,G3000,MIO_M3,DE,2015-01,799.000,,
ESTAT:NRG_CB_GASM(1.0),08/09/26 23:00:00,M,IPRD,G3000,MIO_M3,DE,2015-02,728.000,,
ESTAT:NRG_CB_GASM(1.0),08/09/26 23:00:00,M,IPRD,G3000,MIO_M3,DE,2015-03,736.000,,
ESTAT:NRG_CB_GASM(1.0),08/09/26 23:00:00,M,IPRD,G3000,MIO_M3,DE,2015-04,778.000,,
ESTAT:NRG_CB_GASM(1.0),08/09/26 23:00:00,M,IPRD,G3000,MIO_M3,DE,2015-05,791.000,,
ESTAT:NRG_CB_GASM(1.0),08/09/26 23:00:00,M,IPRD,G3000,MIO_M3,DE,2015-06,724.000,,
ESTAT:NRG_CB_GASM(1.0),08/09/26 23:00:00,M,IPRD,G3000,MIO_M3,DE,2015-07,702.000,,
ESTAT:NRG_CB_GASM(1.0),08/09/26 23:00:00,M,IPRD,G3000,MIO_M3,DE,2015-08,703.000,,
ESTAT:NRG_CB_GASM(1.0),08/09/26 23:00:00,M,IPRD,G3000,MIO_M3,DE,2015-09,478.000,,
ESTAT:NRG_CB_GASM(1.0),08/09/26 23:00:00,M,IPRD,G3000,MIO_M3,DE,2015-10,596.000,,
ESTAT:NRG_CB_GASM(1.0),08/09/26 23:00:00,M,IPRD,G3000,MIO_M3,DE,2015-11,667.000,,
ESTAT:NRG_CB_GASM(1.0),08/09/26 23:00:00,M,IPRD,G3000,MIO_M3,DE,2015-12,690.000,,
ESTAT:NRG_CB_GASM(1.0),08/09/26 23:00:00,M,IPRD,G3000,MIO_M3,DE,2016-01,691.000,,
ESTAT:NRG_CB_GASM(1.0),08/09/26 23:00:00,M,IPRD,G3000,MIO_M3,DE,2016-02,643.000,,
ESTAT:NRG_CB_GASM(1.0),08/09/26 23:00:00,M,IPRD,G3000,MIO_M3,DE,2016-03,659.000,,
ESTAT:NRG_CB_GASM(1.0),08/09/26 23:00:00,M,IPRD,G3000,MIO_M3,DE,2016-04,560.000,,
ESTAT:NRG_CB_GASM(1.0),08/09/26 23:00:00,M,IPRD,G3000,MIO_M3,DE,2016-05,654.000,,
ESTAT:NRG_CB_GASM(1.0),08/09/26 23:00:00,M,IPRD,G3000,MIO_M3,DE,2016-06,601.000,,
ESTAT:NRG_CB_GASM(1.0),08/09/26 23:00:00,M,IPRD,G3000,MIO_M3,DE,2016-07,646.000,,
ESTAT:NRG_CB_GASM(1.0),08/09/26 23:00:00,M,IPRD,G3000,MIO_M3,DE,2016-08,602.000,,
ESTAT:NRG_CB_GASM(1.0),08/09/26 23:00:00,M,IPRD,G3000,MIO_M3,DE,2016-09,588.000,,
ESTAT:NRG_CB_GASM(1.0),08/09/26 23:00:00,M,IPRD,G3000,MIO_M3,DE,2016-10,654.000,,
ESTAT:NRG_CB_GASM(1.0),08/09/26 23:00:00,M,IPRD,G3000,MIO_M3,DE,2016-11,640.000,,
ESTAT:NRG_CB_GASM(1.0),08/09/26 23:00:00,M,IPRD,G3000,MIO_M3,DE,2016-12,668.000,,
ESTAT:NRG_CB_GASM(1.0),08/09/26 23:00:00,M,IPRD,G3000,MIO_M3,DE,2017-01,656.000,,
ESTAT:NRG_CB_GASM(1.0),08/09/26 23:00:00,M,IPRD,G3000,MIO_M3,DE,2017-02,581.000,,
ESTAT:NRG_CB_GASM(1.0),08/09/26 23:00:00,M,IPRD,G3000,MIO_M3,DE,2017-03,617.000,,
ESTAT:NRG_CB_GASM(1.0),08/09/26 23:00:00,M,IPRD,G3000,MIO_M3,DE,2017-04,588.000,,
ESTAT:NRG_CB_GASM(1.0),08/09/26 23:00:00,M,IPRD,G3000,MIO_M3,DE,2017-05,576.000,,
ESTAT:NRG_CB_GASM(1.0),08/09/26 23:00:00,M,IPRD,G3000,MIO_M3,DE,2017-06,562.000,,
ESTAT:NRG_CB_GASM(1.0),08/09/26 23:00:00,M,IPRD,G3000,MIO_M3,DE,2017-07,587.000,,
ESTAT:NRG_CB_GASM(1.0),08/09/26 23:00:00,M,IPRD,G3000,MIO_M3,DE,2017-08,555.000,,
ESTAT:NRG_CB_GASM(1.0),08/09/26 23:00:00,M,IPRD,G3000,MIO_M3,DE,2017-09,531.000,,
ESTAT:NRG_CB_GASM(1.0),08/09/26 23:00:00,M,IPRD,G3000,MIO_M3,DE,2017-10,572.000,,
ESTAT:NRG_CB_GASM(1.0),08/09/26 23:00:00,M,IPRD,G3000,MIO_M3,DE,2017-11,560.000,,
ESTAT:NRG_CB_GASM(1.0),08/09/26 23:00:00,M,IPRD,G3000,MIO_M3,DE,2017-12,589.000,,
ESTAT:NRG_CB_GASM(1.0),08/09/26 23:00:00,M,IPRD,G3000,MIO_M3,DE,2018-01,563.000,,
ESTAT:NRG_CB_GASM(1.0),08/09/26 23:00:00,M,IPRD,G3000,MIO_M3,DE,2018-02,505.000,,
ESTAT:NRG_CB_GASM(1.0),08/09/26 23:00:00,M,IPRD,G3000,MIO_M3,DE,2018-03,531.000,,
ESTAT:NRG_CB_GASM(1.0),08/09/26 23:00:00,M,IPRD,G3000,MIO_M3,DE,2018-04,494.000,,
ESTAT:NRG_CB_GASM(1.0),08/09/26 23:00:00,M,IPRD,G3000,MIO_M3,DE,2018-05,452.000,,
ESTAT:NRG_CB_GASM(1.0),08/09/26 23:00:00,M,IPRD,G3000,MIO_M3,DE,2018-06,408.000,,
ESTAT:NRG_CB_GASM(1.0),08/09/26 23:00:00,M,IPRD,G3000,MIO_M3,DE,2018-07,455.000,,
ESTAT:NRG_CB_GASM(1.0),08/09/26 23:00:00,M,IPRD,G3000,MIO_M3,DE,2018-08,466.000,,
ESTAT:NRG_CB_GASM(1.0),08/09/26 23:00:00,M,IPRD,G3000,MIO_M3,DE,2018-09,496.000,,
ESTAT:NRG_CB_GASM(1.0),08/09/26 23:00:00,M,IPRD,G3000,MIO_M3,DE,2018-10,535.000,,
ESTAT:NRG_CB_GASM(1.0),08/09/26 23:00:00,M,IPRD,G3000,MIO_M3,DE,2018-11,516.000,,
ESTAT:NRG_CB_GASM(1.0),08/09/26 23:00:00,M,IPRD,G3000,MIO_M3,DE,2018-12,542.000,,
ESTAT:NRG_CB_GASM(1.0),08/09/26 23:00:00,M,IPRD,G3000,MIO_M3,DE,2019-01,530.000,,
ESTAT:NRG_CB_GASM(1.0),08/09/26 23:00:00,M,IPRD,G3000,MIO_M3,DE,2019-02,478.000,,
ESTAT:NRG_CB_GASM(1.0),08/09/26 23:00:00,M,IPRD,G3000,MIO_M3,DE,2019-03,518.000,,
ESTAT:NRG_CB_GASM(1.0),08/09/26 23:00:00,M,IPRD,G3000,MIO_M3,DE,2019-04,483.000,,
ESTAT:NRG_CB_GASM(1.0),08/09/26 23:00:00,M,IPRD,G3000,MIO_M3,DE,2019-05,487.000,,
ESTAT:NRG_CB_GASM(1.0),08/09/26 23:00:00,M,IPRD,G3000,MIO_M3,DE,2019-06,495.000,,
ESTAT:NRG_CB_GASM(1.0),08/09/26 23:00:00,M,IPRD,G3000,MIO_M3,DE,2019-07,479.000,,
ESTAT:NRG_CB_GASM(1.0),08/09/26 23:00:00,M,IPRD,G3000,MIO_M3,DE,2019-08,456.000,,
ESTAT:NRG_CB_GASM(1.0),08/09/26 23:00:00,M,IPRD,G3000,MIO_M3,DE,2019-09,423.000,,
ESTAT:NRG_CB_GASM(1.0),08/09/26 23:00:00,M,IPRD,G3000,MIO_M3,DE,2019-10,467.000,,
ESTAT:NRG_CB_GASM(1.0),08/09/26 23:00:00,M,IPRD,G3000,MIO_M3,DE,2019-11,453.000,,
ESTAT:NRG_CB_GASM(1.0),08/09/26 23:00:00,M,IPRD,G3000,MIO_M3,DE,2019-12,472.000,,
ESTAT:NRG_CB_GASM(1.0),08/09/26 23:00:00,M,IPRD,G3000,MIO_M3,DE,2020-01,470.000,,
ESTAT:NRG_CB_GASM(1.0),08/09/26 23:00:00,M,IPRD,G3000,MIO_M3,DE,2020-02,432.000,,
ESTAT:NRG_CB_GASM(1.0),08/09/26 23:00:00,M,IPRD,G3000,MIO_M3,DE,2020-03,429.000,,
ESTAT:NRG_CB_GASM(1.0),08/09/26 23:00:00,M,IPRD,G3000,MIO_M3,DE,2020-04,439.000,,
ESTAT:NRG_CB_GASM(1.0),08/09/26 23:00:00,M,IPRD,G3000,MIO_M3,DE,2020-05,445.000,,
ESTAT:NRG_CB_GASM(1.0),08/09/26 23:00:00,M,IPRD,G3000,MIO_M3,DE,2020-06,415.000,,
ESTAT:NRG_CB_GASM(1.0),08/09/26 23:00:00,M,IPRD,G3000,MIO_M3,DE,2020-07,431.000,,
ESTAT:NRG_CB_GASM(1.0),08/09/26 23:00:00,M,IPRD,G3000,MIO_M3,DE,2020-08,408.000,,
ESTAT:NRG_CB_GASM(1.0),08/09/26 23:00:00,M,IPRD,G3000,MIO_M3,DE,2020-09,269.000,,
ESTAT:NRG_CB_GASM(1.0),08/09/26 23:00:00,M,IPRD,G3000,MIO_M3,DE,2020-10,274.000,,
ESTAT:NRG_CB_GASM(1.0),08/09/26 23:00:00,M,IPRD,G3000,MIO_M3,DE,2020-11,414.000,,
ESTAT:NRG_CB_GASM(1.0),08/09/26 23:00:00,M,IPRD,G3000,MIO_M3,DE,2020-12,448.000,,
ESTAT:NRG_CB_GASM(1.0),08/09/26 23:00:00,M,IPRD,G3000,MIO_M3,DE,2021-01,438.000,,
ESTAT:NRG_CB_GASM(1.0),08/09/26 23:00:00,M,IPRD,G3000,MIO_M3,DE,2021-02,383.000,,
ESTAT:NRG_CB_GASM(1.0),08/09/26 23:00:00,M,IPRD,G3000,MIO_M3,DE,2021-03,420.000,,
ESTAT:NRG_CB_GASM(1.0),08/09/26 23:00:00,M,IPRD,G3000,MIO_M3,DE,2021-04,321.000,,
ESTAT:NRG_CB_GASM(1.0),08/09/26 23:00:00,M,IPRD,G3000,MIO_M3,DE,2021-05,411.000,,
ESTAT:NRG_CB_GASM(1.0),08/09/26 23:00:00,M,IPRD,G3000,MIO_M3,DE,2021-06,386.000,,
ESTAT:NRG_CB_GASM(1.0),08/09/26 23:00:00,M,IPRD,G3000,MIO_M3,DE,2021-07,408.000,,
ESTAT:NRG_CB_GASM(1.0),08/09/26 23:00:00,M,IPRD,G3000,MIO_M3,DE,2021-08,406.000,,
ESTAT:NRG_CB_GASM(1.0),08/09/26 23:00:00,M,IPRD,G3000,MIO_M3,DE,2021-09,382.000,,
ESTAT:NRG_CB_GASM(1.0),08/09/26 23:00:00,M,IPRD,G3000,MIO_M3,DE,2021-10,419.000,,
ESTAT:NRG_CB_GASM(1.0),08/09/26 23:00:00,M,IPRD,G3000,MIO_M3,DE,2021-11,409.000,,
ESTAT:NRG_CB_GASM(1.0),08/09/26 23:00:00,M,IPRD,G3000,MIO_M3,DE,2021-12,423.000,,
ESTAT:NRG_CB_GASM(1.0),08/09/26 23:00:00,M,IPRD,G3000,MIO_M3,DE,2022-01,417.000,,
ESTAT:NRG_CB_GASM(1.0),08/09/26 23:00:00,M,IPRD,G3000,MIO_M3,DE,2022-02,369.000,,
ESTAT:NRG_CB_GASM(1.0),08/09/26 23:00:00,M,IPRD,G3000,MIO_M3,DE,2022-03,411.000,,
ESTAT:NRG_CB_GASM(1.0),08/09/26 23:00:00,M,IPRD,G3000,MIO_M3,DE,2022-04,394.000,,
ESTAT:NRG_CB_GASM(1.0),08/09/26 23:00:00,M,IPRD,G3000,MIO_M3,DE,2022-05,400.000,,
ESTAT:NRG_CB_GASM(1.0),08/09/26 23:00:00,M,IPRD,G3000,MIO_M3,DE,2022-06,372.000,,
ESTAT:NRG_CB_GASM(1.0),08/09/26 23:00:00,M,IPRD,G3000,MIO_M3,DE,2022-07,355.000,,
ESTAT:NRG_CB_GASM(1.0),08/09/26 23:00:00,M,IPRD,G3000,MIO_M3,DE,2022-08,385.000,,
ESTAT:NRG_CB_GASM(1.0),08/09/26 23:00:00,M,IPRD,G3000,MIO_M3,DE,2022-09,354.000,,
ESTAT:NRG_CB_GASM(1.0),08/09/26 23:00:00,M,IPRD,G3000,MIO_M3,DE,2022-10,370.000,,
ESTAT:NRG_CB_GASM(1.0),08/09/26 23:00:00,M,IPRD,G3000,MIO_M3,DE,2022-11,365.000,,
ESTAT:NRG_CB_GASM(1.0),08/09/26 23:00:00,M,IPRD,G3000,MIO_M3,DE,2022-12,377.000,,
ESTAT:NRG_CB_GASM(1.0),08/09/26 23:00:00,M,IPRD,G3000,MIO_M3,DE,2023-01,383.000,,
ESTAT:NRG_CB_GASM(1.0),08/09/26 23:00:00,M,IPRD,G3000,MIO_M3,DE,2023-02,344.000,,
ESTAT:NRG_CB_GASM(1.0),08/09/26 23:00:00,M,IPRD,G3000,MIO_M3,DE,2023-03,367.000,,
ESTAT:NRG_CB_GASM(1.0),08/09/26 23:00:00,M,IPRD,G3000,MIO_M3,DE,2023-04,345.000,,
ESTAT:NRG_CB_GASM(1.0),08/09/26 23:00:00,M,IPRD,G3000,MIO_M3,DE,2023-05,341.000,,
ESTAT:NRG_CB_GASM(1.0),08/09/26 23:00:00,M,IPRD,G3000,MIO_M3,DE,2023-06,296.000,,
ESTAT:NRG_CB_GASM(1.0),08/09/26 23:00:00,M,IPRD,G3000,MIO_M3,DE,2023-07,274.000,,
ESTAT:NRG_CB_GASM(1.0),08/09/26 23:00:00,M,IPRD,G3000,MIO_M3,DE,2023-08,358.000,,
ESTAT:NRG_CB_GASM(1.0),08/09/26 23:00:00,M,IPRD,G3000,MIO_M3,DE,2023-09,343.000,,
ESTAT:NRG_CB_GASM(1.0),08/09/26 23:00:00,M,IPRD,G3000,MIO_M3,DE,2023-10,346.000,,
ESTAT:NRG_CB_GASM(1.0),08/09/26 23:00:00,M,IPRD,G3000,MIO_M3,DE,2023-11,328.000,,
ESTAT:NRG_CB_GASM(1.0),08/09/26 23:00:00,M,IPRD,G3000,MIO_M3,DE,2023-12,357.000,,
ESTAT:NRG_CB_GASM(1.0),08/09/26 23:00:00,M,IPRD,G3000,MIO_M3,DE,2024-01,357.000,,
ESTAT:NRG_CB_GASM(1.0),08/09/26 23:00:00,M,IPRD,G3000,MIO_M3,DE,2024-02,332.000,,
ESTAT:NRG_CB_GASM(1.0),08/09/26 23:00:00,M,IPRD,G3000,MIO_M3,DE,2024-03,344.000,,
ESTAT:NRG_CB_GASM(1.0),08/09/26 23:00:00,M,IPRD,G3000,MIO_M3,DE,2024-04,312.000,,
ESTAT:NRG_CB_GASM(1.0),08/09/26 23:00:00,M,IPRD,G3000,MIO_M3,DE,2024-05,326.000,,
ESTAT:NRG_CB_GASM(1.0),08/09/26 23:00:00,M,IPRD,G3000,MIO_M3,DE,2024-06,296.000,,
ESTAT:NRG_CB_GASM(1.0),08/09/26 23:00:00,M,IPRD,G3000,MIO_M3,DE,2024-07,318.000,,
ESTAT:NRG_CB_GASM(1.0),08/09/26 23:00:00,M,IPRD,G3000,MIO_M3,DE,2024-08,314.000,,
ESTAT:NRG_CB_GASM(1.0),08/09/26 23:00:00,M,IPRD,G3000,MIO_M3,DE,2024-09,315.000,,
ESTAT:NRG_CB_GASM(1.0),08/09/26 23:00:00,M,IPRD,G3000,MIO_M3,DE,2024-10,311.000,,
ESTAT:NRG_CB_GASM(1.0),08/09/26 23:00:00,M,IPRD,G3000,MIO_M3,DE,2024-11,312.000,,
ESTAT:NRG_CB_GASM(1.0),08/09/26 23:00:00,M,IPRD,G3000,MIO_M3,DE,2024-12,336.000,,
ESTAT:NRG_CB_GASM(1.0),08/09/26 23:00:00,M,IPRD,G3000,MIO_M3,DE,2025-01,336.000,,
ESTAT:NRG_CB_GASM(1.0),08/09/26 23:00:00,M,IPRD,G3000,MIO_M3,DE,2025-02,303.000,,
ESTAT:NRG_CB_GASM(1.0),08/09/26 23:00:00,M,IPRD,G3000,MIO_M3,DE,2025-03,312.000,,
ESTAT:NRG_CB_GASM(1.0),08/09/26 23:00:00,M,IPRD,G3000,MIO_M3,DE,2025-04,313.000,,
ESTAT:NRG_CB_GASM(1.0),08/09/26 23:00:00,M,IPRD,G3000,MIO_M3,DE,2025-05,312.000,,
ESTAT:NRG_CB_GASM(1.0),08/09/26 23:00:00,M,IPRD,G3000,MIO_M3,DE,2025-06,319.000,,
ESTAT:NRG_CB_GASM(1.0),08/09/26 23:00:00,M,IPRD,G3000,MIO_M3,DE,2025-07,307.000,,
ESTAT:NRG_CB_GASM(1.0),08/09/26 23:00:00,M,IPRD,G3000,MIO_M3,DE,2025-08,309.000,,
ESTAT:NRG_CB_GASM(1.0),08/09/26 23:00:00,M,IPRD,G3000,MIO_M3,DE,2025-09,307.000,,
ESTAT:NRG_CB_GASM(1.0),08/09/26 23:00:00,M,IPRD,G3000,MIO_M3,DE,2025-10,317.000,,
ESTAT:NRG_CB_GASM(1.0),08/09/26 23:00:00,M,IPRD,G3000,MIO_M3,DE,2025-11,323.000,,
ESTAT:NRG_CB_GASM(1.0),08/09/26 23:00:00,M,IPRD,G3000,MIO_M3,DE,2025-12,327.000,,
ESTAT:NRG_CB_GASM(1.0),08/09/26 23:00:00,M,IPRD,G3000,MIO_M3,DE,2026-01,334.000,,
ESTAT:NRG_CB_GASM(1.0),08/09/26 23:00:00,M,IPRD,G3000,MIO_M3,DE,2026-02,319.000,,
ESTAT:NRG_CB_GASM(1.0),08/09/26 23:00:00,M,IPRD,G3000,MIO_M3,DE,2026-03,323.000,,
ESTAT:NRG_CB_GASM(1.0),08/09/26 23:00:00,M,IPRD,G3000,MIO_M3,DE,2026-04,336.000,,
ESTAT:NRG_CB_GASM(1.0),08/09/26 23:00:00,M,IPRD,G3000,MIO_M3,DE,2026-05,333.000,,
ESTAT:NRG_CB_GASM(1.0),08/09/26 23:00:00,M,IPRD,G3000,MIO_M3,DE,2026-06,316.000,,
ESTAT:NRG_CB_GASM(1.0),08/09/26 23:00:00,M,IPRD,G3000,TJ_GCV,DE,2008-01,51132.000,,
ESTAT:NRG_CB_GASM(1.0),08/09/26 23:00:00,M,IPRD,G3000,TJ_GCV,DE,2008-02,47156.000,,
ESTAT:NRG_CB_GASM(1.0),08/09/26 23:00:00,M,IPRD,G3000,TJ_GCV,DE,2008-03,50406.000,,
ESTAT:NRG_CB_GASM(1.0),08/09/26 23:00:00,M,IPRD,G3000,TJ_GCV,DE,2008-04,45702.000,,
ESTAT:NRG_CB_GASM(1.0),08/09/26 23:00:00,M,IPRD,G3000,TJ_GCV,DE,2008-05,43532.000,,
ESTAT:NRG_CB_GASM(1.0),08/09/26 23:00:00,M,IPRD,G3000,TJ_GCV,DE,2008-06,39823.000,,
ESTAT:NRG_CB_GASM(1.0),08/09/26 23:00:00,M,IPRD,G3000,TJ_GCV,DE,2008-07,42140.000,,
ESTAT:NRG_CB_GASM(1.0),08/09/26 23:00:00,M,IPRD,G3000,TJ_GCV,DE,2008-08,41382.000,,
ESTAT:NRG_CB_GASM(1.0),08/09/26 23:00:00,M,IPRD,G3000,TJ_GCV,DE,2008-09,42724.000,,
ESTAT:NRG_CB_GASM(1.0),08/09/26 23:00:00,M,IPRD,G3000,TJ_GCV,DE,2008-10,47200.000,,
ESTAT:NRG_CB_GASM(1.0),08/09/26 23:00:00,M,IPRD,G3000,TJ_GCV,DE,2008-11,45806.000,,
ESTAT:NRG_CB_GASM(1.0),08/09/26 23:00:00,M,IPRD,G3000,TJ_GCV,DE,2008-12,48405.000,,
ESTAT:NRG_CB_GASM(1.0),08/09/26 23:00:00,M,IPRD,G3000,TJ_GCV,DE,2009-01,48789.000,,
ESTAT:NRG_CB_GASM(1.0),08/09/26 23:00:00,M,IPRD,G3000,TJ_GCV,DE,2009-02,43817.000,,
ESTAT:NRG_CB_GASM(1.0),08/09/26 23:00:00,M,IPRD,G3000,TJ_GCV,DE,2009-03,47272.000,,
ESTAT:NRG_CB_GASM(1.0),08/09/26 23:00:00,M,IPRD,G3000,TJ_GCV,DE,2009-04,43282.000,,
ESTAT:NRG_CB_GASM(1.0),08/09/26 23:00:00,M,IPRD,G3000,TJ_GCV,DE,2009-05,41716.000,,
ESTAT:NRG_CB_GASM(1.0),08/09/26 23:00:00,M,IPRD,G3000,TJ_GCV,DE,2009-06,38901.000,,
ESTAT:NRG_CB_GASM(1.0),08/09/26 23:00:00,M,IPRD,G3000,TJ_GCV,DE,2009-07,40651.000,,
ESTAT:NRG_CB_GASM(1.0),08/09/26 23:00:00,M,IPRD,G3000,TJ_GCV,DE,2009-08,39057.000,,
ESTAT:NRG_CB_GASM(1.0),08/09/26 23:00:00,M,IPRD,G3000,TJ_GCV,DE,2009-09,39589.000,,
ESTAT:NRG_CB_GASM(1.0),08/09/26 23:00:00,M,IPRD,G3000,TJ_GCV,DE,2009-10,41267.000,,
ESTAT:NRG_CB_GASM(1.0),08/09/26 23:00:00,M,IPRD,G3000,TJ_GCV,DE,2009-11,41646.000,,
ESTAT:NRG_CB_GASM(1.0),08/09/26 23:00:00,M,IPRD,G3000,TJ_GCV,DE,2009-12,43868.000,,
ESTAT:NRG_CB_GASM(1.0),08/09/26 23:00:00,M,IPRD,G3000,TJ_GCV,DE,2010-01,43224.000,,
ESTAT:NRG_CB_GASM(1.0),08/09/26 23:00:00,M,IPRD,G3000,TJ_GCV,DE,2010-02,38646.000,,
ESTAT:NRG_CB_GASM(1.0),08/09/26 23:00:00,M,IPRD,G3000,TJ_GCV,DE,2010-03,41750.000,,
ESTAT:NRG_CB_GASM(1.0),08/09/26 23:00:00,M,IPRD,G3000,TJ_GCV,DE,2010-04,38040.000,,
ESTAT:NRG_CB_GASM(1.0),08/09/26 23:00:00,M,IPRD,G3000,TJ_GCV,DE,2010-05,38583.000,,
ESTAT:NRG_CB_GASM(1.0),08/09/26 23:00:00,M,IPRD,G3000,TJ_GCV,DE,2010-06,35615.000,,
ESTAT:NRG_CB_GASM(1.0),08/09/26 23:00:00,M,IPRD,G3000,TJ_GCV,DE,2010-07,34738.000,,
ESTAT:NRG_CB_GASM(1.0),08/09/26 23:00:00,M,IPRD,G3000,TJ_GCV,DE,2010-08,28653.000,,
ESTAT:NRG_CB_GASM(1.0),08/09/26 23:00:00,M,IPRD,G3000,TJ_GCV,DE,2010-09,32248.000,,
ESTAT:NRG_CB_GASM(1.0),08/09/26 23:00:00,M,IPRD,G3000,TJ_GCV,DE,2010-10,37079.000,,
ESTAT:NRG_CB_GASM(1.0),08/09/26 23:00:00,M,IPRD,G3000,TJ_GCV,DE,2010-11,37936.000,,
ESTAT:NRG_CB_GASM(1.0),08/09/26 23:00:00,M,IPRD,G3000,TJ_GCV,DE,2010-12,38445.000,,
ESTAT:NRG_CB_GASM(1.0),08/09/26 23:00:00,M,IPRD,G3000,TJ_GCV,DE,2011-01,38885.000,,
ESTAT:NRG_CB_GASM(1.0),08/09/26 23:00:00,M,IPRD,G3000,TJ_GCV,DE,2011-02,35200.000,,
ESTAT:NRG_CB_GASM(1.0),08/09/26 23:00:00,M,IPRD,G3000,TJ_GCV,DE,2011-03,38356.000,,
ESTAT:NRG_CB_GASM(1.0),08/09/26 23:00:00,M,IPRD,G3000,TJ_GCV,DE,2011-04,35583.000,,
ESTAT:NRG_CB_GASM(1.0),08/09/26 23:00:00,M,IPRD,G3000,TJ_GCV,DE,2011-05,35105.000,,
ESTAT:NRG_CB_GASM(1.0),08/09/26 23:00:00,M,IPRD,G3000,TJ_GCV,DE,2011-06,35105.000,,
ESTAT:NRG_CB_GASM(1.0),08/09/26 23:00:00,M,IPRD,G3000,TJ_GCV,DE,2011-07,33679.000,,
ESTAT:NRG_CB_GASM(1.0),08/09/26 23:00:00,M,IPRD,G3000,TJ_GCV,DE,2011-08,32885.000,,
ESTAT:NRG_CB_GASM(1.0),08/09/26 23:00:00,M,IPRD,G3000,TJ_GCV,DE,2011-09,31436.000,,
ESTAT:NRG_CB_GASM(1.0),08/09/26 23:00:00,M,IPRD,G3000,TJ_GCV,DE,2011-10,34078.000,,
ESTAT:NRG_CB_GASM(1.0),08/09/26 23:00:00,M,IPRD,G3000,TJ_GCV,DE,2011-11,34529.000,,
ESTAT:NRG_CB_GASM(1.0),08/09/26 23:00:00,M,IPRD,G3000,TJ_GCV,DE,2011-12,35966.000,,
ESTAT:NRG_CB_GASM(1.0),08/09/26 23:00:00,M,IPRD,G3000,TJ_GCV,DE,2012-01,34814.000,,
ESTAT:NRG_CB_GASM(1.0),08/09/26 23:00:00,M,IPRD,G3000,TJ_GCV,DE,2012-02,31678.000,,
ESTAT:NRG_CB_GASM(1.0),08/09/26 23:00:00,M,IPRD,G3000,TJ_GCV,DE,2012-03,34165.000,,
ESTAT:NRG_CB_GASM(1.0),08/09/26 23:00:00,M,IPRD,G3000,TJ_GCV,DE,2012-04,32066.000,,
ESTAT:NRG_CB_GASM(1.0),08/09/26 23:00:00,M,IPRD,G3000,TJ_GCV,DE,2012-05,31374.000,,
ESTAT:NRG_CB_GASM(1.0),08/09/26 23:00:00,M,IPRD,G3000,TJ_GCV,DE,2012-06,29540.000,,
ESTAT:NRG_CB_GASM(1.0),08/09/26 23:00:00,M,IPRD,G3000,TJ_GCV,DE,2012-07,30069.000,,
ESTAT:NRG_CB_GASM(1.0),08/09/26 23:00:00,M,IPRD,G3000,TJ_GCV,DE,2012-08,30435.000,,
ESTAT:NRG_CB_GASM(1.0),08/09/26 23:00:00,M,IPRD,G3000,TJ_GCV,DE,2012-09,30450.000,,
ESTAT:NRG_CB_GASM(1.0),08/09/26 23:00:00,M,IPRD,G3000,TJ_GCV,DE,2012-10,30450.000,,
ESTAT:NRG_CB_GASM(1.0),08/09/26 23:00:00,M,IPRD,G3000,TJ_GCV,DE,2012-11,41184.000,p,
ESTAT:NRG_CB_GASM(1.0),08/09/26 23:00:00,M,IPRD,G3000,TJ_GCV,DE,2012-12,42150.000,,
ESTAT:NRG_CB_GASM(1.0),08/09/26 23:00:00,M,IPRD,G3000,TJ_GCV,DE,2013-01,41516.000,,
ESTAT:NRG_CB_GASM(1.0),08/09/26 23:00:00,M,IPRD,G3000,TJ_GCV,DE,2013-02,40971.000,,
ESTAT:NRG_CB_GASM(1.0),08/09/26 23:00:00,M,IPRD,G3000,TJ_GCV,DE,2013-03,40616.000,,
ESTAT:NRG_CB_GASM(1.0),08/09/26 23:00:00,M,IPRD,G3000,TJ_GCV,DE,2013-04,35252.000,,
ESTAT:NRG_CB_GASM(1.0),08/09/26 23:00:00,M,IPRD,G3000,TJ_GCV,DE,2013-05,34064.000,,
ESTAT:NRG_CB_GASM(1.0),08/09/26 23:00:00,M,IPRD,G3000,TJ_GCV,DE,2013-06,30658.000,,
ESTAT:NRG_CB_GASM(1.0),08/09/26 23:00:00,M,IPRD,G3000,TJ_GCV,DE,2013-07,31826.000,,
ESTAT:NRG_CB_GASM(1.0),08/09/26 23:00:00,M,IPRD,G3000,TJ_GCV,DE,2013-08,31456.000,,
ESTAT:NRG_CB_GASM(1.0),08/09/26 23:00:00,M,IPRD,G3000,TJ_GCV,DE,2013-09,30296.000,,
ESTAT:NRG_CB_GASM(1.0),08/09/26 23:00:00,M,IPRD,G3000,TJ_GCV,DE,2013-10,30648.000,,
ESTAT:NRG_CB_GASM(1.0),08/09/26 23:00:00,M,IPRD,G3000,TJ_GCV,DE,2013-11,33542.000,,
ESTAT:NRG_CB_GASM(1.0),08/09/26 23:00:00,M,IPRD,G3000,TJ_GCV,DE,2013-12,37223.000,,
ESTAT:NRG_CB_GASM(1.0),08/09/26 23:00:00,M,IPRD,G3000,TJ_GCV,DE,2014-01,36622.000,,
ESTAT:NRG_CB_GASM(1.0),08/09/26 23:00:00,M,IPRD,G3000,TJ_GCV,DE,2014-02,30019.000,,
ESTAT:NRG_CB_GASM(1.0),08/09/26 23:00:00,M,IPRD,G3000,TJ_GCV,DE,2014-03,30145.000,,
ESTAT:NRG_CB_GASM(1.0),08/09/26 23:00:00,M,IPRD,G3000,TJ_GCV,DE,2014-04,28820.000,,
ESTAT:NRG_CB_GASM(1.0),08/09/26 23:00:00,M,IPRD,G3000,TJ_GCV,DE,2014-05,29253.000,,
ESTAT:NRG_CB_GASM(1.0),08/09/26 23:00:00,M,IPRD,G3000,TJ_GCV,DE,2014-06,28333.000,,
ESTAT:NRG_CB_GASM(1.0),08/09/26 23:00:00,M,IPRD,G3000,TJ_GCV,DE,2014-07,28452.000,,
ESTAT:NRG_CB_GASM(1.0),08/09/26 23:00:00,M,IPRD,G3000,TJ_GCV,DE,2014-08,29992.000,,
ESTAT:NRG_CB_GASM(1.0),08/09/26 23:00:00,M,IPRD,G3000,TJ_GCV,DE,2014-09,29992.000,,
ESTAT:NRG_CB_GASM(1.0),08/09/26 23:00:00,M,IPRD,G3000,TJ_GCV,DE,2014-10,27996.000,,
ESTAT:NRG_CB_GASM(1.0),08/09/26 23:00:00,M,IPRD,G3000,TJ_GCV,DE,2014-11,29437.000,,
ESTAT:NRG_CB_GASM(1.0),08/09/26 23:00:00,M,IPRD,G3000,TJ_GCV,DE,2014-12,29331.000,,
ESTAT:NRG_CB_GASM(1.0),08/09/26 23:00:00,M,IPRD,G3000,TJ_GCV,DE,2015-01,28105.000,,
ESTAT:NRG_CB_GASM(1.0),08/09/26 23:00:00,M,IPRD,G3000,TJ_GCV,DE,2015-02,25595.000,,
ESTAT:NRG_CB_GASM(1.0),08/09/26 23:00:00,M,IPRD,G3000,TJ_GCV,DE,2015-03,25887.000,,
ESTAT:NRG_CB_GASM(1.0),08/09/26 23:00:00,M,IPRD,G3000,TJ_GCV,DE,2015-04,27354.000,,
ESTAT:NRG_CB_GASM(1.0),08/09/26 23:00:00,M,IPRD,G3000,TJ_GCV,DE,2015-05,27807.000,,
ESTAT:NRG_CB_GASM(1.0),08/09/26 23:00:00,M,IPRD,G3000,TJ_GCV,DE,2015-06,25447.000,,
ESTAT:NRG_CB_GASM(1.0),08/09/26 23:00:00,M,IPRD,G3000,TJ_GCV,DE,2015-07,24676.000,,
ESTAT:NRG_CB_GASM(1.0),08/09/26 23:00:00,M,IPRD,G3000,TJ_GCV,DE,2015-08,24722.000,,
ESTAT:NRG_CB_GASM(1.0),08/09/26 23:00:00,M,IPRD,G3000,TJ_GCV,DE,2015-09,16820.000,,
ESTAT:NRG_CB_GASM(1.0),08/09/26 23:00:00,M,IPRD,G3000,TJ_GCV,DE,2015-10,20975.000,,
ESTAT:NRG_CB_GASM(1.0),08/09/26 23:00:00,M,IPRD,G3000,TJ_GCV,DE,2015-11,23445.000,,
ESTAT:NRG_CB_GASM(1.0),08/09/26 23:00:00,M,IPRD,G3000,TJ_GCV,DE,2015-12,24253.000,,
ESTAT:NRG_CB_GASM(1.0),08/09/26 23:00:00,M,IPRD,G3000,TJ_GCV,DE,2016-01,24296.000,,
ESTAT:NRG_CB_GASM(1.0),08/09/26 23:00:00,M,IPRD,G3000,TJ_GCV,DE,2016-02,22623.000,,
ESTAT:NRG_CB_GASM(1.0),08/09/26 23:00:00,M,IPRD,G3000,TJ_GCV,DE,2016-03,23185.000,,
ESTAT:NRG_CB_GASM(1.0),08/09/26 23:00:00,M,IPRD,G3000,TJ_GCV,DE,2016-04,19708.000,,
ESTAT:NRG_CB_GASM(1.0),08/09/26 23:00:00,M,IPRD,G3000,TJ_GCV,DE,2016-05,22988.000,,
ESTAT:NRG_CB_GASM(1.0),08/09/26 23:00:00,M,IPRD,G3000,TJ_GCV,DE,2016-06,21139.000,,
ESTAT:NRG_CB_GASM(1.0),08/09/26 23:00:00,M,IPRD,G3000,TJ_GCV,DE,2016-07,22726.000,,
ESTAT:NRG_CB_GASM(1.0),08/09/26 23:00:00,M,IPRD,G3000,TJ_GCV,DE,2016-08,21155.000,,
ESTAT:NRG_CB_GASM(1.0),08/09/26 23:00:00,M,IPRD,G3000,TJ_GCV,DE,2016-09,20679.000,,
ESTAT:NRG_CB_GASM(1.0),08/09/26 23:00:00,M,IPRD,G3000,TJ_GCV,DE,2016-10,22983.000,,
ESTAT:NRG_CB_GASM(1.0),08/09/26 23:00:00,M,IPRD,G3000,TJ_GCV,DE,2016-11,22525.000,,
ESTAT:NRG_CB_GASM(1.0),08/09/26 23:00:00,M,IPRD,G3000,TJ_GCV,DE,2016-12,23487.000,,
ESTAT:NRG_CB_GASM(1.0),08/09/26 23:00:00,M,IPRD,G3000,TJ_GCV,DE,2017-01,23087.000,,
ESTAT:NRG_CB_GASM(1.0),08/09/26 23:00:00,M,IPRD,G3000,TJ_GCV,DE,2017-02,20449.000,,
ESTAT:NRG_CB_GASM(1.0),08/09/26 23:00:00,M,IPRD,G3000,TJ_GCV,DE,2017-03,21714.000,,
ESTAT:NRG_CB_GASM(1.0),08/09/26 23:00:00,M,IPRD,G3000,TJ_GCV,DE,2017-04,20693.000,,
ESTAT:NRG_CB_GASM(1.0),08/09/26 23:00:00,M,IPRD,G3000,TJ_GCV,DE,2017-05,20243.000,,
ESTAT:NRG_CB_GASM(1.0),08/09/26 23:00:00,M,IPRD,G3000,TJ_GCV,DE,2017-06,19751.000,,
ESTAT:NRG_CB_GASM(1.0),08/09/26 23:00:00,M,IPRD,G3000,TJ_GCV,DE,2017-07,20650.000,,
ESTAT:NRG_CB_GASM(1.0),08/09/26 23:00:00,M,IPRD,G3000,TJ_GCV,DE,2017-08,19514.000,,
ESTAT:NRG_CB_GASM(1.0),08/09/26 23:00:00,M,IPRD,G3000,TJ_GCV,DE,2017-09,18678.000,,
ESTAT:NRG_CB_GASM(1.0),08/09/26 23:00:00,M,IPRD,G3000,TJ_GCV,DE,2017-10,20116.000,,
ESTAT:NRG_CB_GASM(1.0),08/09/26 23:00:00,M,IPRD,G3000,TJ_GCV,DE,2017-11,19688.000,,
ESTAT:NRG_CB_GASM(1.0),08/09/26 23:00:00,M,IPRD,G3000,TJ_GCV,DE,2017-12,20725.000,,
ESTAT:NRG_CB_GASM(1.0),08/09/26 23:00:00,M,IPRD,G3000,TJ_GCV,DE,2018-01,19788.000,,
ESTAT:NRG_CB_GASM(1.0),08/09/26 23:00:00,M,IPRD,G3000,TJ_GCV,DE,2018-02,17756.000,,
ESTAT:NRG_CB_GASM(1.0),08/09/26 23:00:00,M,IPRD,G3000,TJ_GCV,DE,2018-03,18658.000,,
ESTAT:NRG_CB_GASM(1.0),08/09/26 23:00:00,M,IPRD,G3000,TJ_GCV,DE,2018-04,17391.000,,
ESTAT:NRG_CB_GASM(1.0),08/09/26 23:00:00,M,IPRD,G3000,TJ_GCV,DE,2018-05,15907.000,,
ESTAT:NRG_CB_GASM(1.0),08/09/26 23:00:00,M,IPRD,G3000,TJ_GCV,DE,2018-06,14333.000,,
ESTAT:NRG_CB_GASM(1.0),08/09/26 23:00:00,M,IPRD,G3000,TJ_GCV,DE,2018-07,16006.000,,
ESTAT:NRG_CB_GASM(1.0),08/09/26 23:00:00,M,IPRD,G3000,TJ_GCV,DE,2018-08,16404.000,,
ESTAT:NRG_CB_GASM(1.0),08/09/26 23:00:00,M,IPRD,G3000,TJ_GCV,DE,2018-09,17453.000,,
ESTAT:NRG_CB_GASM(1.0),08/09/26 23:00:00,M,IPRD,G3000,TJ_GCV,DE,2018-10,18807.000,,
ESTAT:NRG_CB_GASM(1.0),08/09/26 23:00:00,M,IPRD,G3000,TJ_GCV,DE,2018-11,18159.000,,
ESTAT:NRG_CB_GASM(1.0),08/09/26 23:00:00,M,IPRD,G3000,TJ_GCV,DE,2018-12,19058.000,,
ESTAT:NRG_CB_GASM(1.0),08/09/26 23:00:00,M,IPRD,G3000,TJ_GCV,DE,2019-01,18652.000,,
ESTAT:NRG_CB_GASM(1.0),08/09/26 23:00:00,M,IPRD,G3000,TJ_GCV,DE,2019-02,16810.000,,
ESTAT:NRG_CB_GASM(1.0),08/09/26 23:00:00,M,IPRD,G3000,TJ_GCV,DE,2019-03,18232.000,,
ESTAT:NRG_CB_GASM(1.0),08/09/26 23:00:00,M,IPRD,G3000,TJ_GCV,DE,2019-04,16986.000,,
ESTAT:NRG_CB_GASM(1.0),08/09/26 23:00:00,M,IPRD,G3000,TJ_GCV,DE,2019-05,17122.000,,
ESTAT:NRG_CB_GASM(1.0),08/09/26 23:00:00,M,IPRD,G3000,TJ_GCV,DE,2019-06,17424.000,,
ESTAT:NRG_CB_GASM(1.0),08/09/26 23:00:00,M,IPRD,G3000,TJ_GCV,DE,2019-07,16856.000,,
ESTAT:NRG_CB_GASM(1.0),08/09/26 23:00:00,M,IPRD,G3000,TJ_GCV,DE,2019-08,16028.000,,
ESTAT:NRG_CB_GASM(1.0),08/09/26 23:00:00,M,IPRD,G3000,TJ_GCV,DE,2019-09,14872.000,,
ESTAT:NRG_CB_GASM(1.0),08/09/26 23:00:00,M,IPRD,G3000,TJ_GCV,DE,2019-10,16437.000,,
ESTAT:NRG_CB_GASM(1.0),08/09/26 23:00:00,M,IPRD,G3000,TJ_GCV,DE,2019-11,15937.000,,
ESTAT:NRG_CB_GASM(1.0),08/09/26 23:00:00,M,IPRD,G3000,TJ_GCV,DE,2019-12,16612.000,,
ESTAT:NRG_CB_GASM(1.0),08/09/26 23:00:00,M,IPRD,G3000,TJ_GCV,DE,2020-01,16529.450,,
ESTAT:NRG_CB_GASM(1.0),08/09/26 23:00:00,M,IPRD,G3000,TJ_GCV,DE,2020-02,15184.000,,
ESTAT:NRG_CB_GASM(1.0),08/09/26 23:00:00,M,IPRD,G3000,TJ_GCV,DE,2020-03,15076.000,,
ESTAT:NRG_CB_GASM(1.0),08/09/26 23:00:00,M,IPRD,G3000,TJ_GCV,DE,2020-04,15430.000,,
ESTAT:NRG_CB_GASM(1.0),08/09/26 23:00:00,M,IPRD,G3000,TJ_GCV,DE,2020-05,15640.000,,
ESTAT:NRG_CB_GASM(1.0),08/09/26 23:00:00,M,IPRD,G3000,TJ_GCV,DE,2020-06,14601.000,,
ESTAT:NRG_CB_GASM(1.0),08/09/26 23:00:00,M,IPRD,G3000,TJ_GCV,DE,2020-07,15143.000,,
ESTAT:NRG_CB_GASM(1.0),08/09/26 23:00:00,M,IPRD,G3000,TJ_GCV,DE,2020-08,14334.000,,
ESTAT:NRG_CB_GASM(1.0),08/09/26 23:00:00,M,IPRD,G3000,TJ_GCV,DE,2020-09,9446.000,,
ESTAT:NRG_CB_GASM(1.0),08/09/26 23:00:00,M,IPRD,G3000,TJ_GCV,DE,2020-10,9622.000,,
ESTAT:NRG_CB_GASM(1.0),08/09/26 23:00:00,M,IPRD,G3000,TJ_GCV,DE,2020-11,14553.000,,
ESTAT:NRG_CB_GASM(1.0),08/09/26 23:00:00,M,IPRD,G3000,TJ_GCV,DE,2020-12,15763.000,,
ESTAT:NRG_CB_GASM(1.0),08/09/26 23:00:00,M,IPRD,G3000,TJ_GCV,DE,2021-01,15405.000,,
ESTAT:NRG_CB_GASM(1.0),08/09/26 23:00:00,M,IPRD,G3000,TJ_GCV,DE,2021-02,13486.000,,
ESTAT:NRG_CB_GASM(1.0),08/09/26 23:00:00,M,IPRD,G3000,TJ_GCV,DE,2021-03,14784.000,,
ESTAT:NRG_CB_GASM(1.0),08/09/26 23:00:00,M,IPRD,G3000,TJ_GCV,DE,2021-04,11293.000,,
ESTAT:NRG_CB_GASM(1.0),08/09/26 23:00:00,M,IPRD,G3000,TJ_GCV,DE,2021-05,14457.000,,
ESTAT:NRG_CB_GASM(1.0),08/09/26 23:00:00,M,IPRD,G3000,TJ_GCV,DE,2021-06,13572.000,,
ESTAT:NRG_CB_GASM(1.0),08/09/26 23:00:00,M,IPRD,G3000,TJ_GCV,DE,2021-07,14336.000,,
ESTAT:NRG_CB_GASM(1.0),08/09/26 23:00:00,M,IPRD,G3000,TJ_GCV,DE,2021-08,14267.000,,
ESTAT:NRG_CB_GASM(1.0),08/09/26 23:00:00,M,IPRD,G3000,TJ_GCV,DE,2021-09,13417.000,,
ESTAT:NRG_CB_GASM(1.0),08/09/26 23:00:00,M,IPRD,G3000,TJ_GCV,DE,2021-10,14729.000,,
ESTAT:NRG_CB_GASM(1.0),08/09/26 23:00:00,M,IPRD,G3000,TJ_GCV,DE,2021-11,14370.000,,
ESTAT:NRG_CB_GASM(1.0),08/09/26 23:00:00,M,IPRD,G3000,TJ_GCV,DE,2021-12,14888.000,,
ESTAT:NRG_CB_GASM(1.0),08/09/26 23:00:00,M,IPRD,G3000,TJ_GCV,DE,2022-01,14673.000,,
ESTAT:NRG_CB_GASM(1.0),08/09/26 23:00:00,M,IPRD,G3000,TJ_GCV,DE,2022-02,12994.000,,
ESTAT:NRG_CB_GASM(1.0),08/09/26 23:00:00,M,IPRD,G3000,TJ_GCV,DE,2022-03,14446.000,,
ESTAT:NRG_CB_GASM(1.0),08/09/26 23:00:00,M,IPRD,G3000,TJ_GCV,DE,2022-04,13844.000,,
ESTAT:NRG_CB_GASM(1.0),08/09/26 23:00:00,M,IPRD,G3000,TJ_GCV,DE,2022-05,14061.000,,
ESTAT:NRG_CB_GASM(1.0),08/09/26 23:00:00,M,IPRD,G3000,TJ_GCV,DE,2022-06,13086.000,,
ESTAT:NRG_CB_GASM(1.0),08/09/26 23:00:00,M,IPRD,G3000,TJ_GCV,DE,2022-07,12480.000,,
ESTAT:NRG_CB_GASM(1.0),08/09/26 23:00:00,M,IPRD,G3000,TJ_GCV,DE,2022-08,13524.000,,
ESTAT:NRG_CB_GASM(1.0),08/09/26 23:00:00,M,IPRD,G3000,TJ_GCV,DE,2022-09,12458.000,,
ESTAT:NRG_CB_GASM(1.0),08/09/26 23:00:00,M,IPRD,G3000,TJ_GCV,DE,2022-10,13016.000,,
ESTAT:NRG_CB_GASM(1.0),08/09/26 23:00:00,M,IPRD,G3000,TJ_GCV,DE,2022-11,12841.000,,
ESTAT:NRG_CB_GASM(1.0),08/09/26 23:00:00,M,IPRD,G3000,TJ_GCV,DE,2022-12,13269.000,,
ESTAT:NRG_CB_GASM(1.0),08/09/26 23:00:00,M,IPRD,G3000,TJ_GCV,DE,2023-01,13458.000,,
ESTAT:NRG_CB_GASM(1.0),08/09/26 23:00:00,M,IPRD,G3000,TJ_GCV,DE,2023-02,12101.000,,
ESTAT:NRG_CB_GASM(1.0),08/09/26 23:00:00,M,IPRD,G3000,TJ_GCV,DE,2023-03,12896.000,,
ESTAT:NRG_CB_GASM(1.0),08/09/26 23:00:00,M,IPRD,G3000,TJ_GCV,DE,2023-04,12140.000,,
ESTAT:NRG_CB_GASM(1.0),08/09/26 23:00:00,M,IPRD,G3000,TJ_GCV,DE,2023-05,11979.000,,
ESTAT:NRG_CB_GASM(1.0),08/09/26 23:00:00,M,IPRD,G3000,TJ_GCV,DE,2023-06,10399.000,,
ESTAT:NRG_CB_GASM(1.0),08/09/26 23:00:00,M,IPRD,G3000,TJ_GCV,DE,2023-07,9643.000,,
ESTAT:NRG_CB_GASM(1.0),08/09/26 23:00:00,M,IPRD,G3000,TJ_GCV,DE,2023-08,12597.610,,
ESTAT:NRG_CB_GASM(1.0),08/09/26 23:00:00,M,IPRD,G3000,TJ_GCV,DE,2023-09,12070.000,,
ESTAT:NRG_CB_GASM(1.0),08/09/26 23:00:00,M,IPRD,G3000,TJ_GCV,DE,2023-10,12186.000,,
ESTAT:NRG_CB_GASM(1.0),08/09/26 23:00:00,M,IPRD,G3000,TJ_GCV,DE,2023-11,11521.000,,
ESTAT:NRG_CB_GASM(1.0),08/09/26 23:00:00,M,IPRD,G3000,TJ_GCV,DE,2023-12,12541.000,,
ESTAT:NRG_CB_GASM(1.0),08/09/26 23:00:00,M,IPRD,G3000,TJ_GCV,DE,2024-01,12539.000,,
ESTAT:NRG_CB_GASM(1.0),08/09/26 23:00:00,M,IPRD,G3000,TJ_GCV,DE,2024-02,11687.000,,
ESTAT:NRG_CB_GASM(1.0),08/09/26 23:00:00,M,IPRD,G3000,TJ_GCV,DE,2024-03,12086.000,,
ESTAT:NRG_CB_GASM(1.0),08/09/26 23:00:00,M,IPRD,G3000,TJ_GCV,DE,2024-04,10990.000,,
ESTAT:NRG_CB_GASM(1.0),08/09/26 23:00:00,M,IPRD,G3000,TJ_GCV,DE,2024-05,11464.000,,
ESTAT:NRG_CB_GASM(1.0),08/09/26 23:00:00,M,IPRD,G3000,TJ_GCV,DE,2024-06,10407.000,,
ESTAT:NRG_CB_GASM(1.0),08/09/26 23:00:00,M,IPRD,G3000,TJ_GCV,DE,2024-07,11180.000,,
ESTAT:NRG_CB_GASM(1.0),08/09/26 23:00:00,M,IPRD,G3000,TJ_GCV,DE,2024-08,11058.000,,
ESTAT:NRG_CB_GASM(1.0),08/09/26 23:00:00,M,IPRD,G3000,TJ_GCV,DE,2024-09,11074.000,,
ESTAT:NRG_CB_GASM(1.0),08/09/26 23:00:00,M,IPRD,G3000,TJ_GCV,DE,2024-10,10947.000,,
ESTAT:NRG_CB_GASM(1.0),08/09/26 23:00:00,M,IPRD,G3000,TJ_GCV,DE,2024-11,10969.000,,
ESTAT:NRG_CB_GASM(1.0),08/09/26 23:00:00,M,IPRD,G3000,TJ_GCV,DE,2024-12,11826.000,,
ESTAT:NRG_CB_GASM(1.0),08/09/26 23:00:00,M,IPRD,G3000,TJ_GCV,DE,2025-01,11811.000,,
ESTAT:NRG_CB_GASM(1.0),08/09/26 23:00:00,M,IPRD,G3000,TJ_GCV,DE,2025-02,10641.000,,
ESTAT:NRG_CB_GASM(1.0),08/09/26 23:00:00,M,IPRD,G3000,TJ_GCV,DE,2025-03,10984.000,,
ESTAT:NRG_CB_GASM(1.0),08/09/26 23:00:00,M,IPRD,G3000,TJ_GCV,DE,2025-04,10993.000,,
ESTAT:NRG_CB_GASM(1.0),08/09/26 23:00:00,M,IPRD,G3000,TJ_GCV,DE,2025-05,10984.000,,
ESTAT:NRG_CB_GASM(1.0),08/09/26 23:00:00,M,IPRD,G3000,TJ_GCV,DE,2025-06,11235.000,,
ESTAT:NRG_CB_GASM(1.0),08/09/26 23:00:00,M,IPRD,G3000,TJ_GCV,DE,2025-07,10793.000,,
ESTAT:NRG_CB_GASM(1.0),08/09/26 23:00:00,M,IPRD,G3000,TJ_GCV,DE,2025-08,10876.403,,
ESTAT:NRG_CB_GASM(1.0),08/09/26 23:00:00,M,IPRD,G3000,TJ_GCV,DE,2025-09,10795.000,,
ESTAT:NRG_CB_GASM(1.0),08/09/26 23:00:00,M,IPRD,G3000,TJ_GCV,DE,2025-10,11158.000,,
ESTAT:NRG_CB_GASM(1.0),08/09/26 23:00:00,M,IPRD,G3000,TJ_GCV,DE,2025-11,11359.000,,
ESTAT:NRG_CB_GASM(1.0),08/09/26 23:00:00,M,IPRD,G3000,TJ_GCV,DE,2025-12,11516.000,,
ESTAT:NRG_CB_GASM(1.0),08/09/26 23:00:00,M,IPRD,G3000,TJ_GCV,DE,2026-01,11755.000,,
ESTAT:NRG_CB_GASM(1.0),08/09/26 23:00:00,M,IPRD,G3000,TJ_GCV,DE,2026-02,11217.000,,
ESTAT:NRG_CB_GASM(1.0),08/09/26 23:00:00,M,IPRD,G3000,TJ_GCV,DE,2026-03,11373.000,,
ESTAT:NRG_CB_GASM(1.0),08/09/26 23:00:00,M,IPRD,G3000,TJ_GCV,DE,2026-04,11804.000,,
ESTAT:NRG_CB_GASM(1.0),08/09/26 23:00:00,M,IPRD,G3000,TJ_GCV,DE,2026-05,11697.000,,
ESTAT:NRG_CB_GASM(1.0),08/09/26 23:00:00,M,IPRD,G3000,TJ_GCV,DE,2026-06,11101.000,,
ESTAT:NRG_CB_GASM(1.0),08/09/26 23:00:00,M,IPRD,G3000,TJ_GCV,DE,2026-07,9986.400,,
ESTAT:NRG_CB_GASM(1.0),08/09/26 23:00:00,M,STATDIFF,G3000,MIO_M3,DE,2021-01,0.000,,
ESTAT:NRG_CB_GASM(1.0),08/09/26 23:00:00,M,STATDIFF,G3000,MIO_M3,DE,2021-02,0.000,,
ESTAT:NRG_CB_GASM(1.0),08/09/26 23:00:00,M,STATDIFF,G3000,MIO_M3,DE,2021-03,0.000,,
ESTAT:NRG_CB_GASM(1.0),08/09/26 23:00:00,M,STATDIFF,G3000,MIO_M3,DE,2021-04,0.000,,
ESTAT:NRG_CB_GASM(1.0),08/09/26 23:00:00,M,STATDIFF,G3000,MIO_M3,DE,2021-05,0.000,,
ESTAT:NRG_CB_GASM(1.0),08/09/26 23:00:00,M,STATDIFF,G3000,MIO_M3,DE,2021-06,0.000,,
ESTAT:NRG_CB_GASM(1.0),08/09/26 23:00:00,M,STATDIFF,G3000,MIO_M3,DE,2021-07,0.000,,
ESTAT:NRG_CB_GASM(1.0),08/09/26 23:00:00,M,STATDIFF,G3000,MIO_M3,DE,2021-08,0.000,,
ESTAT:NRG_CB_GASM(1.0),08/09/26 23:00:00,M,STATDIFF,G3000,MIO_M3,DE,2021-09,0.000,,
ESTAT:NRG_CB_GASM(1.0),08/09/26 23:00:00,M,STATDIFF,G3000,MIO_M3,DE,2021-10,0.000,,
ESTAT:NRG_CB_GASM(1.0),08/09/26 23:00:00,M,STATDIFF,G3000,MIO_M3,DE,2021-11,0.000,,
ESTAT:NRG_CB_GASM(1.0),08/09/26 23:00:00,M,STATDIFF,G3000,MIO_M3,DE,2021-12,0.000,,
ESTAT:NRG_CB_GASM(1.0),08/09/26 23:00:00,M,STATDIFF,G3000,MIO_M3,DE,2022-01,0.000,,
ESTAT:NRG_CB_GASM(1.0),08/09/26 23:00:00,M,STATDIFF,G3000,MIO_M3,DE,2022-02,0.000,,
ESTAT:NRG_CB_GASM(1.0),08/09/26 23:00:00,M,STATDIFF,G3000,MIO_M3,DE,2022-03,0.000,,
ESTAT:NRG_CB_GASM(1.0),08/09/26 23:00:00,M,STATDIFF,G3000,MIO_M3,DE,2022-04,0.000,,
ESTAT:NRG_CB_GASM(1.0),08/09/26 23:00:00,M,STATDIFF,G3000,MIO_M3,DE,2022-05,0.000,,
ESTAT:NRG_CB_GASM(1.0),08/09/26 23:00:00,M,STATDIFF,G3000,MIO_M3,DE,2022-06,0.000,,
ESTAT:NRG_CB_GASM(1.0),08/09/26 23:00:00,M,STATDIFF,G3000,MIO_M3,DE,2022-07,0.000,,
ESTAT:NRG_CB_GASM(1.0),08/09/26 23:00:00,M,STATDIFF,G3000,MIO_M3,DE,2022-08,0.000,,
ESTAT:NRG_CB_GASM(1.0),08/09/26 23:00:00,M,STATDIFF,G3000,MIO_M3,DE,2022-09,0.000,,
ESTAT:NRG_CB_GASM(1.0),08/09/26 23:00:00,M,STATDIFF,G3000,MIO_M3,DE,2022-10,0.000,,
ESTAT:NRG_CB_GASM(1.0),08/09/26 23:00:00,M,STATDIFF,G3000,MIO_M3,DE,2022-11,0.000,,
ESTAT:NRG_CB_GASM(1.0),08/09/26 23:00:00,M,STATDIFF,G3000,MIO_M3,DE,2022-12,0.000,,
ESTAT:NRG_CB_GASM(1.0),08/09/26 23:00:00,M,STATDIFF,G3000,MIO_M3,DE,2023-01,0.000,,
ESTAT:NRG_CB_GASM(1.0),08/09/26 23:00:00,M,STATDIFF,G3000,MIO_M3,DE,2023-02,0.000,,
ESTAT:NRG_CB_GASM(1.0),08/09/26 23:00:00,M,STATDIFF,G3000,MIO_M3,DE,2023-03,0.000,,
ESTAT:NRG_CB_GASM(1.0),08/09/26 23:00:00,M,STATDIFF,G3000,MIO_M3,DE,2023-04,0.000,,
ESTAT:NRG_CB_GASM(1.0),08/09/26 23:00:00,M,STATDIFF,G3000,MIO_M3,DE,2023-05,0.000,,
ESTAT:NRG_CB_GASM(1.0),08/09/26 23:00:00,M,STATDIFF,G3000,MIO_M3,DE,2023-06,0.000,,
ESTAT:NRG_CB_GASM(1.0),08/09/26 23:00:00,M,STATDIFF,G3000,MIO_M3,DE,2023-07,0.000,,
ESTAT:NRG_CB_GASM(1.0),08/09/26 23:00:00,M,STATDIFF,G3000,MIO_M3,DE,2023-08,0.000,,
ESTAT:NRG_CB_GASM(1.0),08/09/26 23:00:00,M,STATDIFF,G3000,MIO_M3,DE,2023-09,0.000,,
ESTAT:NRG_CB_GASM(1.0),08/09/26 23:00:00,M,STATDIFF,G3000,MIO_M3,DE,2023-10,0.000,,
ESTAT:NRG_CB_GASM(1.0),08/09/26 23:00:00,M,STATDIFF,G3000,MIO_M3,DE,2023-11,0.000,,
ESTAT:NRG_CB_GASM(1.0),08/09/26 23:00:00,M,STATDIFF,G3000,MIO_M3,DE,2023-12,0.000,,
ESTAT:NRG_CB_GASM(1.0),08/09/26 23:00:00,M,STATDIFF,G3000,MIO_M3,DE,2024-01,0.000,,
ESTAT:NRG_CB_GASM(1.0),08/09/26 23:00:00,M,STATDIFF,G3000,MIO_M3,DE,2024-02,0.000,,
ESTAT:NRG_CB_GASM(1.0),08/09/26 23:00:00,M,STATDIFF,G3000,MIO_M3,DE,2024-04,0.000,,
ESTAT:NRG_CB_GASM(1.0),08/09/26 23:00:00,M,STATDIFF,G3000,MIO_M3,DE,2024-05,0.000,,
ESTAT:NRG_CB_GASM(1.0),08/09/26 23:00:00,M,STATDIFF,G3000,MIO_M3,DE,2024-06,0.000,,
ESTAT:NRG_CB_GASM(1.0),08/09/26 23:00:00,M,STATDIFF,G3000,MIO_M3,DE,2024-07,0.000,,
ESTAT:NRG_CB_GASM(1.0),08/09/26 23:00:00,M,STATDIFF,G3000,MIO_M3,DE,2024-08,0.000,,
ESTAT:NRG_CB_GASM(1.0),08/09/26 23:00:00,M,STATDIFF,G3000,MIO_M3,DE,2024-09,0.000,,
ESTAT:NRG_CB_GASM(1.0),08/09/26 23:00:00,M,STATDIFF,G3000,MIO_M3,DE,2024-10,0.000,,
ESTAT:NRG_CB_GASM(1.0),08/09/26 23:00:00,M,STATDIFF,G3000,MIO_M3,DE,2024-11,0.000,,
ESTAT:NRG_CB_GASM(1.0),08/09/26 23:00:00,M,STATDIFF,G3000,MIO_M3,DE,2024-12,0.000,,
ESTAT:NRG_CB_GASM(1.0),08/09/26 23:00:00,M,STATDIFF,G3000,MIO_M3,DE,2025-01,0.000,,
ESTAT:NRG_CB_GASM(1.0),08/09/26 23:00:00,M,STATDIFF,G3000,MIO_M3,DE,2025-02,0.000,,
ESTAT:NRG_CB_GASM(1.0),08/09/26 23:00:00,M,STATDIFF,G3000,MIO_M3,DE,2025-03,0.000,,
ESTAT:NRG_CB_GASM(1.0),08/09/26 23:00:00,M,STATDIFF,G3000,MIO_M3,DE,2025-04,0.000,,
ESTAT:NRG_CB_GASM(1.0),08/09/26 23:00:00,M,STATDIFF,G3000,MIO_M3,DE,2025-05,0.000,,
ESTAT:NRG_CB_GASM(1.0),08/09/26 23:00:00,M,STATDIFF,G3000,MIO_M3,DE,2025-06,0.000,,
ESTAT:NRG_CB_GASM(1.0),08/09/26 23:00:00,M,STATDIFF,G3000,MIO_M3,DE,2025-07,0.000,,
ESTAT:NRG_CB_GASM(1.0),08/09/26 23:00:00,M,STATDIFF,G3000,MIO_M3,DE,2025-08,0.000,,
ESTAT:NRG_CB_GASM(1.0),08/09/26 23:00:00,M,STATDIFF,G3000,MIO_M3,DE,2025-09,0.000,,
ESTAT:NRG_CB_GASM(1.0),08/09/26 23:00:00,M,STATDIFF,G3000,MIO_M3,DE,2025-10,0.000,,
ESTAT:NRG_CB_GASM(1.0),08/09/26 23:00:00,M,STATDIFF,G3000,MIO_M3,DE,2025-11,0.000,,
ESTAT:NRG_CB_GASM(1.0),08/09/26 23:00:00,M,STATDIFF,G3000,MIO_M3,DE,2025-12,0.000,,
ESTAT:NRG_CB_GASM(1.0),08/09/26 23:00:00,M,STATDIFF,G3000,MIO_M3,DE,2026-01,0.000,,
ESTAT:NRG_CB_GASM(1.0),08/09/26 23:00:00,M,STATDIFF,G3000,MIO_M3,DE,2026-02,0.000,,
ESTAT:NRG_CB_GASM(1.0),08/09/26 23:00:00,M,STATDIFF,G3000,MIO_M3,DE,2026-03,0.000,,
ESTAT:NRG_CB_GASM(1.0),08/09/26 23:00:00,M,STATDIFF,G3000,MIO_M3,DE,2026-04,0.000,,
ESTAT:NRG_CB_GASM(1.0),08/09/26 23:00:00,M,STATDIFF,G3000,MIO_M3,DE,2026-05,0.000,,
ESTAT:NRG_CB_GASM(1.0),08/09/26 23:00:00,M,STATDIFF,G3000,MIO_M3,DE,2026-06,0.000,,
ESTAT:NRG_CB_GASM(1.0),08/09/26 23:00:00,M,STATDIFF,G3000,TJ_GCV,DE,2021-01,0.000,,
ESTAT:NRG_CB_GASM(1.0),08/09/26 23:00:00,M,STATDIFF,G3000,TJ_GCV,DE,2021-02,0.000,,
ESTAT:NRG_CB_GASM(1.0),08/09/26 23:00:00,M,STATDIFF,G3000,TJ_GCV,DE,2021-03,0.000,,
ESTAT:NRG_CB_GASM(1.0),08/09/26 23:00:00,M,STATDIFF,G3000,TJ_GCV,DE,2021-04,0.000,,
ESTAT:NRG_CB_GASM(1.0),08/09/26 23:00:00,M,STATDIFF,G3000,TJ_GCV,DE,2021-05,0.000,,
ESTAT:NRG_CB_GASM(1.0),08/09/26 23:00:00,M,STATDIFF,G3000,TJ_GCV,DE,2021-06,0.000,,
ESTAT:NRG_CB_GASM(1.0),08/09/26 23:00:00,M,STATDIFF,G3000,TJ_GCV,DE,2021-07,0.000,,
ESTAT:NRG_CB_GASM(1.0),08/09/26 23:00:00,M,STATDIFF,G3000,TJ_GCV,DE,2021-08,0.000,,
ESTAT:NRG_CB_GASM(1.0),08/09/26 23:00:00,M,STATDIFF,G3000,TJ_GCV,DE,2021-09,0.000,,
ESTAT:NRG_CB_GASM(1.0),08/09/26 23:00:00,M,STATDIFF,G3000,TJ_GCV,DE,2021-10,0.000,,
ESTAT:NRG_CB_GASM(1.0),08/09/26 23:00:00,M,STATDIFF,G3000,TJ_GCV,DE,2021-11,0.000,,
ESTAT:NRG_CB_GASM(1.0),08/09/26 23:00:00,M,STATDIFF,G3000,TJ_GCV,DE,2021-12,0.000,,
ESTAT:NRG_CB_GASM(1.0),08/09/26 23:00:00,M,STATDIFF,G3000,TJ_GCV,DE,2022-01,0.000,,
ESTAT:NRG_CB_GASM(1.0),08/09/26 23:00:00,M,STATDIFF,G3000,TJ_GCV,DE,2022-02,0.000,,
ESTAT:NRG_CB_GASM(1.0),08/09/26 23:00:00,M,STATDIFF,G3000,TJ_GCV,DE,2022-03,0.000,,
ESTAT:NRG_CB_GASM(1.0),08/09/26 23:00:00,M,STATDIFF,G3000,TJ_GCV,DE,2022-04,0.000,,
ESTAT:NRG_CB_GASM(1.0),08/09/26 23:00:00,M,STATDIFF,G3000,TJ_GCV,DE,2022-05,0.000,,
ESTAT:NRG_CB_GASM(1.0),08/09/26 23:00:00,M,STATDIFF,G3000,TJ_GCV,DE,2022-06,0.000,,
ESTAT:NRG_CB_GASM(1.0),08/09/26 23:00:00,M,STATDIFF,G3000,TJ_GCV,DE,2022-07,0.000,,
ESTAT:NRG_CB_GASM(1.0),08/09/26 23:00:00,M,STATDIFF,G3000,TJ_GCV,DE,2022-08,0.000,,
ESTAT:NRG_CB_GASM(1.0),08/09/26 23:00:00,M,STATDIFF,G3000,TJ_GCV,DE,2022-09,0.000,,
ESTAT:NRG_CB_GASM(1.0),08/09/26 23:00:00,M,STATDIFF,G3000,TJ_GCV,DE,2022-10,0.000,,
ESTAT:NRG_CB_GASM(1.0),08/09/26 23:00:00,M,STATDIFF,G3000,TJ_GCV,DE,2022-11,0.000,,
ESTAT:NRG_CB_GASM(1.0),08/09/26 23:00:00,M,STATDIFF,G3000,TJ_GCV,DE,2022-12,0.000,,
ESTAT:NRG_CB_GASM(1.0),08/09/26 23:00:00,M,STATDIFF,G3000,TJ_GCV,DE,2023-01,0.000,,
ESTAT:NRG_CB_GASM(1.0),08/09/26 23:00:00,M,STATDIFF,G3000,TJ_GCV,DE,2023-02,0.000,,
ESTAT:NRG_CB_GASM(1.0),08/09/26 23:00:00,M,STATDIFF,G3000,TJ_GCV,DE,2023-03,0.000,,
ESTAT:NRG_CB_GASM(1.0),08/09/26 23:00:00,M,STATDIFF,G3000,TJ_GCV,DE,2023-04,0.000,,
ESTAT:NRG_CB_GASM(1.0),08/09/26 23:00:00,M,STATDIFF,G3000,TJ_GCV,DE,2023-05,0.000,,
ESTAT:NRG_CB_GASM(1.0),08/09/26 23:00:00,M,STATDIFF,G3000,TJ_GCV,DE,2023-06,0.000,,
ESTAT:NRG_CB_GASM(1.0),08/09/26 23:00:00,M,STATDIFF,G3000,TJ_GCV,DE,2023-07,0.000,,
ESTAT:NRG_CB_GASM(1.0),08/09/26 23:00:00,M,STATDIFF,G3000,TJ_GCV,DE,2023-08,0.000,,
ESTAT:NRG_CB_GASM(1.0),08/09/26 23:00:00,M,STATDIFF,G3000,TJ_GCV,DE,2023-09,0.000,,
ESTAT:NRG_CB_GASM(1.0),08/09/26 23:00:00,M,STATDIFF,G3000,TJ_GCV,DE,2023-10,0.000,,
ESTAT:NRG_CB_GASM(1.0),08/09/26 23:00:00,M,STATDIFF,G3000,TJ_GCV,DE,2023-11,0.000,,
ESTAT:NRG_CB_GASM(1.0),08/09/26 23:00:00,M,STATDIFF,G3000,TJ_GCV,DE,2023-12,0.000,,
ESTAT:NRG_CB_GASM(1.0),08/09/26 23:00:00,M,STATDIFF,G3000,TJ_GCV,DE,2024-01,0.000,,
ESTAT:NRG_CB_GASM(1.0),08/09/26 23:00:00,M,STATDIFF,G3000,TJ_GCV,DE,2024-02,0.000,,
ESTAT:NRG_CB_GASM(1.0),08/09/26 23:00:00,M,STATDIFF,G3000,TJ_GCV,DE,2024-04,0.000,,
ESTAT:NRG_CB_GASM(1.0),08/09/26 23:00:00,M,STATDIFF,G3000,TJ_GCV,DE,2024-05,0.000,,
ESTAT:NRG_CB_GASM(1.0),08/09/26 23:00:00,M,STATDIFF,G3000,TJ_GCV,DE,2024-06,0.000,,
ESTAT:NRG_CB_GASM(1.0),08/09/26 23:00:00,M,STATDIFF,G3000,TJ_GCV,DE,2024-07,0.000,,
ESTAT:NRG_CB_GASM(1.0),08/09/26 23:00:00,M,STATDIFF,G3000,TJ_GCV,DE,2024-08,0.000,,
ESTAT:NRG_CB_GASM(1.0),08/09/26 23:00:00,M,STATDIFF,G3000,TJ_GCV,DE,2024-09,0.000,,
ESTAT:NRG_CB_GASM(1.0),08/09/26 23:00:00,M,STATDIFF,G3000,TJ_GCV,DE,2024-10,0.000,,
ESTAT:NRG_CB_GASM(1.0),08/09/26 23:00:00,M,STATDIFF,G3000,TJ_GCV,DE,2024-11,0.000,,
ESTAT:NRG_CB_GASM(1.0),08/09/26 23:00:00,M,STATDIFF,G3000,TJ_GCV,DE,2024-12,0.000,,
ESTAT:NRG_CB_GASM(1.0),08/09/26 23:00:00,M,STATDIFF,G3000,TJ_GCV,DE,2025-01,0.000,,
ESTAT:NRG_CB_GASM(1.0),08/09/26 23:00:00,M,STATDIFF,G3000,TJ_GCV,DE,2025-02,0.000,,
ESTAT:NRG_CB_GASM(1.0),08/09/26 23:00:00,M,STATDIFF,G3000,TJ_GCV,DE,2025-03,0.000,,
ESTAT:NRG_CB_GASM(1.0),08/09/26 23:00:00,M,STATDIFF,G3000,TJ_GCV,DE,2025-04,0.000,,
ESTAT:NRG_CB_GASM(1.0),08/09/26 23:00:00,M,STATDIFF,G3000,TJ_GCV,DE,2025-05,0.000,,
ESTAT:NRG_CB_GASM(1.0),08/09/26 23:00:00,M,STATDIFF,G3000,TJ_GCV,DE,2025-06,0.000,,
ESTAT:NRG_CB_GASM(1.0),08/09/26 23:00:00,M,STATDIFF,G3000,TJ_GCV,DE,2025-07,0.000,,
ESTAT:NRG_CB_GASM(1.0),08/09/26 23:00:00,M,STATDIFF,G3000,TJ_GCV,DE,2025-08,0.000,,
ESTAT:NRG_CB_GASM(1.0),08/09/26 23:00:00,M,STATDIFF,G3000,TJ_GCV,DE,2025-09,0.000,,
ESTAT:NRG_CB_GASM(1.0),08/09/26 23:00:00,M,STATDIFF,G3000,TJ_GCV,DE,2025-10,0.000,,
ESTAT:NRG_CB_GASM(1.0),08/09/26 23:00:00,M,STATDIFF,G3000,TJ_GCV,DE,2025-11,0.000,,
ESTAT:NRG_CB_GASM(1.0),08/09/26 23:00:00,M,STATDIFF,G3000,TJ_GCV,DE,2025-12,0.000,,
ESTAT:NRG_CB_GASM(1.0),08/09/26 23:00:00,M,STATDIFF,G3000,TJ_GCV,DE,2026-01,0.000,,
ESTAT:NRG_CB_GASM(1.0),08/09/26 23:00:00,M,STATDIFF,G3000,TJ_GCV,DE,2026-02,0.000,,
ESTAT:NRG_CB_GASM(1.0),08/09/26 23:00:00,M,STATDIFF,G3000,TJ_GCV,DE,2026-03,0.000,,
ESTAT:NRG_CB_GASM(1.0),08/09/26 23:00:00,M,STATDIFF,G3000,TJ_GCV,DE,2026-04,0.000,,
ESTAT:NRG_CB_GASM(1.0),08/09/26 23:00:00,M,STATDIFF,G3000,TJ_GCV,DE,2026-05,0.000,,
ESTAT:NRG_CB_GASM(1.0),08/09/26 23:00:00,M,STATDIFF,G3000,TJ_GCV,DE,2026-06,0.000,,
ESTAT:NRG_CB_GASM(1.0),08/09/26 23:00:00,M,STK_CHG_CG,G3000,MIO_M3,DE,2023-05,0.000,,
ESTAT:NRG_CB_GASM(1.0),08/09/26 23:00:00,M,STK_CHG_CG,G3000,MIO_M3,DE,2023-06,0.000,,
ESTAT:NRG_CB_GASM(1.0),08/09/26 23:00:00,M,STK_CHG_CG,G3000,MIO_M3,DE,2023-07,0.000,,
ESTAT:NRG_CB_GASM(1.0),08/09/26 23:00:00,M,STK_CHG_CG,G3000,MIO_M3,DE,2023-08,0.000,,
ESTAT:NRG_CB_GASM(1.0),08/09/26 23:00:00,M,STK_CHG_CG,G3000,MIO_M3,DE,2023-09,0.000,,
ESTAT:NRG_CB_GASM(1.0),08/09/26 23:00:00,M,STK_CHG_CG,G3000,MIO_M3,DE,2023-10,0.000,,
ESTAT:NRG_CB_GASM(1.0),08/09/26 23:00:00,M,STK_CHG_CG,G3000,MIO_M3,DE,2023-11,0.000,,
ESTAT:NRG_CB_GASM(1.0),08/09/26 23:00:00,M,STK_CHG_CG,G3000,MIO_M3,DE,2023-12,0.000,,
ESTAT:NRG_CB_GASM(1.0),08/09/26 23:00:00,M,STK_CHG_CG,G3000,MIO_M3,DE,2024-01,0.000,,
ESTAT:NRG_CB_GASM(1.0),08/09/26 23:00:00,M,STK_CHG_CG,G3000,MIO_M3,DE,2024-02,0.000,,
ESTAT:NRG_CB_GASM(1.0),08/09/26 23:00:00,M,STK_CHG_CG,G3000,MIO_M3,DE,2024-04,0.000,,
ESTAT:NRG_CB_GASM(1.0),08/09/26 23:00:00,M,STK_CHG_CG,G3000,MIO_M3,DE,2024-05,0.000,,
ESTAT:NRG_CB_GASM(1.0),08/09/26 23:00:00,M,STK_CHG_CG,G3000,MIO_M3,DE,2024-06,0.000,,
ESTAT:NRG_CB_GASM(1.0),08/09/26 23:00:00,M,STK_CHG_CG,G3000,MIO_M3,DE,2024-07,0.000,,
ESTAT:NRG_CB_GASM(1.0),08/09/26 23:00:00,M,STK_CHG_CG,G3000,MIO_M3,DE,2024-08,0.000,,
ESTAT:NRG_CB_GASM(1.0),08/09/26 23:00:00,M,STK_CHG_CG,G3000,MIO_M3,DE,2024-09,0.000,,
ESTAT:NRG_CB_GASM(1.0),08/09/26 23:00:00,M,STK_CHG_CG,G3000,MIO_M3,DE,2024-10,0.000,,
ESTAT:NRG_CB_GASM(1.0),08/09/26 23:00:00,M,STK_CHG_CG,G3000,MIO_M3,DE,2024-11,0.000,,
ESTAT:NRG_CB_GASM(1.0),08/09/26 23:00:00,M,STK_CHG_CG,G3000,MIO_M3,DE,2024-12,0.000,,
ESTAT:NRG_CB_GASM(1.0),08/09/26 23:00:00,M,STK_CHG_CG,G3000,MIO_M3,DE,2025-01,0.000,,
ESTAT:NRG_CB_GASM(1.0),08/09/26 23:00:00,M,STK_CHG_CG,G3000,MIO_M3,DE,2025-02,0.000,,
ESTAT:NRG_CB_GASM(1.0),08/09/26 23:00:00,M,STK_CHG_CG,G3000,MIO_M3,DE,2025-03,0.000,,
ESTAT:NRG_CB_GASM(1.0),08/09/26 23:00:00,M,STK_CHG_CG,G3000,MIO_M3,DE,2025-04,0.000,,
ESTAT:NRG_CB_GASM(1.0),08/09/26 23:00:00,M,STK_CHG_CG,G3000,MIO_M3,DE,2025-05,0.000,,
ESTAT:NRG_CB_GASM(1.0),08/09/26 23:00:00,M,STK_CHG_CG,G3000,MIO_M3,DE,2025-06,0.000,,
ESTAT:NRG_CB_GASM(1.0),08/09/26 23:00:00,M,STK_CHG_CG,G3000,MIO_M3,DE,2025-07,0.000,,
ESTAT:NRG_CB_GASM(1.0),08/09/26 23:00:00,M,STK_CHG_CG,G3000,MIO_M3,DE,2025-08,0.000,,
ESTAT:NRG_CB_GASM(1.0),08/09/26 23:00:00,M,STK_CHG_CG,G3000,MIO_M3,DE,2025-09,0.000,,
ESTAT:NRG_CB_GASM(1.0),08/09/26 23:00:00,M,STK_CHG_CG,G3000,MIO_M3,DE,2025-10,0.000,,
ESTAT:NRG_CB_GASM(1.0),08/09/26 23:00:00,M,STK_CHG_CG,G3000,MIO_M3,DE,2025-11,0.000,,
ESTAT:NRG_CB_GASM(1.0),08/09/26 23:00:00,M,STK_CHG_CG,G3000,MIO_M3,DE,2025-12,0.000,,
ESTAT:NRG_CB_GASM(1.0),08/09/26 23:00:00,M,STK_CHG_CG,G3000,MIO_M3,DE,2026-01,0.000,,
ESTAT:NRG_CB_GASM(1.0),08/09/26 23:00:00,M,STK_CHG_CG,G3000,MIO_M3,DE,2026-02,0.000,,
ESTAT:NRG_CB_GASM(1.0),08/09/26 23:00:00,M,STK_CHG_CG,G3000,MIO_M3,DE,2026-03,0.000,,
ESTAT:NRG_CB_GASM(1.0),08/09/26 23:00:00,M,STK_CHG_CG,G3000,MIO_M3,DE,2026-04,0.000,,
ESTAT:NRG_CB_GASM(1.0),08/09/26 23:00:00,M,STK_CHG_CG,G3000,MIO_M3,DE,2026-05,0.000,,
ESTAT:NRG_CB_GASM(1.0),08/09/26 23:00:00,M,STK_CHG_CG,G3000,MIO_M3,DE,2026-06,0.000,,
ESTAT:NRG_CB_GASM(1.0),08/09/26 23:00:00,M,STK_CHG_CG,G3000,TJ_GCV,DE,2023-05,0.000,,
ESTAT:NRG_CB_GASM(1.0),08/09/26 23:00:00,M,STK_CHG_CG,G3000,TJ_GCV,DE,2023-06,0.000,,
ESTAT:NRG_CB_GASM(1.0),08/09/26 23:00:00,M,STK_CHG_CG,G3000,TJ_GCV,DE,2023-07,0.000,,
ESTAT:NRG_CB_GASM(1.0),08/09/26 23:00:00,M,STK_CHG_CG,G3000,TJ_GCV,DE,2023-08,0.000,,
ESTAT:NRG_CB_GASM(1.0),08/09/26 23:00:00,M,STK_CHG_CG,G3000,TJ_GCV,DE,2023-09,0.000,,
ESTAT:NRG_CB_GASM(1.0),08/09/26 23:00:00,M,STK_CHG_CG,G3000,TJ_GCV,DE,2023-10,0.000,,
ESTAT:NRG_CB_GASM(1.0),08/09/26 23:00:00,M,STK_CHG_CG,G3000,TJ_GCV,DE,2023-11,0.000,,
ESTAT:NRG_CB_GASM(1.0),08/09/26 23:00:00,M,STK_CHG_CG,G3000,TJ_GCV,DE,2023-12,0.000,,
ESTAT:NRG_CB_GASM(1.0),08/09/26 23:00:00,M,STK_CHG_CG,G3000,TJ_GCV,DE,2024-01,0.000,,
ESTAT:NRG_CB_GASM(1.0),08/09/26 23:00:00,M,STK_CHG_CG,G3000,TJ_GCV,DE,2024-02,0.000,,
ESTAT:NRG_CB_GASM(1.0),08/09/26 23:00:00,M,STK_CHG_CG,G3000,TJ_GCV,DE,2024-04,0.000,,
ESTAT:NRG_CB_GASM(1.0),08/09/26 23:00:00,M,STK_CHG_CG,G3000,TJ_GCV,DE,2024-05,0.000,,
ESTAT:NRG_CB_GASM(1.0),08/09/26 23:00:00,M,STK_CHG_CG,G3000,TJ_GCV,DE,2024-06,0.000,,
ESTAT:NRG_CB_GASM(1.0),08/09/26 23:00:00,M,STK_CHG_CG,G3000,TJ_GCV,DE,2024-07,0.000,,
ESTAT:NRG_CB_GASM(1.0),08/09/26 23:00:00,M,STK_CHG_CG,G3000,TJ_GCV,DE,2024-08,0.000,,
ESTAT:NRG_CB_GASM(1.0),08/09/26 23:00:00,M,STK_CHG_CG,G3000,TJ_GCV,DE,2024-09,0.000,,
ESTAT:NRG_CB_GASM(1.0),08/09/26 23:00:00,M,STK_CHG_CG,G3000,TJ_GCV,DE,2024-10,0.000,,
ESTAT:NRG_CB_GASM(1.0),08/09/26 23:00:00,M,STK_CHG_CG,G3000,TJ_GCV,DE,2024-11,0.000,,
ESTAT:NRG_CB_GASM(1.0),08/09/26 23:00:00,M,STK_CHG_CG,G3000,TJ_GCV,DE,2024-12,0.000,,
ESTAT:NRG_CB_GASM(1.0),08/09/26 23:00:00,M,STK_CHG_CG,G3000,TJ_GCV,DE,2025-01,0.000,,
ESTAT:NRG_CB_GASM(1.0),08/09/26 23:00:00,M,STK_CHG_CG,G3000,TJ_GCV,DE,2025-02,0.000,,
ESTAT:NRG_CB_GASM(1.0),08/09/26 23:00:00,M,STK_CHG_CG,G3000,TJ_GCV,DE,2025-03,0.000,,
ESTAT:NRG_CB_GASM(1.0),08/09/26 23:00:00,M,STK_CHG_CG,G3000,TJ_GCV,DE,2025-04,0.000,,
ESTAT:NRG_CB_GASM(1.0),08/09/26 23:00:00,M,STK_CHG_CG,G3000,TJ_GCV,DE,2025-05,0.000,,
ESTAT:NRG_CB_GASM(1.0),08/09/26 23:00:00,M,STK_CHG_CG,G3000,TJ_GCV,DE,2025-06,0.000,,
ESTAT:NRG_CB_GASM(1.0),08/09/26 23:00:00,M,STK_CHG_CG,G3000,TJ_GCV,DE,2025-07,0.000,,
ESTAT:NRG_CB_GASM(1.0),08/09/26 23:00:00,M,STK_CHG_CG,G3000,TJ_GCV,DE,2025-08,0.000,,
ESTAT:NRG_CB_GASM(1.0),08/09/26 23:00:00,M,STK_CHG_CG,G3000,TJ_GCV,DE,2025-09,0.000,,
ESTAT:NRG_CB_GASM(1.0),08/09/26 23:00:00,M,STK_CHG_CG,G3000,TJ_GCV,DE,2025-10,0.000,,
ESTAT:NRG_CB_GASM(1.0),08/09/26 23:00:00,M,STK_CHG_CG,G3000,TJ_GCV,DE,2025-11,0.000,,
ESTAT:NRG_CB_GASM(1.0),08/09/26 23:00:00,M,STK_CHG_CG,G3000,TJ_GCV,DE,2025-12,0.000,,
ESTAT:NRG_CB_GASM(1.0),08/09/26 23:00:00,M,STK_CHG_CG,G3000,TJ_GCV,DE,2026-01,0.000,,
ESTAT:NRG_CB_GASM(1.0),08/09/26 23:00:00,M,STK_CHG_CG,G3000,TJ_GCV,DE,2026-02,0.000,,
ESTAT:NRG_CB_GASM(1.0),08/09/26 23:00:00,M,STK_CHG_CG,G3000,TJ_GCV,DE,2026-03,0.000,,
ESTAT:NRG_CB_GASM(1.0),08/09/26 23:00:00,M,STK_CHG_CG,G3000,TJ_GCV,DE,2026-04,0.000,,
ESTAT:NRG_CB_GASM(1.0),08/09/26 23:00:00,M,STK_CHG_CG,G3000,TJ_GCV,DE,2026-05,0.000,,
ESTAT:NRG_CB_GASM(1.0),08/09/26 23:00:00,M,STK_CHG_CG,G3000,TJ_GCV,DE,2026-06,0.000,,
ESTAT:NRG_CB_GASM(1.0),08/09/26 23:00:00,M,STK_CHG_MG,G3000,MIO_M3,DE,2014-01,-1649.000,,
ESTAT:NRG_CB_GASM(1.0),08/09/26 23:00:00,M,STK_CHG_MG,G3000,MIO_M3,DE,2014-02,-1008.000,,
ESTAT:NRG_CB_GASM(1.0),08/09/26 23:00:00,M,STK_CHG_MG,G3000,MIO_M3,DE,2014-03,-309.000,,
ESTAT:NRG_CB_GASM(1.0),08/09/26 23:00:00,M,STK_CHG_MG,G3000,MIO_M3,DE,2014-04,1078.000,,
ESTAT:NRG_CB_GASM(1.0),08/09/26 23:00:00,M,STK_CHG_MG,G3000,MIO_M3,DE,2014-05,1190.000,,
ESTAT:NRG_CB_GASM(1.0),08/09/26 23:00:00,M,STK_CHG_MG,G3000,MIO_M3,DE,2014-06,1088.000,,
ESTAT:NRG_CB_GASM(1.0),08/09/26 23:00:00,M,STK_CHG_MG,G3000,MIO_M3,DE,2014-07,1317.000,,
ESTAT:NRG_CB_GASM(1.0),08/09/26 23:00:00,M,STK_CHG_MG,G3000,MIO_M3,DE,2014-08,1486.000,,
ESTAT:NRG_CB_GASM(1.0),08/09/26 23:00:00,M,STK_CHG_MG,G3000,MIO_M3,DE,2014-09,734.000,,
ESTAT:NRG_CB_GASM(1.0),08/09/26 23:00:00,M,STK_CHG_MG,G3000,MIO_M3,DE,2014-10,692.000,,
ESTAT:NRG_CB_GASM(1.0),08/09/26 23:00:00,M,STK_CHG_MG,G3000,MIO_M3,DE,2014-11,-1137.000,,
ESTAT:NRG_CB_GASM(1.0),08/09/26 23:00:00,M,STK_CHG_MG,G3000,MIO_M3,DE,2014-12,-3288.000,,
ESTAT:NRG_CB_GASM(1.0),08/09/26 23:00:00,M,STK_CHG_MG,G3000,MIO_M3,DE,2015-01,-4052.000,,
ESTAT:NRG_CB_GASM(1.0),08/09/26 23:00:00,M,STK_CHG_MG,G3000,MIO_M3,DE,2015-02,-4634.000,,
ESTAT:NRG_CB_GASM(1.0),08/09/26 23:00:00,M,STK_CHG_MG,G3000,MIO_M3,DE,2015-03,-1434.000,,
ESTAT:NRG_CB_GASM(1.0),08/09/26 23:00:00,M,STK_CHG_MG,G3000,MIO_M3,DE,2015-04,-418.000,,
ESTAT:NRG_CB_GASM(1.0),08/09/26 23:00:00,M,STK_CHG_MG,G3000,MIO_M3,DE,2015-05,1680.000,,
ESTAT:NRG_CB_GASM(1.0),08/09/26 23:00:00,M,STK_CHG_MG,G3000,MIO_M3,DE,2015-06,1934.000,,
ESTAT:NRG_CB_GASM(1.0),08/09/26 23:00:00,M,STK_CHG_MG,G3000,MIO_M3,DE,2015-07,2743.000,,
ESTAT:NRG_CB_GASM(1.0),08/09/26 23:00:00,M,STK_CHG_MG,G3000,MIO_M3,DE,2015-08,2269.000,,
ESTAT:NRG_CB_GASM(1.0),08/09/26 23:00:00,M,STK_CHG_MG,G3000,MIO_M3,DE,2015-09,1797.000,,
ESTAT:NRG_CB_GASM(1.0),08/09/26 23:00:00,M,STK_CHG_MG,G3000,MIO_M3,DE,2015-10,391.000,,
ESTAT:NRG_CB_GASM(1.0),08/09/26 23:00:00,M,STK_CHG_MG,G3000,MIO_M3,DE,2015-11,282.000,,
ESTAT:NRG_CB_GASM(1.0),08/09/26 23:00:00,M,STK_CHG_MG,G3000,MIO_M3,DE,2015-12,-728.000,,
ESTAT:NRG_CB_GASM(1.0),08/09/26 23:00:00,M,STK_CHG_MG,G3000,MIO_M3,DE,2016-01,-4446.000,,
ESTAT:NRG_CB_GASM(1.0),08/09/26 23:00:00,M,STK_CHG_MG,G3000,MIO_M3,DE,2016-02,-1586.000,,
ESTAT:NRG_CB_GASM(1.0),08/09/26 23:00:00,M,STK_CHG_MG,G3000,MIO_M3,DE,2016-03,-1191.000,,
ESTAT:NRG_CB_GASM(1.0),08/09/26 23:00:00,M,STK_CHG_MG,G3000,MIO_M3,DE,2016-04,1872.000,,
ESTAT:NRG_CB_GASM(1.0),08/09/26 23:00:00,M,STK_CHG_MG,G3000,MIO_M3,DE,2016-05,1665.000,,
ESTAT:NRG_CB_GASM(1.0),08/09/26 23:00:00,M,STK_CHG_MG,G3000,MIO_M3,DE,2016-06,2112.000,,
ESTAT:NRG_CB_GASM(1.0),08/09/26 23:00:00,M,STK_CHG_MG,G3000,MIO_M3,DE,2016-07,2489.000,,
ESTAT:NRG_CB_GASM(1.0),08/09/26 23:00:00,M,STK_CHG_MG,G3000,MIO_M3,DE,2016-08,1903.000,,
ESTAT:NRG_CB_GASM(1.0),08/09/26 23:00:00,M,STK_CHG_MG,G3000,MIO_M3,DE,2016-09,1015.000,,
ESTAT:NRG_CB_GASM(1.0),08/09/26 23:00:00,M,STK_CHG_MG,G3000,MIO_M3,DE,2016-10,491.000,,
ESTAT:NRG_CB_GASM(1.0),08/09/26 23:00:00,M,STK_CHG_MG,G3000,MIO_M3,DE,2016-11,-2588.000,,
ESTAT:NRG_CB_GASM(1.0),08/09/26 23:00:00,M,STK_CHG_MG,G3000,MIO_M3,DE,2016-12,-3510.000,,
ESTAT:NRG_CB_GASM(1.0),08/09/26 23:00:00,M,STK_CHG_MG,G3000,MIO_M3,DE,2017-01,-6057.000,,
ESTAT:NRG_CB_GASM(1.0),08/09/26 23:00:00,M,STK_CHG_MG,G3000,MIO_M3,DE,2017-02,-2575.000,,
ESTAT:NRG_CB_GASM(1.0),08/09/26 23:00:00,M,STK_CHG_MG,G3000,MIO_M3,DE,2017-03,-72.000,,
ESTAT:NRG_CB_GASM(1.0),08/09/26 23:00:00,M,STK_CHG_MG,G3000,MIO_M3,DE,2017-04,492.000,,
ESTAT:NRG_CB_GASM(1.0),08/09/26 23:00:00,M,STK_CHG_MG,G3000,MIO_M3,DE,2017-05,1732.000,,
ESTAT:NRG_CB_GASM(1.0),08/09/26 23:00:00,M,STK_CHG_MG,G3000,MIO_M3,DE,2017-06,2386.000,,
ESTAT:NRG_CB_GASM(1.0),08/09/26 23:00:00,M,STK_CHG_MG,G3000,MIO_M3,DE,2017-07,3014.000,,
ESTAT:NRG_CB_GASM(1.0),08/09/26 23:00:00,M,STK_CHG_MG,G3000,MIO_M3,DE,2017-08,3097.000,,
ESTAT:NRG_CB_GASM(1.0),08/09/26 23:00:00,M,STK_CHG_MG,G3000,MIO_M3,DE,2017-09,1269.000,,
ESTAT:NRG_CB_GASM(1.0),08/09/26 23:00:00,M,STK_CHG_MG,G3000,MIO_M3,DE,2017-10,1666.000,,
ESTAT:NRG_CB_GASM(1.0),08/09/26 23:00:00,M,STK_CHG_MG,G3000,MIO_M3,DE,2017-11,-1929.000,,
ESTAT:NRG_CB_GASM(1.0),08/09/26 23:00:00,M,STK_CHG_MG,G3000,MIO_M3,DE,2017-12,-3619.000,,
ESTAT:NRG_CB_GASM(1.0),08/09/26 23:00:00,M,STK_CHG_MG,G3000,MIO_M3,DE,2018-01,-2738.000,,
ESTAT:NRG_CB_GASM(1.0),08/09/26 23:00:00,M,STK_CHG_MG,G3000,MIO_M3,DE,2018-02,-5536.000,,
ESTAT:NRG_CB_GASM(1.0),08/09/26 23:00:00,M,STK_CHG_MG,G3000,MIO_M3,DE,2018-03,-2754.000,,
ESTAT:NRG_CB_GASM(1.0),08/09/26 23:00:00,M,STK_CHG_MG,G3000,MIO_M3,DE,2018-04,1578.000,,
ESTAT:NRG_CB_GASM(1.0),08/09/26 23:00:00,M,STK_CHG_MG,G3000,MIO_M3,DE,2018-05,3161.000,,
ESTAT:NRG_CB_GASM(1.0),08/09/26 23:00:00,M,STK_CHG_MG,G3000,MIO_M3,DE,2018-06,2225.000,,
ESTAT:NRG_CB_GASM(1.0),08/09/26 23:00:00,M,STK_CHG_MG,G3000,MIO_M3,DE,2018-07,2462.000,,
ESTAT:NRG_CB_GASM(1.0),08/09/26 23:00:00,M,STK_CHG_MG,G3000,MIO_M3,DE,2018-08,2957.000,,
ESTAT:NRG_CB_GASM(1.0),08/09/26 23:00:00,M,STK_CHG_MG,G3000,MIO_M3,DE,2018-09,1738.000,,
ESTAT:NRG_CB_GASM(1.0),08/09/26 23:00:00,M,STK_CHG_MG,G3000,MIO_M3,DE,2018-10,1579.000,,
ESTAT:NRG_CB_GASM(1.0),08/09/26 23:00:00,M,STK_CHG_MG,G3000,MIO_M3,DE,2018-11,-1053.000,,
ESTAT:NRG_CB_GASM(1.0),08/09/26 23:00:00,M,STK_CHG_MG,G3000,MIO_M3,DE,2018-12,1001.000,,
ESTAT:NRG_CB_GASM(1.0),08/09/26 23:00:00,M,STK_CHG_MG,G3000,MIO_M3,DE,2019-01,-3398.000,,
ESTAT:NRG_CB_GASM(1.0),08/09/26 23:00:00,M,STK_CHG_MG,G3000,MIO_M3,DE,2019-02,-2066.000,,
ESTAT:NRG_CB_GASM(1.0),08/09/26 23:00:00,M,STK_CHG_MG,G3000,MIO_M3,DE,2019-03,62.000,,
ESTAT:NRG_CB_GASM(1.0),08/09/26 23:00:00,M,STK_CHG_MG,G3000,MIO_M3,DE,2019-04,2142.000,,
ESTAT:NRG_CB_GASM(1.0),08/09/26 23:00:00,M,STK_CHG_MG,G3000,MIO_M3,DE,2019-05,2198.000,,
ESTAT:NRG_CB_GASM(1.0),08/09/26 23:00:00,M,STK_CHG_MG,G3000,MIO_M3,DE,2019-06,2754.000,,
ESTAT:NRG_CB_GASM(1.0),08/09/26 23:00:00,M,STK_CHG_MG,G3000,MIO_M3,DE,2019-07,1037.000,,
ESTAT:NRG_CB_GASM(1.0),08/09/26 23:00:00,M,STK_CHG_MG,G3000,MIO_M3,DE,2019-08,1776.000,,
ESTAT:NRG_CB_GASM(1.0),08/09/26 23:00:00,M,STK_CHG_MG,G3000,MIO_M3,DE,2019-09,618.000,,
ESTAT:NRG_CB_GASM(1.0),08/09/26 23:00:00,M,STK_CHG_MG,G3000,MIO_M3,DE,2019-10,286.000,,
ESTAT:NRG_CB_GASM(1.0),08/09/26 23:00:00,M,STK_CHG_MG,G3000,MIO_M3,DE,2019-11,-108.000,,
ESTAT:NRG_CB_GASM(1.0),08/09/26 23:00:00,M,STK_CHG_MG,G3000,MIO_M3,DE,2019-12,-444.000,,
ESTAT:NRG_CB_GASM(1.0),08/09/26 23:00:00,M,STK_CHG_MG,G3000,MIO_M3,DE,2020-01,-2568.000,,
ESTAT:NRG_CB_GASM(1.0),08/09/26 23:00:00,M,STK_CHG_MG,G3000,MIO_M3,DE,2020-02,-1220.000,,
ESTAT:NRG_CB_GASM(1.0),08/09/26 23:00:00,M,STK_CHG_MG,G3000,MIO_M3,DE,2020-03,-1896.000,,
ESTAT:NRG_CB_GASM(1.0),08/09/26 23:00:00,M,STK_CHG_MG,G3000,MIO_M3,DE,2020-04,1620.000,,
ESTAT:NRG_CB_GASM(1.0),08/09/26 23:00:00,M,STK_CHG_MG,G3000,MIO_M3,DE,2020-05,1465.000,,
ESTAT:NRG_CB_GASM(1.0),08/09/26 23:00:00,M,STK_CHG_MG,G3000,MIO_M3,DE,2020-06,991.000,,
ESTAT:NRG_CB_GASM(1.0),08/09/26 23:00:00,M,STK_CHG_MG,G3000,MIO_M3,DE,2020-07,-104.000,,
ESTAT:NRG_CB_GASM(1.0),08/09/26 23:00:00,M,STK_CHG_MG,G3000,MIO_M3,DE,2020-08,1025.000,,
ESTAT:NRG_CB_GASM(1.0),08/09/26 23:00:00,M,STK_CHG_MG,G3000,MIO_M3,DE,2020-09,446.000,,
ESTAT:NRG_CB_GASM(1.0),08/09/26 23:00:00,M,STK_CHG_MG,G3000,MIO_M3,DE,2020-10,-66.000,,
ESTAT:NRG_CB_GASM(1.0),08/09/26 23:00:00,M,STK_CHG_MG,G3000,MIO_M3,DE,2020-11,-1474.000,,
ESTAT:NRG_CB_GASM(1.0),08/09/26 23:00:00,M,STK_CHG_MG,G3000,MIO_M3,DE,2020-12,-3393.000,,
ESTAT:NRG_CB_GASM(1.0),08/09/26 23:00:00,M,STK_CHG_MG,G3000,MIO_M3,DE,2021-01,-6813.000,,
ESTAT:NRG_CB_GASM(1.0),08/09/26 23:00:00,M,STK_CHG_MG,G3000,MIO_M3,DE,2021-02,-3365.000,,
ESTAT:NRG_CB_GASM(1.0),08/09/26 23:00:00,M,STK_CHG_MG,G3000,MIO_M3,DE,2021-03,-1323.000,,
ESTAT:NRG_CB_GASM(1.0),08/09/26 23:00:00,M,STK_CHG_MG,G3000,MIO_M3,DE,2021-04,-293.000,,
ESTAT:NRG_CB_GASM(1.0),08/09/26 23:00:00,M,STK_CHG_MG,G3000,MIO_M3,DE,2021-05,1297.000,,
ESTAT:NRG_CB_GASM(1.0),08/09/26 23:00:00,M,STK_CHG_MG,G3000,MIO_M3,DE,2021-06,2295.000,,
ESTAT:NRG_CB_GASM(1.0),08/09/26 23:00:00,M,STK_CHG_MG,G3000,MIO_M3,DE,2021-07,1907.000,,
ESTAT:NRG_CB_GASM(1.0),08/09/26 23:00:00,M,STK_CHG_MG,G3000,MIO_M3,DE,2021-08,2334.000,,
ESTAT:NRG_CB_GASM(1.0),08/09/26 23:00:00,M,STK_CHG_MG,G3000,MIO_M3,DE,2021-09,2060.000,,
ESTAT:NRG_CB_GASM(1.0),08/09/26 23:00:00,M,STK_CHG_MG,G3000,MIO_M3,DE,2021-10,1049.000,,
ESTAT:NRG_CB_GASM(1.0),08/09/26 23:00:00,M,STK_CHG_MG,G3000,MIO_M3,DE,2021-11,-2031.000,,
ESTAT:NRG_CB_GASM(1.0),08/09/26 23:00:00,M,STK_CHG_MG,G3000,MIO_M3,DE,2021-12,-2784.000,,
ESTAT:NRG_CB_GASM(1.0),08/09/26 23:00:00,M,STK_CHG_MG,G3000,MIO_M3,DE,2022-01,-3994.000,,
ESTAT:NRG_CB_GASM(1.0),08/09/26 23:00:00,M,STK_CHG_MG,G3000,MIO_M3,DE,2022-02,-1794.000,,
ESTAT:NRG_CB_GASM(1.0),08/09/26 23:00:00,M,STK_CHG_MG,G3000,MIO_M3,DE,2022-03,-659.000,,
ESTAT:NRG_CB_GASM(1.0),08/09/26 23:00:00,M,STK_CHG_MG,G3000,MIO_M3,DE,2022-04,1994.000,,
ESTAT:NRG_CB_GASM(1.0),08/09/26 23:00:00,M,STK_CHG_MG,G3000,MIO_M3,DE,2022-05,3157.000,,
ESTAT:NRG_CB_GASM(1.0),08/09/26 23:00:00,M,STK_CHG_MG,G3000,MIO_M3,DE,2022-06,2758.000,,
ESTAT:NRG_CB_GASM(1.0),08/09/26 23:00:00,M,STK_CHG_MG,G3000,MIO_M3,DE,2022-07,1989.000,,
ESTAT:NRG_CB_GASM(1.0),08/09/26 23:00:00,M,STK_CHG_MG,G3000,MIO_M3,DE,2022-08,4002.000,,
ESTAT:NRG_CB_GASM(1.0),08/09/26 23:00:00,M,STK_CHG_MG,G3000,MIO_M3,DE,2022-09,2039.000,,
ESTAT:NRG_CB_GASM(1.0),08/09/26 23:00:00,M,STK_CHG_MG,G3000,MIO_M3,DE,2022-10,1894.000,,
ESTAT:NRG_CB_GASM(1.0),08/09/26 23:00:00,M,STK_CHG_MG,G3000,MIO_M3,DE,2022-11,-109.000,,
ESTAT:NRG_CB_GASM(1.0),08/09/26 23:00:00,M,STK_CHG_MG,G3000,MIO_M3,DE,2022-12,-1859.000,,
ESTAT:NRG_CB_GASM(1.0),08/09/26 23:00:00,M,STK_CHG_MG,G3000,MIO_M3,DE,2023-01,-4049.000,,
ESTAT:NRG_CB_GASM(1.0),08/09/26 23:00:00,M,STK_CHG_MG,G3000,MIO_M3,DE,2023-02,-2089.000,,
ESTAT:NRG_CB_GASM(1.0),08/09/26 23:00:00,M,STK_CHG_MG,G3000,MIO_M3,DE,2023-03,-1070.000,,
ESTAT:NRG_CB_GASM(1.0),08/09/26 23:00:00,M,STK_CHG_MG,G3000,MIO_M3,DE,2023-04,633.000,,
ESTAT:NRG_CB_GASM(1.0),08/09/26 23:00:00,M,STK_CHG_MG,G3000,MIO_M3,DE,2023-05,1730.000,,
ESTAT:NRG_CB_GASM(1.0),08/09/26 23:00:00,M,STK_CHG_MG,G3000,MIO_M3,DE,2023-06,1225.000,,
ESTAT:NRG_CB_GASM(1.0),08/09/26 23:00:00,M,STK_CHG_MG,G3000,MIO_M3,DE,2023-07,1587.000,,
ESTAT:NRG_CB_GASM(1.0),08/09/26 23:00:00,M,STK_CHG_MG,G3000,MIO_M3,DE,2023-08,1509.000,,
ESTAT:NRG_CB_GASM(1.0),08/09/26 23:00:00,M,STK_CHG_MG,G3000,MIO_M3,DE,2023-09,502.000,,
ESTAT:NRG_CB_GASM(1.0),08/09/26 23:00:00,M,STK_CHG_MG,G3000,MIO_M3,DE,2023-10,992.000,,
ESTAT:NRG_CB_GASM(1.0),08/09/26 23:00:00,M,STK_CHG_MG,G3000,MIO_M3,DE,2023-11,-723.000,,
ESTAT:NRG_CB_GASM(1.0),08/09/26 23:00:00,M,STK_CHG_MG,G3000,MIO_M3,DE,2023-12,-1270.000,,
ESTAT:NRG_CB_GASM(1.0),08/09/26 23:00:00,M,STK_CHG_MG,G3000,MIO_M3,DE,2024-01,-3746.000,,
ESTAT:NRG_CB_GASM(1.0),08/09/26 23:00:00,M,STK_CHG_MG,G3000,MIO_M3,DE,2024-02,-1382.000,,
ESTAT:NRG_CB_GASM(1.0),08/09/26 23:00:00,M,STK_CHG_MG,G3000,MIO_M3,DE,2024-03,-756.000,,
ESTAT:NRG_CB_GASM(1.0),08/09/26 23:00:00,M,STK_CHG_MG,G3000,MIO_M3,DE,2024-04,273.000,,
ESTAT:NRG_CB_GASM(1.0),08/09/26 23:00:00,M,STK_CHG_MG,G3000,MIO_M3,DE,2024-05,1258.000,,
ESTAT:NRG_CB_GASM(1.0),08/09/26 23:00:00,M,STK_CHG_MG,G3000,MIO_M3,DE,2024-06,1802.000,,
ESTAT:NRG_CB_GASM(1.0),08/09/26 23:00:00,M,STK_CHG_MG,G3000,MIO_M3,DE,2024-07,1730.000,,
ESTAT:NRG_CB_GASM(1.0),08/09/26 23:00:00,M,STK_CHG_MG,G3000,MIO_M3,DE,2024-08,1378.000,,
ESTAT:NRG_CB_GASM(1.0),08/09/26 23:00:00,M,STK_CHG_MG,G3000,MIO_M3,DE,2024-09,294.000,,
ESTAT:NRG_CB_GASM(1.0),08/09/26 23:00:00,M,STK_CHG_MG,G3000,MIO_M3,DE,2024-10,951.000,,
ESTAT:NRG_CB_GASM(1.0),08/09/26 23:00:00,M,STK_CHG_MG,G3000,MIO_M3,DE,2024-11,-1650.000,,
ESTAT:NRG_CB_GASM(1.0),08/09/26 23:00:00,M,STK_CHG_MG,G3000,MIO_M3,DE,2024-12,-3036.000,,
ESTAT:NRG_CB_GASM(1.0),08/09/26 23:00:00,M,STK_CHG_MG,G3000,MIO_M3,DE,2025-01,-5062.000,,
ESTAT:NRG_CB_GASM(1.0),08/09/26 23:00:00,M,STK_CHG_MG,G3000,MIO_M3,DE,2025-02,-5052.000,,
ESTAT:NRG_CB_GASM(1.0),08/09/26 23:00:00,M,STK_CHG_MG,G3000,MIO_M3,DE,2025-03,-1216.000,,
ESTAT:NRG_CB_GASM(1.0),08/09/26 23:00:00,M,STK_CHG_MG,G3000,MIO_M3,DE,2025-04,873.000,,
ESTAT:NRG_CB_GASM(1.0),08/09/26 23:00:00,M,STK_CHG_MG,G3000,MIO_M3,DE,2025-05,1710.000,,
ESTAT:NRG_CB_GASM(1.0),08/09/26 23:00:00,M,STK_CHG_MG,G3000,MIO_M3,DE,2025-06,2149.000,,
ESTAT:NRG_CB_GASM(1.0),08/09/26 23:00:00,M,STK_CHG_MG,G3000,MIO_M3,DE,2025-07,2279.000,,
ESTAT:NRG_CB_GASM(1.0),08/09/26 23:00:00,M,STK_CHG_MG,G3000,MIO_M3,DE,2025-08,2360.000,,
ESTAT:NRG_CB_GASM(1.0),08/09/26 23:00:00,M,STK_CHG_MG,G3000,MIO_M3,DE,2025-09,1434.000,,
ESTAT:NRG_CB_GASM(1.0),08/09/26 23:00:00,M,STK_CHG_MG,G3000,MIO_M3,DE,2025-10,-274.000,,
ESTAT:NRG_CB_GASM(1.0),08/09/26 23:00:00,M,STK_CHG_MG,G3000,MIO_M3,DE,2025-11,-1784.000,,
ESTAT:NRG_CB_GASM(1.0),08/09/26 23:00:00,M,STK_CHG_MG,G3000,MIO_M3,DE,2025-12,-2498.000,,
ESTAT:NRG_CB_GASM(1.0),08/09/26 23:00:00,M,STK_CHG_MG,G3000,MIO_M3,DE,2026-01,-5291.000,,
ESTAT:NRG_CB_GASM(1.0),08/09/26 23:00:00,M,STK_CHG_MG,G3000,MIO_M3,DE,2026-02,-2704.000,,
ESTAT:NRG_CB_GASM(1.0),08/09/26 23:00:00,M,STK_CHG_MG,G3000,MIO_M3,DE,2026-03,210.000,,
ESTAT:NRG_CB_GASM(1.0),08/09/26 23:00:00,M,STK_CHG_MG,G3000,MIO_M3,DE,2026-04,824.000,,
ESTAT:NRG_CB_GASM(1.0),08/09/26 23:00:00,M,STK_CHG_MG,G3000,MIO_M3,DE,2026-05,1537.000,,
ESTAT:NRG_CB_GASM(1.0),08/09/26 23:00:00,M,STK_CHG_MG,G3000,MIO_M3,DE,2026-06,2045.000,,
ESTAT:NRG_CB_GASM(1.0),08/09/26 23:00:00,M,STK_CHG_MG,G3000,TJ_GCV,DE,2008-01,-71280.000,,
ESTAT:NRG_CB_GASM(1.0),08/09/26 23:00:00,M,STK_CHG_MG,G3000,TJ_GCV,DE,2008-02,-47520.000,,
ESTAT:NRG_CB_GASM(1.0),08/09/26 23:00:00,M,STK_CHG_MG,G3000,TJ_GCV,DE,2008-03,-41040.000,,
ESTAT:NRG_CB_GASM(1.0),08/09/26 23:00:00,M,STK_CHG_MG,G3000,TJ_GCV,DE,2008-04,8640.000,,
ESTAT:NRG_CB_GASM(1.0),08/09/26 23:00:00,M,STK_CHG_MG,G3000,TJ_GCV,DE,2008-05,66240.000,,
ESTAT:NRG_CB_GASM(1.0),08/09/26 23:00:00,M,STK_CHG_MG,G3000,TJ_GCV,DE,2008-06,86400.000,,
ESTAT:NRG_CB_GASM(1.0),08/09/26 23:00:00,M,STK_CHG_MG,G3000,TJ_GCV,DE,2008-07,69480.000,,
ESTAT:NRG_CB_GASM(1.0),08/09/26 23:00:00,M,STK_CHG_MG,G3000,TJ_GCV,DE,2008-08,39240.000,,
ESTAT:NRG_CB_GASM(1.0),08/09/26 23:00:00,M,STK_CHG_MG,G3000,TJ_GCV,DE,2008-09,4680.000,,
ESTAT:NRG_CB_GASM(1.0),08/09/26 23:00:00,M,STK_CHG_MG,G3000,TJ_GCV,DE,2008-10,-1080.000,,
ESTAT:NRG_CB_GASM(1.0),08/09/26 23:00:00,M,STK_CHG_MG,G3000,TJ_GCV,DE,2008-11,-64080.000,,
ESTAT:NRG_CB_GASM(1.0),08/09/26 23:00:00,M,STK_CHG_MG,G3000,TJ_GCV,DE,2008-12,-75600.000,,
ESTAT:NRG_CB_GASM(1.0),08/09/26 23:00:00,M,STK_CHG_MG,G3000,TJ_GCV,DE,2009-01,-110160.000,,
ESTAT:NRG_CB_GASM(1.0),08/09/26 23:00:00,M,STK_CHG_MG,G3000,TJ_GCV,DE,2009-02,-100440.000,,
ESTAT:NRG_CB_GASM(1.0),08/09/26 23:00:00,M,STK_CHG_MG,G3000,TJ_GCV,DE,2009-03,-77040.000,,
ESTAT:NRG_CB_GASM(1.0),08/09/26 23:00:00,M,STK_CHG_MG,G3000,TJ_GCV,DE,2009-04,7920.000,,
ESTAT:NRG_CB_GASM(1.0),08/09/26 23:00:00,M,STK_CHG_MG,G3000,TJ_GCV,DE,2009-05,69120.000,,
ESTAT:NRG_CB_GASM(1.0),08/09/26 23:00:00,M,STK_CHG_MG,G3000,TJ_GCV,DE,2009-06,84600.000,,
ESTAT:NRG_CB_GASM(1.0),08/09/26 23:00:00,M,STK_CHG_MG,G3000,TJ_GCV,DE,2009-07,102960.000,,
ESTAT:NRG_CB_GASM(1.0),08/09/26 23:00:00,M,STK_CHG_MG,G3000,TJ_GCV,DE,2009-08,89640.000,,
ESTAT:NRG_CB_GASM(1.0),08/09/26 23:00:00,M,STK_CHG_MG,G3000,TJ_GCV,DE,2009-09,50760.000,,
ESTAT:NRG_CB_GASM(1.0),08/09/26 23:00:00,M,STK_CHG_MG,G3000,TJ_GCV,DE,2009-10,15840.000,,
ESTAT:NRG_CB_GASM(1.0),08/09/26 23:00:00,M,STK_CHG_MG,G3000,TJ_GCV,DE,2009-11,-3600.000,,
ESTAT:NRG_CB_GASM(1.0),08/09/26 23:00:00,M,STK_CHG_MG,G3000,TJ_GCV,DE,2009-12,-44640.000,,
ESTAT:NRG_CB_GASM(1.0),08/09/26 23:00:00,M,STK_CHG_MG,G3000,TJ_GCV,DE,2010-01,-126000.000,,
ESTAT:NRG_CB_GASM(1.0),08/09/26 23:00:00,M,STK_CHG_MG,G3000,TJ_GCV,DE,2010-02,-79200.000,,
ESTAT:NRG_CB_GASM(1.0),08/09/26 23:00:00,M,STK_CHG_MG,G3000,TJ_GCV,DE,2010-03,-23760.000,,
ESTAT:NRG_CB_GASM(1.0),08/09/26 23:00:00,M,STK_CHG_MG,G3000,TJ_GCV,DE,2010-04,36000.000,,
ESTAT:NRG_CB_GASM(1.0),08/09/26 23:00:00,M,STK_CHG_MG,G3000,TJ_GCV,DE,2010-05,50400.000,,
ESTAT:NRG_CB_GASM(1.0),08/09/26 23:00:00,M,STK_CHG_MG,G3000,TJ_GCV,DE,2010-06,72000.000,,
ESTAT:NRG_CB_GASM(1.0),08/09/26 23:00:00,M,STK_CHG_MG,G3000,TJ_GCV,DE,2010-07,68400.000,,
ESTAT:NRG_CB_GASM(1.0),08/09/26 23:00:00,M,STK_CHG_MG,G3000,TJ_GCV,DE,2010-08,75600.000,,
ESTAT:NRG_CB_GASM(1.0),08/09/26 23:00:00,M,STK_CHG_MG,G3000,TJ_GCV,DE,2010-09,31320.000,,
ESTAT:NRG_CB_GASM(1.0),08/09/26 23:00:00,M,STK_CHG_MG,G3000,TJ_GCV,DE,2010-10,5400.000,,
ESTAT:NRG_CB_GASM(1.0),08/09/26 23:00:00,M,STK_CHG_MG,G3000,TJ_GCV,DE,2010-11,-33120.000,,
ESTAT:NRG_CB_GASM(1.0),08/09/26 23:00:00,M,STK_CHG_MG,G3000,TJ_GCV,DE,2010-12,-143640.000,,
ESTAT:NRG_CB_GASM(1.0),08/09/26 23:00:00,M,STK_CHG_MG,G3000,TJ_GCV,DE,2011-01,-90000.000,,
ESTAT:NRG_CB_GASM(1.0),08/09/26 23:00:00,M,STK_CHG_MG,G3000,TJ_GCV,DE,2011-02,-90720.000,,
ESTAT:NRG_CB_GASM(1.0),08/09/26 23:00:00,M,STK_CHG_MG,G3000,TJ_GCV,DE,2011-03,-9000.000,,
ESTAT:NRG_CB_GASM(1.0),08/09/26 23:00:00,M,STK_CHG_MG,G3000,TJ_GCV,DE,2011-04,79200.000,,
ESTAT:NRG_CB_GASM(1.0),08/09/26 23:00:00,M,STK_CHG_MG,G3000,TJ_GCV,DE,2011-05,77040.000,,
ESTAT:NRG_CB_GASM(1.0),08/09/26 23:00:00,M,STK_CHG_MG,G3000,TJ_GCV,DE,2011-06,56200.000,,
ESTAT:NRG_CB_GASM(1.0),08/09/26 23:00:00,M,STK_CHG_MG,G3000,TJ_GCV,DE,2011-07,56520.000,,
ESTAT:NRG_CB_GASM(1.0),08/09/26 23:00:00,M,STK_CHG_MG,G3000,TJ_GCV,DE,2011-08,47880.000,,
ESTAT:NRG_CB_GASM(1.0),08/09/26 23:00:00,M,STK_CHG_MG,G3000,TJ_GCV,DE,2011-09,28440.000,,
ESTAT:NRG_CB_GASM(1.0),08/09/26 23:00:00,M,STK_CHG_MG,G3000,TJ_GCV,DE,2011-10,5400.000,,
ESTAT:NRG_CB_GASM(1.0),08/09/26 23:00:00,M,STK_CHG_MG,G3000,TJ_GCV,DE,2011-11,-16560.000,,
ESTAT:NRG_CB_GASM(1.0),08/09/26 23:00:00,M,STK_CHG_MG,G3000,TJ_GCV,DE,2011-12,-74160.000,,
ESTAT:NRG_CB_GASM(1.0),08/09/26 23:00:00,M,STK_CHG_MG,G3000,TJ_GCV,DE,2012-01,-87120.000,,
ESTAT:NRG_CB_GASM(1.0),08/09/26 23:00:00,M,STK_CHG_MG,G3000,TJ_GCV,DE,2012-02,-149040.000,,
ESTAT:NRG_CB_GASM(1.0),08/09/26 23:00:00,M,STK_CHG_MG,G3000,TJ_GCV,DE,2012-03,2615.000,,
ESTAT:NRG_CB_GASM(1.0),08/09/26 23:00:00,M,STK_CHG_MG,G3000,TJ_GCV,DE,2012-04,21600.000,,
ESTAT:NRG_CB_GASM(1.0),08/09/26 23:00:00,M,STK_CHG_MG,G3000,TJ_GCV,DE,2012-05,62280.000,,
ESTAT:NRG_CB_GASM(1.0),08/09/26 23:00:00,M,STK_CHG_MG,G3000,TJ_GCV,DE,2012-06,54599.000,,
ESTAT:NRG_CB_GASM(1.0),08/09/26 23:00:00,M,STK_CHG_MG,G3000,TJ_GCV,DE,2012-07,74520.000,,
ESTAT:NRG_CB_GASM(1.0),08/09/26 23:00:00,M,STK_CHG_MG,G3000,TJ_GCV,DE,2012-08,77757.000,,
ESTAT:NRG_CB_GASM(1.0),08/09/26 23:00:00,M,STK_CHG_MG,G3000,TJ_GCV,DE,2012-09,25040.000,,
ESTAT:NRG_CB_GASM(1.0),08/09/26 23:00:00,M,STK_CHG_MG,G3000,TJ_GCV,DE,2012-10,-2368.000,,
ESTAT:NRG_CB_GASM(1.0),08/09/26 23:00:00,M,STK_CHG_MG,G3000,TJ_GCV,DE,2012-11,-32882.000,p,
ESTAT:NRG_CB_GASM(1.0),08/09/26 23:00:00,M,STK_CHG_MG,G3000,TJ_GCV,DE,2012-12,-73236.000,,
ESTAT:NRG_CB_GASM(1.0),08/09/26 23:00:00,M,STK_CHG_MG,G3000,TJ_GCV,DE,2013-01,-121417.000,,
ESTAT:NRG_CB_GASM(1.0),08/09/26 23:00:00,M,STK_CHG_MG,G3000,TJ_GCV,DE,2013-02,-116623.000,,
ESTAT:NRG_CB_GASM(1.0),08/09/26 23:00:00,M,STK_CHG_MG,G3000,TJ_GCV,DE,2013-03,-151530.000,,
ESTAT:NRG_CB_GASM(1.0),08/09/26 23:00:00,M,STK_CHG_MG,G3000,TJ_GCV,DE,2013-04,-2841.000,,
ESTAT:NRG_CB_GASM(1.0),08/09/26 23:00:00,M,STK_CHG_MG,G3000,TJ_GCV,DE,2013-05,77557.000,,
ESTAT:NRG_CB_GASM(1.0),08/09/26 23:00:00,M,STK_CHG_MG,G3000,TJ_GCV,DE,2013-06,87257.000,,
ESTAT:NRG_CB_GASM(1.0),08/09/26 23:00:00,M,STK_CHG_MG,G3000,TJ_GCV,DE,2013-07,126812.000,,
ESTAT:NRG_CB_GASM(1.0),08/09/26 23:00:00,M,STK_CHG_MG,G3000,TJ_GCV,DE,2013-08,94848.000,,
ESTAT:NRG_CB_GASM(1.0),08/09/26 23:00:00,M,STK_CHG_MG,G3000,TJ_GCV,DE,2013-09,55307.000,,
ESTAT:NRG_CB_GASM(1.0),08/09/26 23:00:00,M,STK_CHG_MG,G3000,TJ_GCV,DE,2013-10,44757.000,,
ESTAT:NRG_CB_GASM(1.0),08/09/26 23:00:00,M,STK_CHG_MG,G3000,TJ_GCV,DE,2013-11,-40050.000,,
ESTAT:NRG_CB_GASM(1.0),08/09/26 23:00:00,M,STK_CHG_MG,G3000,TJ_GCV,DE,2013-12,-86418.000,,
ESTAT:NRG_CB_GASM(1.0),08/09/26 23:00:00,M,STK_CHG_MG,G3000,TJ_GCV,DE,2014-01,-64297.000,,
ESTAT:NRG_CB_GASM(1.0),08/09/26 23:00:00,M,STK_CHG_MG,G3000,TJ_GCV,DE,2014-02,-39308.000,,
ESTAT:NRG_CB_GASM(1.0),08/09/26 23:00:00,M,STK_CHG_MG,G3000,TJ_GCV,DE,2014-03,-12041.000,,
ESTAT:NRG_CB_GASM(1.0),08/09/26 23:00:00,M,STK_CHG_MG,G3000,TJ_GCV,DE,2014-04,42028.000,,
ESTAT:NRG_CB_GASM(1.0),08/09/26 23:00:00,M,STK_CHG_MG,G3000,TJ_GCV,DE,2014-05,46395.000,,
ESTAT:NRG_CB_GASM(1.0),08/09/26 23:00:00,M,STK_CHG_MG,G3000,TJ_GCV,DE,2014-06,42402.000,,
ESTAT:NRG_CB_GASM(1.0),08/09/26 23:00:00,M,STK_CHG_MG,G3000,TJ_GCV,DE,2014-07,51336.000,,
ESTAT:NRG_CB_GASM(1.0),08/09/26 23:00:00,M,STK_CHG_MG,G3000,TJ_GCV,DE,2014-08,57954.000,,
ESTAT:NRG_CB_GASM(1.0),08/09/26 23:00:00,M,STK_CHG_MG,G3000,TJ_GCV,DE,2014-09,28625.000,,
ESTAT:NRG_CB_GASM(1.0),08/09/26 23:00:00,M,STK_CHG_MG,G3000,TJ_GCV,DE,2014-10,27017.000,,
ESTAT:NRG_CB_GASM(1.0),08/09/26 23:00:00,M,STK_CHG_MG,G3000,TJ_GCV,DE,2014-11,-44358.000,,
ESTAT:NRG_CB_GASM(1.0),08/09/26 23:00:00,M,STK_CHG_MG,G3000,TJ_GCV,DE,2014-12,-128166.000,,
ESTAT:NRG_CB_GASM(1.0),08/09/26 23:00:00,M,STK_CHG_MG,G3000,TJ_GCV,DE,2015-01,-157989.000,,
ESTAT:NRG_CB_GASM(1.0),08/09/26 23:00:00,M,STK_CHG_MG,G3000,TJ_GCV,DE,2015-02,-180657.000,,
ESTAT:NRG_CB_GASM(1.0),08/09/26 23:00:00,M,STK_CHG_MG,G3000,TJ_GCV,DE,2015-03,-55905.000,,
ESTAT:NRG_CB_GASM(1.0),08/09/26 23:00:00,M,STK_CHG_MG,G3000,TJ_GCV,DE,2015-04,-16327.000,,
ESTAT:NRG_CB_GASM(1.0),08/09/26 23:00:00,M,STK_CHG_MG,G3000,TJ_GCV,DE,2015-05,65493.000,,
ESTAT:NRG_CB_GASM(1.0),08/09/26 23:00:00,M,STK_CHG_MG,G3000,TJ_GCV,DE,2015-06,75433.000,,
ESTAT:NRG_CB_GASM(1.0),08/09/26 23:00:00,M,STK_CHG_MG,G3000,TJ_GCV,DE,2015-07,106924.000,,
ESTAT:NRG_CB_GASM(1.0),08/09/26 23:00:00,M,STK_CHG_MG,G3000,TJ_GCV,DE,2015-08,88490.000,,
ESTAT:NRG_CB_GASM(1.0),08/09/26 23:00:00,M,STK_CHG_MG,G3000,TJ_GCV,DE,2015-09,70038.000,,
ESTAT:NRG_CB_GASM(1.0),08/09/26 23:00:00,M,STK_CHG_MG,G3000,TJ_GCV,DE,2015-10,15241.000,,
ESTAT:NRG_CB_GASM(1.0),08/09/26 23:00:00,M,STK_CHG_MG,G3000,TJ_GCV,DE,2015-11,11004.000,,
ESTAT:NRG_CB_GASM(1.0),08/09/26 23:00:00,M,STK_CHG_MG,G3000,TJ_GCV,DE,2015-12,-28398.000,,
ESTAT:NRG_CB_GASM(1.0),08/09/26 23:00:00,M,STK_CHG_MG,G3000,TJ_GCV,DE,2016-01,-173336.000,,
ESTAT:NRG_CB_GASM(1.0),08/09/26 23:00:00,M,STK_CHG_MG,G3000,TJ_GCV,DE,2016-02,-61809.000,,
ESTAT:NRG_CB_GASM(1.0),08/09/26 23:00:00,M,STK_CHG_MG,G3000,TJ_GCV,DE,2016-03,-46469.000,,
ESTAT:NRG_CB_GASM(1.0),08/09/26 23:00:00,M,STK_CHG_MG,G3000,TJ_GCV,DE,2016-04,72983.000,,
ESTAT:NRG_CB_GASM(1.0),08/09/26 23:00:00,M,STK_CHG_MG,G3000,TJ_GCV,DE,2016-05,64941.000,,
ESTAT:NRG_CB_GASM(1.0),08/09/26 23:00:00,M,STK_CHG_MG,G3000,TJ_GCV,DE,2016-06,82339.000,,
ESTAT:NRG_CB_GASM(1.0),08/09/26 23:00:00,M,STK_CHG_MG,G3000,TJ_GCV,DE,2016-07,97031.000,,
ESTAT:NRG_CB_GASM(1.0),08/09/26 23:00:00,M,STK_CHG_MG,G3000,TJ_GCV,DE,2016-08,74188.000,,
ESTAT:NRG_CB_GASM(1.0),08/09/26 23:00:00,M,STK_CHG_MG,G3000,TJ_GCV,DE,2016-09,39600.000,,
ESTAT:NRG_CB_GASM(1.0),08/09/26 23:00:00,M,STK_CHG_MG,G3000,TJ_GCV,DE,2016-10,19124.000,,
ESTAT:NRG_CB_GASM(1.0),08/09/26 23:00:00,M,STK_CHG_MG,G3000,TJ_GCV,DE,2016-11,-100895.000,,
ESTAT:NRG_CB_GASM(1.0),08/09/26 23:00:00,M,STK_CHG_MG,G3000,TJ_GCV,DE,2016-12,-136840.000,,
ESTAT:NRG_CB_GASM(1.0),08/09/26 23:00:00,M,STK_CHG_MG,G3000,TJ_GCV,DE,2017-01,-236159.000,,
ESTAT:NRG_CB_GASM(1.0),08/09/26 23:00:00,M,STK_CHG_MG,G3000,TJ_GCV,DE,2017-02,-100413.000,,
ESTAT:NRG_CB_GASM(1.0),08/09/26 23:00:00,M,STK_CHG_MG,G3000,TJ_GCV,DE,2017-03,-2782.000,,
ESTAT:NRG_CB_GASM(1.0),08/09/26 23:00:00,M,STK_CHG_MG,G3000,TJ_GCV,DE,2017-04,19176.000,,
ESTAT:NRG_CB_GASM(1.0),08/09/26 23:00:00,M,STK_CHG_MG,G3000,TJ_GCV,DE,2017-05,67533.000,,
ESTAT:NRG_CB_GASM(1.0),08/09/26 23:00:00,M,STK_CHG_MG,G3000,TJ_GCV,DE,2017-06,93006.000,,
ESTAT:NRG_CB_GASM(1.0),08/09/26 23:00:00,M,STK_CHG_MG,G3000,TJ_GCV,DE,2017-07,117515.000,,
ESTAT:NRG_CB_GASM(1.0),08/09/26 23:00:00,M,STK_CHG_MG,G3000,TJ_GCV,DE,2017-08,120756.000,,
ESTAT:NRG_CB_GASM(1.0),08/09/26 23:00:00,M,STK_CHG_MG,G3000,TJ_GCV,DE,2017-09,49480.000,,
ESTAT:NRG_CB_GASM(1.0),08/09/26 23:00:00,M,STK_CHG_MG,G3000,TJ_GCV,DE,2017-10,64948.000,,
ESTAT:NRG_CB_GASM(1.0),08/09/26 23:00:00,M,STK_CHG_MG,G3000,TJ_GCV,DE,2017-11,-75215.000,,
ESTAT:NRG_CB_GASM(1.0),08/09/26 23:00:00,M,STK_CHG_MG,G3000,TJ_GCV,DE,2017-12,-141094.000,,
ESTAT:NRG_CB_GASM(1.0),08/09/26 23:00:00,M,STK_CHG_MG,G3000,TJ_GCV,DE,2018-01,-106745.000,,
ESTAT:NRG_CB_GASM(1.0),08/09/26 23:00:00,M,STK_CHG_MG,G3000,TJ_GCV,DE,2018-02,-215843.000,,
ESTAT:NRG_CB_GASM(1.0),08/09/26 23:00:00,M,STK_CHG_MG,G3000,TJ_GCV,DE,2018-03,-107393.000,,
ESTAT:NRG_CB_GASM(1.0),08/09/26 23:00:00,M,STK_CHG_MG,G3000,TJ_GCV,DE,2018-04,61557.000,,
ESTAT:NRG_CB_GASM(1.0),08/09/26 23:00:00,M,STK_CHG_MG,G3000,TJ_GCV,DE,2018-05,123245.000,,
ESTAT:NRG_CB_GASM(1.0),08/09/26 23:00:00,M,STK_CHG_MG,G3000,TJ_GCV,DE,2018-06,86770.000,,
ESTAT:NRG_CB_GASM(1.0),08/09/26 23:00:00,M,STK_CHG_MG,G3000,TJ_GCV,DE,2018-07,95982.000,,
ESTAT:NRG_CB_GASM(1.0),08/09/26 23:00:00,M,STK_CHG_MG,G3000,TJ_GCV,DE,2018-08,115310.000,,
ESTAT:NRG_CB_GASM(1.0),08/09/26 23:00:00,M,STK_CHG_MG,G3000,TJ_GCV,DE,2018-09,67741.000,,
ESTAT:NRG_CB_GASM(1.0),08/09/26 23:00:00,M,STK_CHG_MG,G3000,TJ_GCV,DE,2018-10,61557.000,,
ESTAT:NRG_CB_GASM(1.0),08/09/26 23:00:00,M,STK_CHG_MG,G3000,TJ_GCV,DE,2018-11,-41045.000,,
ESTAT:NRG_CB_GASM(1.0),08/09/26 23:00:00,M,STK_CHG_MG,G3000,TJ_GCV,DE,2018-12,39019.000,,
ESTAT:NRG_CB_GASM(1.0),08/09/26 23:00:00,M,STK_CHG_MG,G3000,TJ_GCV,DE,2019-01,-132472.000,,
ESTAT:NRG_CB_GASM(1.0),08/09/26 23:00:00,M,STK_CHG_MG,G3000,TJ_GCV,DE,2019-02,-80565.000,,
ESTAT:NRG_CB_GASM(1.0),08/09/26 23:00:00,M,STK_CHG_MG,G3000,TJ_GCV,DE,2019-03,2412.000,,
ESTAT:NRG_CB_GASM(1.0),08/09/26 23:00:00,M,STK_CHG_MG,G3000,TJ_GCV,DE,2019-04,83549.000,,
ESTAT:NRG_CB_GASM(1.0),08/09/26 23:00:00,M,STK_CHG_MG,G3000,TJ_GCV,DE,2019-05,85687.000,,
ESTAT:NRG_CB_GASM(1.0),08/09/26 23:00:00,M,STK_CHG_MG,G3000,TJ_GCV,DE,2019-06,107345.000,,
ESTAT:NRG_CB_GASM(1.0),08/09/26 23:00:00,M,STK_CHG_MG,G3000,TJ_GCV,DE,2019-07,40438.000,,
ESTAT:NRG_CB_GASM(1.0),08/09/26 23:00:00,M,STK_CHG_MG,G3000,TJ_GCV,DE,2019-08,69243.000,,
ESTAT:NRG_CB_GASM(1.0),08/09/26 23:00:00,M,STK_CHG_MG,G3000,TJ_GCV,DE,2019-09,24098.000,,
ESTAT:NRG_CB_GASM(1.0),08/09/26 23:00:00,M,STK_CHG_MG,G3000,TJ_GCV,DE,2019-10,11146.000,,
ESTAT:NRG_CB_GASM(1.0),08/09/26 23:00:00,M,STK_CHG_MG,G3000,TJ_GCV,DE,2019-11,-4187.000,,
ESTAT:NRG_CB_GASM(1.0),08/09/26 23:00:00,M,STK_CHG_MG,G3000,TJ_GCV,DE,2019-12,-17320.000,,
ESTAT:NRG_CB_GASM(1.0),08/09/26 23:00:00,M,STK_CHG_MG,G3000,TJ_GCV,DE,2020-01,-100126.430,,
ESTAT:NRG_CB_GASM(1.0),08/09/26 23:00:00,M,STK_CHG_MG,G3000,TJ_GCV,DE,2020-02,-47549.000,,
ESTAT:NRG_CB_GASM(1.0),08/09/26 23:00:00,M,STK_CHG_MG,G3000,TJ_GCV,DE,2020-03,-73944.000,,
ESTAT:NRG_CB_GASM(1.0),08/09/26 23:00:00,M,STK_CHG_MG,G3000,TJ_GCV,DE,2020-04,63180.000,,
ESTAT:NRG_CB_GASM(1.0),08/09/26 23:00:00,M,STK_CHG_MG,G3000,TJ_GCV,DE,2020-05,57092.000,,
ESTAT:NRG_CB_GASM(1.0),08/09/26 23:00:00,M,STK_CHG_MG,G3000,TJ_GCV,DE,2020-06,38664.000,,
ESTAT:NRG_CB_GASM(1.0),08/09/26 23:00:00,M,STK_CHG_MG,G3000,TJ_GCV,DE,2020-07,-4053.000,,
ESTAT:NRG_CB_GASM(1.0),08/09/26 23:00:00,M,STK_CHG_MG,G3000,TJ_GCV,DE,2020-08,39938.000,,
ESTAT:NRG_CB_GASM(1.0),08/09/26 23:00:00,M,STK_CHG_MG,G3000,TJ_GCV,DE,2020-09,17417.000,,
ESTAT:NRG_CB_GASM(1.0),08/09/26 23:00:00,M,STK_CHG_MG,G3000,TJ_GCV,DE,2020-10,-2585.000,,
ESTAT:NRG_CB_GASM(1.0),08/09/26 23:00:00,M,STK_CHG_MG,G3000,TJ_GCV,DE,2020-11,-57463.000,,
ESTAT:NRG_CB_GASM(1.0),08/09/26 23:00:00,M,STK_CHG_MG,G3000,TJ_GCV,DE,2020-12,-132293.000,,
ESTAT:NRG_CB_GASM(1.0),08/09/26 23:00:00,M,STK_CHG_MG,G3000,TJ_GCV,DE,2021-01,-265619.000,,
ESTAT:NRG_CB_GASM(1.0),08/09/26 23:00:00,M,STK_CHG_MG,G3000,TJ_GCV,DE,2021-02,-131216.000,,
ESTAT:NRG_CB_GASM(1.0),08/09/26 23:00:00,M,STK_CHG_MG,G3000,TJ_GCV,DE,2021-03,-51570.000,,
ESTAT:NRG_CB_GASM(1.0),08/09/26 23:00:00,M,STK_CHG_MG,G3000,TJ_GCV,DE,2021-04,-11430.000,,
ESTAT:NRG_CB_GASM(1.0),08/09/26 23:00:00,M,STK_CHG_MG,G3000,TJ_GCV,DE,2021-05,50587.000,,
ESTAT:NRG_CB_GASM(1.0),08/09/26 23:00:00,M,STK_CHG_MG,G3000,TJ_GCV,DE,2021-06,89446.000,,
ESTAT:NRG_CB_GASM(1.0),08/09/26 23:00:00,M,STK_CHG_MG,G3000,TJ_GCV,DE,2021-07,74376.000,,
ESTAT:NRG_CB_GASM(1.0),08/09/26 23:00:00,M,STK_CHG_MG,G3000,TJ_GCV,DE,2021-08,90990.000,,
ESTAT:NRG_CB_GASM(1.0),08/09/26 23:00:00,M,STK_CHG_MG,G3000,TJ_GCV,DE,2021-09,80330.000,,
ESTAT:NRG_CB_GASM(1.0),08/09/26 23:00:00,M,STK_CHG_MG,G3000,TJ_GCV,DE,2021-10,40892.000,,
ESTAT:NRG_CB_GASM(1.0),08/09/26 23:00:00,M,STK_CHG_MG,G3000,TJ_GCV,DE,2021-11,-79207.000,,
ESTAT:NRG_CB_GASM(1.0),08/09/26 23:00:00,M,STK_CHG_MG,G3000,TJ_GCV,DE,2021-12,-108525.000,,
ESTAT:NRG_CB_GASM(1.0),08/09/26 23:00:00,M,STK_CHG_MG,G3000,TJ_GCV,DE,2022-01,-155726.000,,
ESTAT:NRG_CB_GASM(1.0),08/09/26 23:00:00,M,STK_CHG_MG,G3000,TJ_GCV,DE,2022-02,-69948.000,,
ESTAT:NRG_CB_GASM(1.0),08/09/26 23:00:00,M,STK_CHG_MG,G3000,TJ_GCV,DE,2022-03,-25704.000,,
ESTAT:NRG_CB_GASM(1.0),08/09/26 23:00:00,M,STK_CHG_MG,G3000,TJ_GCV,DE,2022-04,77778.000,,
ESTAT:NRG_CB_GASM(1.0),08/09/26 23:00:00,M,STK_CHG_MG,G3000,TJ_GCV,DE,2022-05,123077.000,,
ESTAT:NRG_CB_GASM(1.0),08/09/26 23:00:00,M,STK_CHG_MG,G3000,TJ_GCV,DE,2022-06,107514.000,,
ESTAT:NRG_CB_GASM(1.0),08/09/26 23:00:00,M,STK_CHG_MG,G3000,TJ_GCV,DE,2022-07,77569.000,,
ESTAT:NRG_CB_GASM(1.0),08/09/26 23:00:00,M,STK_CHG_MG,G3000,TJ_GCV,DE,2022-08,156005.000,,
ESTAT:NRG_CB_GASM(1.0),08/09/26 23:00:00,M,STK_CHG_MG,G3000,TJ_GCV,DE,2022-09,79510.000,,
ESTAT:NRG_CB_GASM(1.0),08/09/26 23:00:00,M,STK_CHG_MG,G3000,TJ_GCV,DE,2022-10,73850.000,,
ESTAT:NRG_CB_GASM(1.0),08/09/26 23:00:00,M,STK_CHG_MG,G3000,TJ_GCV,DE,2022-11,-4255.000,,
ESTAT:NRG_CB_GASM(1.0),08/09/26 23:00:00,M,STK_CHG_MG,G3000,TJ_GCV,DE,2022-12,-72489.000,,
ESTAT:NRG_CB_GASM(1.0),08/09/26 23:00:00,M,STK_CHG_MG,G3000,TJ_GCV,DE,2023-01,-157860.000,,
ESTAT:NRG_CB_GASM(1.0),08/09/26 23:00:00,M,STK_CHG_MG,G3000,TJ_GCV,DE,2023-02,-81421.000,,
ESTAT:NRG_CB_GASM(1.0),08/09/26 23:00:00,M,STK_CHG_MG,G3000,TJ_GCV,DE,2023-03,-41717.000,,
ESTAT:NRG_CB_GASM(1.0),08/09/26 23:00:00,M,STK_CHG_MG,G3000,TJ_GCV,DE,2023-04,24678.000,,
ESTAT:NRG_CB_GASM(1.0),08/09/26 23:00:00,M,STK_CHG_MG,G3000,TJ_GCV,DE,2023-05,67446.000,,
ESTAT:NRG_CB_GASM(1.0),08/09/26 23:00:00,M,STK_CHG_MG,G3000,TJ_GCV,DE,2023-06,47765.000,,
ESTAT:NRG_CB_GASM(1.0),08/09/26 23:00:00,M,STK_CHG_MG,G3000,TJ_GCV,DE,2023-07,61841.000,,
ESTAT:NRG_CB_GASM(1.0),08/09/26 23:00:00,M,STK_CHG_MG,G3000,TJ_GCV,DE,2023-08,58853.000,,
ESTAT:NRG_CB_GASM(1.0),08/09/26 23:00:00,M,STK_CHG_MG,G3000,TJ_GCV,DE,2023-09,19584.000,,
ESTAT:NRG_CB_GASM(1.0),08/09/26 23:00:00,M,STK_CHG_MG,G3000,TJ_GCV,DE,2023-10,38671.000,,
ESTAT:NRG_CB_GASM(1.0),08/09/26 23:00:00,M,STK_CHG_MG,G3000,TJ_GCV,DE,2023-11,-28203.000,,
ESTAT:NRG_CB_GASM(1.0),08/09/26 23:00:00,M,STK_CHG_MG,G3000,TJ_GCV,DE,2023-12,-49507.000,,
ESTAT:NRG_CB_GASM(1.0),08/09/26 23:00:00,M,STK_CHG_MG,G3000,TJ_GCV,DE,2024-01,-146045.000,,
ESTAT:NRG_CB_GASM(1.0),08/09/26 23:00:00,M,STK_CHG_MG,G3000,TJ_GCV,DE,2024-02,-53884.000,,
ESTAT:NRG_CB_GASM(1.0),08/09/26 23:00:00,M,STK_CHG_MG,G3000,TJ_GCV,DE,2024-03,-29481.000,,
ESTAT:NRG_CB_GASM(1.0),08/09/26 23:00:00,M,STK_CHG_MG,G3000,TJ_GCV,DE,2024-04,10663.000,,
ESTAT:NRG_CB_GASM(1.0),08/09/26 23:00:00,M,STK_CHG_MG,G3000,TJ_GCV,DE,2024-05,49050.000,,
ESTAT:NRG_CB_GASM(1.0),08/09/26 23:00:00,M,STK_CHG_MG,G3000,TJ_GCV,DE,2024-06,70226.000,,
ESTAT:NRG_CB_GASM(1.0),08/09/26 23:00:00,M,STK_CHG_MG,G3000,TJ_GCV,DE,2024-07,67456.000,,
ESTAT:NRG_CB_GASM(1.0),08/09/26 23:00:00,M,STK_CHG_MG,G3000,TJ_GCV,DE,2024-08,53720.000,,
ESTAT:NRG_CB_GASM(1.0),08/09/26 23:00:00,M,STK_CHG_MG,G3000,TJ_GCV,DE,2024-09,11480.000,,
ESTAT:NRG_CB_GASM(1.0),08/09/26 23:00:00,M,STK_CHG_MG,G3000,TJ_GCV,DE,2024-10,37084.000,,
ESTAT:NRG_CB_GASM(1.0),08/09/26 23:00:00,M,STK_CHG_MG,G3000,TJ_GCV,DE,2024-11,-64329.000,,
ESTAT:NRG_CB_GASM(1.0),08/09/26 23:00:00,M,STK_CHG_MG,G3000,TJ_GCV,DE,2024-12,-118382.000,,
ESTAT:NRG_CB_GASM(1.0),08/09/26 23:00:00,M,STK_CHG_MG,G3000,TJ_GCV,DE,2025-01,-197367.000,,
ESTAT:NRG_CB_GASM(1.0),08/09/26 23:00:00,M,STK_CHG_MG,G3000,TJ_GCV,DE,2025-02,-196941.000,,
ESTAT:NRG_CB_GASM(1.0),08/09/26 23:00:00,M,STK_CHG_MG,G3000,TJ_GCV,DE,2025-03,-47416.000,,
ESTAT:NRG_CB_GASM(1.0),08/09/26 23:00:00,M,STK_CHG_MG,G3000,TJ_GCV,DE,2025-04,34027.000,,
ESTAT:NRG_CB_GASM(1.0),08/09/26 23:00:00,M,STK_CHG_MG,G3000,TJ_GCV,DE,2025-05,66662.000,,
ESTAT:NRG_CB_GASM(1.0),08/09/26 23:00:00,M,STK_CHG_MG,G3000,TJ_GCV,DE,2025-06,83782.000,,
ESTAT:NRG_CB_GASM(1.0),08/09/26 23:00:00,M,STK_CHG_MG,G3000,TJ_GCV,DE,2025-07,88848.000,,
ESTAT:NRG_CB_GASM(1.0),08/09/26 23:00:00,M,STK_CHG_MG,G3000,TJ_GCV,DE,2025-08,92042.000,,
ESTAT:NRG_CB_GASM(1.0),08/09/26 23:00:00,M,STK_CHG_MG,G3000,TJ_GCV,DE,2025-09,55908.000,,
ESTAT:NRG_CB_GASM(1.0),08/09/26 23:00:00,M,STK_CHG_MG,G3000,TJ_GCV,DE,2025-10,-10692.000,,
ESTAT:NRG_CB_GASM(1.0),08/09/26 23:00:00,M,STK_CHG_MG,G3000,TJ_GCV,DE,2025-11,-69556.000,,
ESTAT:NRG_CB_GASM(1.0),08/09/26 23:00:00,M,STK_CHG_MG,G3000,TJ_GCV,DE,2025-12,-97394.000,,
ESTAT:NRG_CB_GASM(1.0),08/09/26 23:00:00,M,STK_CHG_MG,G3000,TJ_GCV,DE,2026-01,-206277.000,,
ESTAT:NRG_CB_GASM(1.0),08/09/26 23:00:00,M,STK_CHG_MG,G3000,TJ_GCV,DE,2026-02,-105440.000,,
ESTAT:NRG_CB_GASM(1.0),08/09/26 23:00:00,M,STK_CHG_MG,G3000,TJ_GCV,DE,2026-03,8204.000,,
ESTAT:NRG_CB_GASM(1.0),08/09/26 23:00:00,M,STK_CHG_MG,G3000,TJ_GCV,DE,2026-04,32119.000,,
ESTAT:NRG_CB_GASM(1.0),08/09/26 23:00:00,M,STK_CHG_MG,G3000,TJ_GCV,DE,2026-05,59930.000,,
ESTAT:NRG_CB_GASM(1.0),08/09/26 23:00:00,M,STK_CHG_MG,G3000,TJ_GCV,DE,2026-06,79725.000,,
ESTAT:NRG_CB_GASM(1.0),08/09/26 23:00:00,M,STK_CHG_MG,G3000,TJ_GCV,DE,2026-07,44150.400,,
ESTAT:NRG_CB_GASM(1.0),08/09/26 23:00:00,M,TI_EHG_MAP,G3000,MIO_M3,DE,2014-01,1356.000,,
ESTAT:NRG_CB_GASM(1.0),08/09/26 23:00:00,M,TI_EHG_MAP,G3000,MIO_M3,DE,2014-02,1067.000,,
ESTAT:NRG_CB_GASM(1.0),08/09/26 23:00:00,M,TI_EHG_MAP,G3000,MIO_M3,DE,2014-03,915.000,,
ESTAT:NRG_CB_GASM(1.0),08/09/26 23:00:00,M,TI_EHG_MAP,G3000,MIO_M3,DE,2014-04,676.000,,
ESTAT:NRG_CB_GASM(1.0),08/09/26 23:00:00,M,TI_EHG_MAP,G3000,MIO_M3,DE,2014-05,594.000,,
ESTAT:NRG_CB_GASM(1.0),08/09/26 23:00:00,M,TI_EHG_MAP,G3000,MIO_M3,DE,2014-06,538.000,,
ESTAT:NRG_CB_GASM(1.0),08/09/26 23:00:00,M,TI_EHG_MAP,G3000,MIO_M3,DE,2014-07,568.000,,
ESTAT:NRG_CB_GASM(1.0),08/09/26 23:00:00,M,TI_EHG_MAP,G3000,MIO_M3,DE,2014-08,0.000,,
ESTAT:NRG_CB_GASM(1.0),08/09/26 23:00:00,M,TI_EHG_MAP,G3000,MIO_M3,DE,2014-09,0.000,,
ESTAT:NRG_CB_GASM(1.0),08/09/26 23:00:00,M,TI_EHG_MAP,G3000,MIO_M3,DE,2014-10,728.000,,
ESTAT:NRG_CB_GASM(1.0),08/09/26 23:00:00,M,TI_EHG_MAP,G3000,MIO_M3,DE,2014-11,933.000,,
ESTAT:NRG_CB_GASM(1.0),08/09/26 23:00:00,M,TI_EHG_MAP,G3000,MIO_M3,DE,2014-12,0.000,,
ESTAT:NRG_CB_GASM(1.0),08/09/26 23:00:00,M,TI_EHG_MAP,G3000,MIO_M3,DE,2015-01,0.000,,
ESTAT:NRG_CB_GASM(1.0),08/09/26 23:00:00,M,TI_EHG_MAP,G3000,MIO_M3,DE,2015-02,0.000,,
ESTAT:NRG_CB_GASM(1.0),08/09/26 23:00:00,M,TI_EHG_MAP,G3000,MIO_M3,DE,2015-03,0.000,,
ESTAT:NRG_CB_GASM(1.0),08/09/26 23:00:00,M,TI_EHG_MAP,G3000,MIO_M3,DE,2015-04,0.000,,
ESTAT:NRG_CB_GASM(1.0),08/09/26 23:00:00,M,TI_EHG_MAP,G3000,MIO_M3,DE,2015-05,0.000,,
ESTAT:NRG_CB_GASM(1.0),08/09/26 23:00:00,M,TI_EHG_MAP,G3000,MIO_M3,DE,2015-06,0.000,,
ESTAT:NRG_CB_GASM(1.0),08/09/26 23:00:00,M,TI_EHG_MAP,G3000,MIO_M3,DE,2015-07,0.000,,
ESTAT:NRG_CB_GASM(1.0),08/09/26 23:00:00,M,TI_EHG_MAP,G3000,MIO_M3,DE,2015-08,0.000,,
ESTAT:NRG_CB_GASM(1.0),08/09/26 23:00:00,M,TI_EHG_MAP,G3000,MIO_M3,DE,2015-09,0.000,,
ESTAT:NRG_CB_GASM(1.0),08/09/26 23:00:00,M,TI_EHG_MAP,G3000,MIO_M3,DE,2015-10,0.000,,
ESTAT:NRG_CB_GASM(1.0),08/09/26 23:00:00,M,TI_EHG_MAP,G3000,MIO_M3,DE,2015-11,1021.000,,
ESTAT:NRG_CB_GASM(1.0),08/09/26 23:00:00,M,TI_EHG_MAP,G3000,MIO_M3,DE,2015-12,1058.000,,
ESTAT:NRG_CB_GASM(1.0),08/09/26 23:00:00,M,TI_EHG_MAP,G3000,MIO_M3,DE,2016-01,1496.000,,
ESTAT:NRG_CB_GASM(1.0),08/09/26 23:00:00,M,TI_EHG_MAP,G3000,MIO_M3,DE,2016-02,1193.000,,
ESTAT:NRG_CB_GASM(1.0),08/09/26 23:00:00,M,TI_EHG_MAP,G3000,MIO_M3,DE,2016-03,1217.000,,
ESTAT:NRG_CB_GASM(1.0),08/09/26 23:00:00,M,TI_EHG_MAP,G3000,MIO_M3,DE,2016-04,813.000,,
ESTAT:NRG_CB_GASM(1.0),08/09/26 23:00:00,M,TI_EHG_MAP,G3000,MIO_M3,DE,2016-05,0.000,,
ESTAT:NRG_CB_GASM(1.0),08/09/26 23:00:00,M,TI_EHG_MAP,G3000,MIO_M3,DE,2016-06,626.000,,
ESTAT:NRG_CB_GASM(1.0),08/09/26 23:00:00,M,TI_EHG_MAP,G3000,MIO_M3,DE,2016-07,630.000,,
ESTAT:NRG_CB_GASM(1.0),08/09/26 23:00:00,M,TI_EHG_MAP,G3000,MIO_M3,DE,2016-08,0.000,,
ESTAT:NRG_CB_GASM(1.0),08/09/26 23:00:00,M,TI_EHG_MAP,G3000,MIO_M3,DE,2016-09,0.000,,
ESTAT:NRG_CB_GASM(1.0),08/09/26 23:00:00,M,TI_EHG_MAP,G3000,MIO_M3,DE,2016-10,0.000,,
ESTAT:NRG_CB_GASM(1.0),08/09/26 23:00:00,M,TI_EHG_MAP,G3000,MIO_M3,DE,2016-11,0.000,,
ESTAT:NRG_CB_GASM(1.0),08/09/26 23:00:00,M,TI_EHG_MAP,G3000,MIO_M3,DE,2016-12,0.000,,
ESTAT:NRG_CB_GASM(1.0),08/09/26 23:00:00,M,TI_EHG_MAP,G3000,MIO_M3,DE,2017-01,2010.000,,
ESTAT:NRG_CB_GASM(1.0),08/09/26 23:00:00,M,TI_EHG_MAP,G3000,MIO_M3,DE,2017-02,1371.000,,
ESTAT:NRG_CB_GASM(1.0),08/09/26 23:00:00,M,TI_EHG_MAP,G3000,MIO_M3,DE,2017-03,1213.000,,
ESTAT:NRG_CB_GASM(1.0),08/09/26 23:00:00,M,TI_EHG_MAP,G3000,MIO_M3,DE,2017-04,982.000,,
ESTAT:NRG_CB_GASM(1.0),08/09/26 23:00:00,M,TI_EHG_MAP,G3000,MIO_M3,DE,2017-05,909.000,,
ESTAT:NRG_CB_GASM(1.0),08/09/26 23:00:00,M,TI_EHG_MAP,G3000,MIO_M3,DE,2017-06,723.000,,
ESTAT:NRG_CB_GASM(1.0),08/09/26 23:00:00,M,TI_EHG_MAP,G3000,MIO_M3,DE,2017-07,803.000,,
ESTAT:NRG_CB_GASM(1.0),08/09/26 23:00:00,M,TI_EHG_MAP,G3000,MIO_M3,DE,2017-08,682.000,,
ESTAT:NRG_CB_GASM(1.0),08/09/26 23:00:00,M,TI_EHG_MAP,G3000,MIO_M3,DE,2017-09,880.000,,
ESTAT:NRG_CB_GASM(1.0),08/09/26 23:00:00,M,TI_EHG_MAP,G3000,MIO_M3,DE,2017-10,977.000,,
ESTAT:NRG_CB_GASM(1.0),08/09/26 23:00:00,M,TI_EHG_MAP,G3000,MIO_M3,DE,2017-11,1467.000,,
ESTAT:NRG_CB_GASM(1.0),08/09/26 23:00:00,M,TI_EHG_MAP,G3000,MIO_M3,DE,2017-12,1443.000,,
ESTAT:NRG_CB_GASM(1.0),08/09/26 23:00:00,M,TI_EHG_MAP,G3000,MIO_M3,DE,2018-01,1393.000,,
ESTAT:NRG_CB_GASM(1.0),08/09/26 23:00:00,M,TI_EHG_MAP,G3000,MIO_M3,DE,2018-02,1639.000,,
ESTAT:NRG_CB_GASM(1.0),08/09/26 23:00:00,M,TI_EHG_MAP,G3000,MIO_M3,DE,2018-03,1403.000,,
ESTAT:NRG_CB_GASM(1.0),08/09/26 23:00:00,M,TI_EHG_MAP,G3000,MIO_M3,DE,2018-04,708.000,,
ESTAT:NRG_CB_GASM(1.0),08/09/26 23:00:00,M,TI_EHG_MAP,G3000,MIO_M3,DE,2018-05,548.000,,
ESTAT:NRG_CB_GASM(1.0),08/09/26 23:00:00,M,TI_EHG_MAP,G3000,MIO_M3,DE,2018-06,0.000,,
ESTAT:NRG_CB_GASM(1.0),08/09/26 23:00:00,M,TI_EHG_MAP,G3000,MIO_M3,DE,2018-07,787.000,,
ESTAT:NRG_CB_GASM(1.0),08/09/26 23:00:00,M,TI_EHG_MAP,G3000,MIO_M3,DE,2018-08,884.000,,
ESTAT:NRG_CB_GASM(1.0),08/09/26 23:00:00,M,TI_EHG_MAP,G3000,MIO_M3,DE,2018-09,705.000,,
ESTAT:NRG_CB_GASM(1.0),08/09/26 23:00:00,M,TI_EHG_MAP,G3000,MIO_M3,DE,2018-10,1004.000,,
ESTAT:NRG_CB_GASM(1.0),08/09/26 23:00:00,M,TI_EHG_MAP,G3000,MIO_M3,DE,2018-11,1434.000,,
ESTAT:NRG_CB_GASM(1.0),08/09/26 23:00:00,M,TI_EHG_MAP,G3000,MIO_M3,DE,2018-12,1433.000,,
ESTAT:NRG_CB_GASM(1.0),08/09/26 23:00:00,M,TI_EHG_MAP,G3000,MIO_M3,DE,2019-01,1806.000,,
ESTAT:NRG_CB_GASM(1.0),08/09/26 23:00:00,M,TI_EHG_MAP,G3000,MIO_M3,DE,2019-02,1357.000,,
ESTAT:NRG_CB_GASM(1.0),08/09/26 23:00:00,M,TI_EHG_MAP,G3000,MIO_M3,DE,2019-03,1083.000,,
ESTAT:NRG_CB_GASM(1.0),08/09/26 23:00:00,M,TI_EHG_MAP,G3000,MIO_M3,DE,2019-04,939.000,,
ESTAT:NRG_CB_GASM(1.0),08/09/26 23:00:00,M,TI_EHG_MAP,G3000,MIO_M3,DE,2019-05,900.000,,
ESTAT:NRG_CB_GASM(1.0),08/09/26 23:00:00,M,TI_EHG_MAP,G3000,MIO_M3,DE,2019-06,807.000,,
ESTAT:NRG_CB_GASM(1.0),08/09/26 23:00:00,M,TI_EHG_MAP,G3000,MIO_M3,DE,2019-07,1038.000,,
ESTAT:NRG_CB_GASM(1.0),08/09/26 23:00:00,M,TI_EHG_MAP,G3000,MIO_M3,DE,2019-08,999.000,,
ESTAT:NRG_CB_GASM(1.0),08/09/26 23:00:00,M,TI_EHG_MAP,G3000,MIO_M3,DE,2019-09,1061.000,,
ESTAT:NRG_CB_GASM(1.0),08/09/26 23:00:00,M,TI_EHG_MAP,G3000,MIO_M3,DE,2019-10,1383.000,,
ESTAT:NRG_CB_GASM(1.0),08/09/26 23:00:00,M,TI_EHG_MAP,G3000,MIO_M3,DE,2019-11,1495.000,,
ESTAT:NRG_CB_GASM(1.0),08/09/26 23:00:00,M,TI_EHG_MAP,G3000,MIO_M3,DE,2019-12,1356.000,,
ESTAT:NRG_CB_GASM(1.0),08/09/26 23:00:00,M,TI_EHG_MAP,G3000,MIO_M3,DE,2020-01,1596.000,,
ESTAT:NRG_CB_GASM(1.0),08/09/26 23:00:00,M,TI_EHG_MAP,G3000,MIO_M3,DE,2020-02,1261.000,,
ESTAT:NRG_CB_GASM(1.0),08/09/26 23:00:00,M,TI_EHG_MAP,G3000,MIO_M3,DE,2020-03,1262.000,,
ESTAT:NRG_CB_GASM(1.0),08/09/26 23:00:00,M,TI_EHG_MAP,G3000,MIO_M3,DE,2020-04,904.000,,
ESTAT:NRG_CB_GASM(1.0),08/09/26 23:00:00,M,TI_EHG_MAP,G3000,MIO_M3,DE,2020-05,911.000,,
ESTAT:NRG_CB_GASM(1.0),08/09/26 23:00:00,M,TI_EHG_MAP,G3000,MIO_M3,DE,2020-06,1118.000,,
ESTAT:NRG_CB_GASM(1.0),08/09/26 23:00:00,M,TI_EHG_MAP,G3000,MIO_M3,DE,2020-07,1229.000,,
ESTAT:NRG_CB_GASM(1.0),08/09/26 23:00:00,M,TI_EHG_MAP,G3000,MIO_M3,DE,2020-08,1072.000,,
ESTAT:NRG_CB_GASM(1.0),08/09/26 23:00:00,M,TI_EHG_MAP,G3000,MIO_M3,DE,2020-09,1090.000,,
ESTAT:NRG_CB_GASM(1.0),08/09/26 23:00:00,M,TI_EHG_MAP,G3000,MIO_M3,DE,2020-10,1244.000,,
ESTAT:NRG_CB_GASM(1.0),08/09/26 23:00:00,M,TI_EHG_MAP,G3000,MIO_M3,DE,2020-11,1542.000,,
ESTAT:NRG_CB_GASM(1.0),08/09/26 23:00:00,M,TI_EHG_MAP,G3000,MIO_M3,DE,2020-12,1759.000,,
ESTAT:NRG_CB_GASM(1.0),08/09/26 23:00:00,M,TI_EHG_MAP,G3000,MIO_M3,DE,2021-01,1869.000,,
ESTAT:NRG_CB_GASM(1.0),08/09/26 23:00:00,M,TI_EHG_MAP,G3000,MIO_M3,DE,2021-02,1667.000,,
ESTAT:NRG_CB_GASM(1.0),08/09/26 23:00:00,M,TI_EHG_MAP,G3000,MIO_M3,DE,2021-03,1616.000,,
ESTAT:NRG_CB_GASM(1.0),08/09/26 23:00:00,M,TI_EHG_MAP,G3000,MIO_M3,DE,2021-04,1339.000,,
ESTAT:NRG_CB_GASM(1.0),08/09/26 23:00:00,M,TI_EHG_MAP,G3000,MIO_M3,DE,2021-05,866.000,,
ESTAT:NRG_CB_GASM(1.0),08/09/26 23:00:00,M,TI_EHG_MAP,G3000,MIO_M3,DE,2021-06,785.000,,
ESTAT:NRG_CB_GASM(1.0),08/09/26 23:00:00,M,TI_EHG_MAP,G3000,MIO_M3,DE,2021-07,744.000,,
ESTAT:NRG_CB_GASM(1.0),08/09/26 23:00:00,M,TI_EHG_MAP,G3000,MIO_M3,DE,2021-08,541.000,,
ESTAT:NRG_CB_GASM(1.0),08/09/26 23:00:00,M,TI_EHG_MAP,G3000,MIO_M3,DE,2021-09,775.000,,
ESTAT:NRG_CB_GASM(1.0),08/09/26 23:00:00,M,TI_EHG_MAP,G3000,MIO_M3,DE,2021-10,865.000,,
ESTAT:NRG_CB_GASM(1.0),08/09/26 23:00:00,M,TI_EHG_MAP,G3000,MIO_M3,DE,2021-11,1485.000,,
ESTAT:NRG_CB_GASM(1.0),08/09/26 23:00:00,M,TI_EHG_MAP,G3000,MIO_M3,DE,2021-12,1649.000,,
ESTAT:NRG_CB_GASM(1.0),08/09/26 23:00:00,M,TI_EHG_MAP,G3000,MIO_M3,DE,2022-01,1678.000,,
ESTAT:NRG_CB_GASM(1.0),08/09/26 23:00:00,M,TI_EHG_MAP,G3000,MIO_M3,DE,2022-02,1170.000,,
ESTAT:NRG_CB_GASM(1.0),08/09/26 23:00:00,M,TI_EHG_MAP,G3000,MIO_M3,DE,2022-03,1389.000,,
ESTAT:NRG_CB_GASM(1.0),08/09/26 23:00:00,M,TI_EHG_MAP,G3000,MIO_M3,DE,2022-04,1339.000,,
ESTAT:NRG_CB_GASM(1.0),08/09/26 23:00:00,M,TI_EHG_MAP,G3000,MIO_M3,DE,2022-05,767.000,,
ESTAT:NRG_CB_GASM(1.0),08/09/26 23:00:00,M,TI_EHG_MAP,G3000,MIO_M3,DE,2022-06,654.000,,
ESTAT:NRG_CB_GASM(1.0),08/09/26 23:00:00,M,TI_EHG_MAP,G3000,MIO_M3,DE,2022-07,595.000,,
ESTAT:NRG_CB_GASM(1.0),08/09/26 23:00:00,M,TI_EHG_MAP,G3000,MIO_M3,DE,2022-08,647.000,,
ESTAT:NRG_CB_GASM(1.0),08/09/26 23:00:00,M,TI_EHG_MAP,G3000,MIO_M3,DE,2022-09,623.000,,
ESTAT:NRG_CB_GASM(1.0),08/09/26 23:00:00,M,TI_EHG_MAP,G3000,MIO_M3,DE,2022-10,855.000,,
ESTAT:NRG_CB_GASM(1.0),08/09/26 23:00:00,M,TI_EHG_MAP,G3000,MIO_M3,DE,2022-11,1055.000,,
ESTAT:NRG_CB_GASM(1.0),08/09/26 23:00:00,M,TI_EHG_MAP,G3000,MIO_M3,DE,2022-12,1526.000,,
ESTAT:NRG_CB_GASM(1.0),08/09/26 23:00:00,M,TI_EHG_MAP,G3000,MIO_M3,DE,2023-01,1374.000,,
ESTAT:NRG_CB_GASM(1.0),08/09/26 23:00:00,M,TI_EHG_MAP,G3000,MIO_M3,DE,2023-02,1396.000,,
ESTAT:NRG_CB_GASM(1.0),08/09/26 23:00:00,M,TI_EHG_MAP,G3000,MIO_M3,DE,2023-03,1235.000,,
ESTAT:NRG_CB_GASM(1.0),08/09/26 23:00:00,M,TI_EHG_MAP,G3000,MIO_M3,DE,2023-04,963.000,,
ESTAT:NRG_CB_GASM(1.0),08/09/26 23:00:00,M,TI_EHG_MAP,G3000,MIO_M3,DE,2023-05,746.000,,
ESTAT:NRG_CB_GASM(1.0),08/09/26 23:00:00,M,TI_EHG_MAP,G3000,MIO_M3,DE,2023-06,685.000,,
ESTAT:NRG_CB_GASM(1.0),08/09/26 23:00:00,M,TI_EHG_MAP,G3000,MIO_M3,DE,2023-07,656.000,,
ESTAT:NRG_CB_GASM(1.0),08/09/26 23:00:00,M,TI_EHG_MAP,G3000,MIO_M3,DE,2023-08,720.000,,
ESTAT:NRG_CB_GASM(1.0),08/09/26 23:00:00,M,TI_EHG_MAP,G3000,MIO_M3,DE,2023-09,671.000,,
ESTAT:NRG_CB_GASM(1.0),08/09/26 23:00:00,M,TI_EHG_MAP,G3000,MIO_M3,DE,2023-10,889.000,,
ESTAT:NRG_CB_GASM(1.0),08/09/26 23:00:00,M,TI_EHG_MAP,G3000,MIO_M3,DE,2023-11,1241.000,,
ESTAT:NRG_CB_GASM(1.0),08/09/26 23:00:00,M,TI_EHG_MAP,G3000,MIO_M3,DE,2023-12,1377.000,,
ESTAT:NRG_CB_GASM(1.0),08/09/26 23:00:00,M,TI_EHG_MAP,G3000,MIO_M3,DE,2024-01,1697.000,,
ESTAT:NRG_CB_GASM(1.0),08/09/26 23:00:00,M,TI_EHG_MAP,G3000,MIO_M3,DE,2024-02,1220.000,,
ESTAT:NRG_CB_GASM(1.0),08/09/26 23:00:00,M,TI_EHG_MAP,G3000,MIO_M3,DE,2024-03,1237.000,,
ESTAT:NRG_CB_GASM(1.0),08/09/26 23:00:00,M,TI_EHG_MAP,G3000,MIO_M3,DE,2024-04,963.000,,
ESTAT:NRG_CB_GASM(1.0),08/09/26 23:00:00,M,TI_EHG_MAP,G3000,MIO_M3,DE,2024-05,762.000,,
ESTAT:NRG_CB_GASM(1.0),08/09/26 23:00:00,M,TI_EHG_MAP,G3000,MIO_M3,DE,2024-06,636.000,,
ESTAT:NRG_CB_GASM(1.0),08/09/26 23:00:00,M,TI_EHG_MAP,G3000,MIO_M3,DE,2024-07,584.000,,
ESTAT:NRG_CB_GASM(1.0),08/09/26 23:00:00,M,TI_EHG_MAP,G3000,MIO_M3,DE,2024-08,614.000,,
ESTAT:NRG_CB_GASM(1.0),08/09/26 23:00:00,M,TI_EHG_MAP,G3000,MIO_M3,DE,2024-09,687.000,,
ESTAT:NRG_CB_GASM(1.0),08/09/26 23:00:00,M,TI_EHG_MAP,G3000,MIO_M3,DE,2024-10,966.000,,
ESTAT:NRG_CB_GASM(1.0),08/09/26 23:00:00,M,TI_EHG_MAP,G3000,MIO_M3,DE,2024-11,1638.000,,
ESTAT:NRG_CB_GASM(1.0),08/09/26 23:00:00,M,TI_EHG_MAP,G3000,MIO_M3,DE,2024-12,1738.000,,
ESTAT:NRG_CB_GASM(1.0),08/09/26 23:00:00,M,TI_EHG_MAP,G3000,MIO_M3,DE,2025-01,1960.000,,
ESTAT:NRG_CB_GASM(1.0),08/09/26 23:00:00,M,TI_EHG_MAP,G3000,MIO_M3,DE,2025-02,1853.000,,
ESTAT:NRG_CB_GASM(1.0),08/09/26 23:00:00,M,TI_EHG_MAP,G3000,MIO_M3,DE,2025-03,1419.000,,
ESTAT:NRG_CB_GASM(1.0),08/09/26 23:00:00,M,TI_EHG_MAP,G3000,MIO_M3,DE,2025-04,890.000,,
ESTAT:NRG_CB_GASM(1.0),08/09/26 23:00:00,M,TI_EHG_MAP,G3000,MIO_M3,DE,2025-05,705.000,,
ESTAT:NRG_CB_GASM(1.0),08/09/26 23:00:00,M,TI_EHG_MAP,G3000,MIO_M3,DE,2025-06,522.000,,
ESTAT:NRG_CB_GASM(1.0),08/09/26 23:00:00,M,TI_EHG_MAP,G3000,MIO_M3,DE,2025-07,630.000,,
ESTAT:NRG_CB_GASM(1.0),08/09/26 23:00:00,M,TI_EHG_MAP,G3000,MIO_M3,DE,2025-08,629.000,,
ESTAT:NRG_CB_GASM(1.0),08/09/26 23:00:00,M,TI_EHG_MAP,G3000,MIO_M3,DE,2025-09,784.000,,
ESTAT:NRG_CB_GASM(1.0),08/09/26 23:00:00,M,TI_EHG_MAP,G3000,MIO_M3,DE,2025-10,1200.000,,
ESTAT:NRG_CB_GASM(1.0),08/09/26 23:00:00,M,TI_EHG_MAP,G3000,MIO_M3,DE,2025-11,1727.000,,
ESTAT:NRG_CB_GASM(1.0),08/09/26 23:00:00,M,TI_EHG_MAP,G3000,MIO_M3,DE,2025-12,1859.000,,
ESTAT:NRG_CB_GASM(1.0),08/09/26 23:00:00,M,TI_EHG_MAP,G3000,MIO_M3,DE,2026-01,2422.000,,
ESTAT:NRG_CB_GASM(1.0),08/09/26 23:00:00,M,TI_EHG_MAP,G3000,MIO_M3,DE,2026-02,1969.000,,
ESTAT:NRG_CB_GASM(1.0),08/09/26 23:00:00,M,TI_EHG_MAP,G3000,MIO_M3,DE,2026-03,1247.000,,
ESTAT:NRG_CB_GASM(1.0),08/09/26 23:00:00,M,TI_EHG_MAP,G3000,MIO_M3,DE,2026-04,973.000,,
ESTAT:NRG_CB_GASM(1.0),08/09/26 23:00:00,M,TI_EHG_MAP,G3000,MIO_M3,DE,2026-05,799.000,,
ESTAT:NRG_CB_GASM(1.0),08/09/26 23:00:00,M,TI_EHG_MAP,G3000,MIO_M3,DE,2026-06,697.000,,
ESTAT:NRG_CB_GASM(1.0),08/09/26 23:00:00,M,TI_EHG_MAP,G3000,TJ_GCV,DE,2011-01,0.000,,
ESTAT:NRG_CB_GASM(1.0),08/09/26 23:00:00,M,TI_EHG_MAP,G3000,TJ_GCV,DE,2011-02,0.000,,
ESTAT:NRG_CB_GASM(1.0),08/09/26 23:00:00,M,TI_EHG_MAP,G3000,TJ_GCV,DE,2011-03,0.000,,
ESTAT:NRG_CB_GASM(1.0),08/09/26 23:00:00,M,TI_EHG_MAP,G3000,TJ_GCV,DE,2011-04,0.000,,
ESTAT:NRG_CB_GASM(1.0),08/09/26 23:00:00,M,TI_EHG_MAP,G3000,TJ_GCV,DE,2011-05,0.000,,
ESTAT:NRG_CB_GASM(1.0),08/09/26 23:00:00,M,TI_EHG_MAP,G3000,TJ_GCV,DE,2011-06,0.000,,
ESTAT:NRG_CB_GASM(1.0),08/09/26 23:00:00,M,TI_EHG_MAP,G3000,TJ_GCV,DE,2011-07,0.000,,
ESTAT:NRG_CB_GASM(1.0),08/09/26 23:00:00,M,TI_EHG_MAP,G3000,TJ_GCV,DE,2011-08,0.000,,
ESTAT:NRG_CB_GASM(1.0),08/09/26 23:00:00,M,TI_EHG_MAP,G3000,TJ_GCV,DE,2011-09,0.000,,
ESTAT:NRG_CB_GASM(1.0),08/09/26 23:00:00,M,TI_EHG_MAP,G3000,TJ_GCV,DE,2011-10,0.000,,
ESTAT:NRG_CB_GASM(1.0),08/09/26 23:00:00,M,TI_EHG_MAP,G3000,TJ_GCV,DE,2011-11,0.000,,
ESTAT:NRG_CB_GASM(1.0),08/09/26 23:00:00,M,TI_EHG_MAP,G3000,TJ_GCV,DE,2011-12,0.000,,
ESTAT:NRG_CB_GASM(1.0),08/09/26 23:00:00,M,TI_EHG_MAP,G3000,TJ_GCV,DE,2012-01,0.000,,
ESTAT:NRG_CB_GASM(1.0),08/09/26 23:00:00,M,TI_EHG_MAP,G3000,TJ_GCV,DE,2012-02,0.000,,
ESTAT:NRG_CB_GASM(1.0),08/09/26 23:00:00,M,TI_EHG_MAP,G3000,TJ_GCV,DE,2012-03,0.000,,
ESTAT:NRG_CB_GASM(1.0),08/09/26 23:00:00,M,TI_EHG_MAP,G3000,TJ_GCV,DE,2012-04,0.000,,
ESTAT:NRG_CB_GASM(1.0),08/09/26 23:00:00,M,TI_EHG_MAP,G3000,TJ_GCV,DE,2012-05,0.000,,
ESTAT:NRG_CB_GASM(1.0),08/09/26 23:00:00,M,TI_EHG_MAP,G3000,TJ_GCV,DE,2012-06,0.000,,
ESTAT:NRG_CB_GASM(1.0),08/09/26 23:00:00,M,TI_EHG_MAP,G3000,TJ_GCV,DE,2012-07,0.000,,
ESTAT:NRG_CB_GASM(1.0),08/09/26 23:00:00,M,TI_EHG_MAP,G3000,TJ_GCV,DE,2012-08,0.000,,
ESTAT:NRG_CB_GASM(1.0),08/09/26 23:00:00,M,TI_EHG_MAP,G3000,TJ_GCV,DE,2012-09,0.000,,
ESTAT:NRG_CB_GASM(1.0),08/09/26 23:00:00,M,TI_EHG_MAP,G3000,TJ_GCV,DE,2012-10,0.000,,
ESTAT:NRG_CB_GASM(1.0),08/09/26 23:00:00,M,TI_EHG_MAP,G3000,TJ_GCV,DE,2012-11,0.000,p,
ESTAT:NRG_CB_GASM(1.0),08/09/26 23:00:00,M,TI_EHG_MAP,G3000,TJ_GCV,DE,2012-12,0.000,,
ESTAT:NRG_CB_GASM(1.0),08/09/26 23:00:00,M,TI_EHG_MAP,G3000,TJ_GCV,DE,2013-01,64174.000,,
ESTAT:NRG_CB_GASM(1.0),08/09/26 23:00:00,M,TI_EHG_MAP,G3000,TJ_GCV,DE,2013-02,57000.000,,
ESTAT:NRG_CB_GASM(1.0),08/09/26 23:00:00,M,TI_EHG_MAP,G3000,TJ_GCV,DE,2013-03,54052.000,,
ESTAT:NRG_CB_GASM(1.0),08/09/26 23:00:00,M,TI_EHG_MAP,G3000,TJ_GCV,DE,2013-04,37326.000,,
ESTAT:NRG_CB_GASM(1.0),08/09/26 23:00:00,M,TI_EHG_MAP,G3000,TJ_GCV,DE,2013-05,24864.000,,
ESTAT:NRG_CB_GASM(1.0),08/09/26 23:00:00,M,TI_EHG_MAP,G3000,TJ_GCV,DE,2013-06,23932.000,,
ESTAT:NRG_CB_GASM(1.0),08/09/26 23:00:00,M,TI_EHG_MAP,G3000,TJ_GCV,DE,2013-07,24312.000,,
ESTAT:NRG_CB_GASM(1.0),08/09/26 23:00:00,M,TI_EHG_MAP,G3000,TJ_GCV,DE,2013-08,22417.000,,
ESTAT:NRG_CB_GASM(1.0),08/09/26 23:00:00,M,TI_EHG_MAP,G3000,TJ_GCV,DE,2013-09,30195.000,,
ESTAT:NRG_CB_GASM(1.0),08/09/26 23:00:00,M,TI_EHG_MAP,G3000,TJ_GCV,DE,2013-12,46153.000,,
ESTAT:NRG_CB_GASM(1.0),08/09/26 23:00:00,M,TI_EHG_MAP,G3000,TJ_GCV,DE,2014-01,52872.000,,
ESTAT:NRG_CB_GASM(1.0),08/09/26 23:00:00,M,TI_EHG_MAP,G3000,TJ_GCV,DE,2014-02,41618.000,,
ESTAT:NRG_CB_GASM(1.0),08/09/26 23:00:00,M,TI_EHG_MAP,G3000,TJ_GCV,DE,2014-03,35663.000,,
ESTAT:NRG_CB_GASM(1.0),08/09/26 23:00:00,M,TI_EHG_MAP,G3000,TJ_GCV,DE,2014-04,26351.000,,
ESTAT:NRG_CB_GASM(1.0),08/09/26 23:00:00,M,TI_EHG_MAP,G3000,TJ_GCV,DE,2014-05,23162.000,,
ESTAT:NRG_CB_GASM(1.0),08/09/26 23:00:00,M,TI_EHG_MAP,G3000,TJ_GCV,DE,2014-06,20960.000,,
ESTAT:NRG_CB_GASM(1.0),08/09/26 23:00:00,M,TI_EHG_MAP,G3000,TJ_GCV,DE,2014-07,22136.000,,
ESTAT:NRG_CB_GASM(1.0),08/09/26 23:00:00,M,TI_EHG_MAP,G3000,TJ_GCV,DE,2014-08,0.000,,
ESTAT:NRG_CB_GASM(1.0),08/09/26 23:00:00,M,TI_EHG_MAP,G3000,TJ_GCV,DE,2014-09,0.000,,
ESTAT:NRG_CB_GASM(1.0),08/09/26 23:00:00,M,TI_EHG_MAP,G3000,TJ_GCV,DE,2014-10,28393.000,,
ESTAT:NRG_CB_GASM(1.0),08/09/26 23:00:00,M,TI_EHG_MAP,G3000,TJ_GCV,DE,2014-11,36382.000,,
ESTAT:NRG_CB_GASM(1.0),08/09/26 23:00:00,M,TI_EHG_MAP,G3000,TJ_GCV,DE,2014-12,0.000,,
ESTAT:NRG_CB_GASM(1.0),08/09/26 23:00:00,M,TI_EHG_MAP,G3000,TJ_GCV,DE,2015-01,48497.000,,
ESTAT:NRG_CB_GASM(1.0),08/09/26 23:00:00,M,TI_EHG_MAP,G3000,TJ_GCV,DE,2015-02,0.000,,
ESTAT:NRG_CB_GASM(1.0),08/09/26 23:00:00,M,TI_EHG_MAP,G3000,TJ_GCV,DE,2015-03,0.000,,
ESTAT:NRG_CB_GASM(1.0),08/09/26 23:00:00,M,TI_EHG_MAP,G3000,TJ_GCV,DE,2015-04,0.000,,
ESTAT:NRG_CB_GASM(1.0),08/09/26 23:00:00,M,TI_EHG_MAP,G3000,TJ_GCV,DE,2015-05,0.000,,
ESTAT:NRG_CB_GASM(1.0),08/09/26 23:00:00,M,TI_EHG_MAP,G3000,TJ_GCV,DE,2015-06,0.000,,
ESTAT:NRG_CB_GASM(1.0),08/09/26 23:00:00,M,TI_EHG_MAP,G3000,TJ_GCV,DE,2015-07,0.000,,
ESTAT:NRG_CB_GASM(1.0),08/09/26 23:00:00,M,TI_EHG_MAP,G3000,TJ_GCV,DE,2015-08,0.000,,
ESTAT:NRG_CB_GASM(1.0),08/09/26 23:00:00,M,TI_EHG_MAP,G3000,TJ_GCV,DE,2015-09,0.000,,
ESTAT:NRG_CB_GASM(1.0),08/09/26 23:00:00,M,TI_EHG_MAP,G3000,TJ_GCV,DE,2015-10,0.000,,
ESTAT:NRG_CB_GASM(1.0),08/09/26 23:00:00,M,TI_EHG_MAP,G3000,TJ_GCV,DE,2015-11,39801.000,,
ESTAT:NRG_CB_GASM(1.0),08/09/26 23:00:00,M,TI_EHG_MAP,G3000,TJ_GCV,DE,2015-12,41253.000,,
ESTAT:NRG_CB_GASM(1.0),08/09/26 23:00:00,M,TI_EHG_MAP,G3000,TJ_GCV,DE,2016-01,58342.000,,
ESTAT:NRG_CB_GASM(1.0),08/09/26 23:00:00,M,TI_EHG_MAP,G3000,TJ_GCV,DE,2016-02,46513.000,,
ESTAT:NRG_CB_GASM(1.0),08/09/26 23:00:00,M,TI_EHG_MAP,G3000,TJ_GCV,DE,2016-03,47444.000,,
ESTAT:NRG_CB_GASM(1.0),08/09/26 23:00:00,M,TI_EHG_MAP,G3000,TJ_GCV,DE,2016-04,31692.000,,
ESTAT:NRG_CB_GASM(1.0),08/09/26 23:00:00,M,TI_EHG_MAP,G3000,TJ_GCV,DE,2016-05,0.000,,
ESTAT:NRG_CB_GASM(1.0),08/09/26 23:00:00,M,TI_EHG_MAP,G3000,TJ_GCV,DE,2016-06,24391.000,,
ESTAT:NRG_CB_GASM(1.0),08/09/26 23:00:00,M,TI_EHG_MAP,G3000,TJ_GCV,DE,2016-07,24575.000,,
ESTAT:NRG_CB_GASM(1.0),08/09/26 23:00:00,M,TI_EHG_MAP,G3000,TJ_GCV,DE,2016-08,0.000,,
ESTAT:NRG_CB_GASM(1.0),08/09/26 23:00:00,M,TI_EHG_MAP,G3000,TJ_GCV,DE,2016-09,0.000,,
ESTAT:NRG_CB_GASM(1.0),08/09/26 23:00:00,M,TI_EHG_MAP,G3000,TJ_GCV,DE,2016-10,0.000,,
ESTAT:NRG_CB_GASM(1.0),08/09/26 23:00:00,M,TI_EHG_MAP,G3000,TJ_GCV,DE,2016-11,0.000,,
ESTAT:NRG_CB_GASM(1.0),08/09/26 23:00:00,M,TI_EHG_MAP,G3000,TJ_GCV,DE,2016-12,0.000,,
ESTAT:NRG_CB_GASM(1.0),08/09/26 23:00:00,M,TI_EHG_MAP,G3000,TJ_GCV,DE,2017-01,78351.000,,
ESTAT:NRG_CB_GASM(1.0),08/09/26 23:00:00,M,TI_EHG_MAP,G3000,TJ_GCV,DE,2017-02,53442.000,,
ESTAT:NRG_CB_GASM(1.0),08/09/26 23:00:00,M,TI_EHG_MAP,G3000,TJ_GCV,DE,2017-03,47291.000,,
ESTAT:NRG_CB_GASM(1.0),08/09/26 23:00:00,M,TI_EHG_MAP,G3000,TJ_GCV,DE,2017-04,38285.000,,
ESTAT:NRG_CB_GASM(1.0),08/09/26 23:00:00,M,TI_EHG_MAP,G3000,TJ_GCV,DE,2017-05,35432.000,,
ESTAT:NRG_CB_GASM(1.0),08/09/26 23:00:00,M,TI_EHG_MAP,G3000,TJ_GCV,DE,2017-06,28178.000,,
ESTAT:NRG_CB_GASM(1.0),08/09/26 23:00:00,M,TI_EHG_MAP,G3000,TJ_GCV,DE,2017-07,31318.000,,
ESTAT:NRG_CB_GASM(1.0),08/09/26 23:00:00,M,TI_EHG_MAP,G3000,TJ_GCV,DE,2017-08,26593.000,,
ESTAT:NRG_CB_GASM(1.0),08/09/26 23:00:00,M,TI_EHG_MAP,G3000,TJ_GCV,DE,2017-09,34328.000,,
ESTAT:NRG_CB_GASM(1.0),08/09/26 23:00:00,M,TI_EHG_MAP,G3000,TJ_GCV,DE,2017-10,38087.000,,
ESTAT:NRG_CB_GASM(1.0),08/09/26 23:00:00,M,TI_EHG_MAP,G3000,TJ_GCV,DE,2017-11,57195.000,,
ESTAT:NRG_CB_GASM(1.0),08/09/26 23:00:00,M,TI_EHG_MAP,G3000,TJ_GCV,DE,2017-12,56250.000,,
ESTAT:NRG_CB_GASM(1.0),08/09/26 23:00:00,M,TI_EHG_MAP,G3000,TJ_GCV,DE,2018-01,54321.000,,
ESTAT:NRG_CB_GASM(1.0),08/09/26 23:00:00,M,TI_EHG_MAP,G3000,TJ_GCV,DE,2018-02,63898.000,,
ESTAT:NRG_CB_GASM(1.0),08/09/26 23:00:00,M,TI_EHG_MAP,G3000,TJ_GCV,DE,2018-03,54708.000,,
ESTAT:NRG_CB_GASM(1.0),08/09/26 23:00:00,M,TI_EHG_MAP,G3000,TJ_GCV,DE,2018-04,27598.000,,
ESTAT:NRG_CB_GASM(1.0),08/09/26 23:00:00,M,TI_EHG_MAP,G3000,TJ_GCV,DE,2018-05,21372.000,,
ESTAT:NRG_CB_GASM(1.0),08/09/26 23:00:00,M,TI_EHG_MAP,G3000,TJ_GCV,DE,2018-06,0.000,,
ESTAT:NRG_CB_GASM(1.0),08/09/26 23:00:00,M,TI_EHG_MAP,G3000,TJ_GCV,DE,2018-07,30699.000,,
ESTAT:NRG_CB_GASM(1.0),08/09/26 23:00:00,M,TI_EHG_MAP,G3000,TJ_GCV,DE,2018-08,34456.000,,
ESTAT:NRG_CB_GASM(1.0),08/09/26 23:00:00,M,TI_EHG_MAP,G3000,TJ_GCV,DE,2018-09,27473.000,,
ESTAT:NRG_CB_GASM(1.0),08/09/26 23:00:00,M,TI_EHG_MAP,G3000,TJ_GCV,DE,2018-10,39127.000,,
ESTAT:NRG_CB_GASM(1.0),08/09/26 23:00:00,M,TI_EHG_MAP,G3000,TJ_GCV,DE,2018-11,55891.000,,
ESTAT:NRG_CB_GASM(1.0),08/09/26 23:00:00,M,TI_EHG_MAP,G3000,TJ_GCV,DE,2018-12,55851.000,,
ESTAT:NRG_CB_GASM(1.0),08/09/26 23:00:00,M,TI_EHG_MAP,G3000,TJ_GCV,DE,2019-01,70401.000,,
ESTAT:NRG_CB_GASM(1.0),08/09/26 23:00:00,M,TI_EHG_MAP,G3000,TJ_GCV,DE,2019-02,52908.000,,
ESTAT:NRG_CB_GASM(1.0),08/09/26 23:00:00,M,TI_EHG_MAP,G3000,TJ_GCV,DE,2019-03,42238.000,,
ESTAT:NRG_CB_GASM(1.0),08/09/26 23:00:00,M,TI_EHG_MAP,G3000,TJ_GCV,DE,2019-04,36593.000,,
ESTAT:NRG_CB_GASM(1.0),08/09/26 23:00:00,M,TI_EHG_MAP,G3000,TJ_GCV,DE,2019-05,35084.000,,
ESTAT:NRG_CB_GASM(1.0),08/09/26 23:00:00,M,TI_EHG_MAP,G3000,TJ_GCV,DE,2019-06,31472.000,,
ESTAT:NRG_CB_GASM(1.0),08/09/26 23:00:00,M,TI_EHG_MAP,G3000,TJ_GCV,DE,2019-07,40461.000,,
ESTAT:NRG_CB_GASM(1.0),08/09/26 23:00:00,M,TI_EHG_MAP,G3000,TJ_GCV,DE,2019-08,38935.000,,
ESTAT:NRG_CB_GASM(1.0),08/09/26 23:00:00,M,TI_EHG_MAP,G3000,TJ_GCV,DE,2019-09,41363.000,,
ESTAT:NRG_CB_GASM(1.0),08/09/26 23:00:00,M,TI_EHG_MAP,G3000,TJ_GCV,DE,2019-10,53911.000,,
ESTAT:NRG_CB_GASM(1.0),08/09/26 23:00:00,M,TI_EHG_MAP,G3000,TJ_GCV,DE,2019-11,58282.000,,
ESTAT:NRG_CB_GASM(1.0),08/09/26 23:00:00,M,TI_EHG_MAP,G3000,TJ_GCV,DE,2019-12,52867.000,,
ESTAT:NRG_CB_GASM(1.0),08/09/26 23:00:00,M,TI_EHG_MAP,G3000,TJ_GCV,DE,2020-01,62209.000,,
ESTAT:NRG_CB_GASM(1.0),08/09/26 23:00:00,M,TI_EHG_MAP,G3000,TJ_GCV,DE,2020-02,49155.000,,
ESTAT:NRG_CB_GASM(1.0),08/09/26 23:00:00,M,TI_EHG_MAP,G3000,TJ_GCV,DE,2020-03,49188.000,,
ESTAT:NRG_CB_GASM(1.0),08/09/26 23:00:00,M,TI_EHG_MAP,G3000,TJ_GCV,DE,2020-04,35252.000,,
ESTAT:NRG_CB_GASM(1.0),08/09/26 23:00:00,M,TI_EHG_MAP,G3000,TJ_GCV,DE,2020-05,35518.000,,
ESTAT:NRG_CB_GASM(1.0),08/09/26 23:00:00,M,TI_EHG_MAP,G3000,TJ_GCV,DE,2020-06,43587.000,,
ESTAT:NRG_CB_GASM(1.0),08/09/26 23:00:00,M,TI_EHG_MAP,G3000,TJ_GCV,DE,2020-07,47935.000,,
ESTAT:NRG_CB_GASM(1.0),08/09/26 23:00:00,M,TI_EHG_MAP,G3000,TJ_GCV,DE,2020-08,41807.000,,
ESTAT:NRG_CB_GASM(1.0),08/09/26 23:00:00,M,TI_EHG_MAP,G3000,TJ_GCV,DE,2020-09,42506.000,,
ESTAT:NRG_CB_GASM(1.0),08/09/26 23:00:00,M,TI_EHG_MAP,G3000,TJ_GCV,DE,2020-10,48488.000,,
ESTAT:NRG_CB_GASM(1.0),08/09/26 23:00:00,M,TI_EHG_MAP,G3000,TJ_GCV,DE,2020-11,60117.000,,
ESTAT:NRG_CB_GASM(1.0),08/09/26 23:00:00,M,TI_EHG_MAP,G3000,TJ_GCV,DE,2020-12,68561.682,,
ESTAT:NRG_CB_GASM(1.0),08/09/26 23:00:00,M,TI_EHG_MAP,G3000,TJ_GCV,DE,2021-01,72856.684,,
ESTAT:NRG_CB_GASM(1.0),08/09/26 23:00:00,M,TI_EHG_MAP,G3000,TJ_GCV,DE,2021-02,65004.333,,
ESTAT:NRG_CB_GASM(1.0),08/09/26 23:00:00,M,TI_EHG_MAP,G3000,TJ_GCV,DE,2021-03,62987.000,,
ESTAT:NRG_CB_GASM(1.0),08/09/26 23:00:00,M,TI_EHG_MAP,G3000,TJ_GCV,DE,2021-04,52221.331,,
ESTAT:NRG_CB_GASM(1.0),08/09/26 23:00:00,M,TI_EHG_MAP,G3000,TJ_GCV,DE,2021-05,33753.000,,
ESTAT:NRG_CB_GASM(1.0),08/09/26 23:00:00,M,TI_EHG_MAP,G3000,TJ_GCV,DE,2021-06,30607.000,,
ESTAT:NRG_CB_GASM(1.0),08/09/26 23:00:00,M,TI_EHG_MAP,G3000,TJ_GCV,DE,2021-07,29009.000,,
ESTAT:NRG_CB_GASM(1.0),08/09/26 23:00:00,M,TI_EHG_MAP,G3000,TJ_GCV,DE,2021-08,21109.000,,
ESTAT:NRG_CB_GASM(1.0),08/09/26 23:00:00,M,TI_EHG_MAP,G3000,TJ_GCV,DE,2021-09,30215.000,,
ESTAT:NRG_CB_GASM(1.0),08/09/26 23:00:00,M,TI_EHG_MAP,G3000,TJ_GCV,DE,2021-10,33715.000,,
ESTAT:NRG_CB_GASM(1.0),08/09/26 23:00:00,M,TI_EHG_MAP,G3000,TJ_GCV,DE,2021-11,57911.000,,
ESTAT:NRG_CB_GASM(1.0),08/09/26 23:00:00,M,TI_EHG_MAP,G3000,TJ_GCV,DE,2021-12,64289.000,,
ESTAT:NRG_CB_GASM(1.0),08/09/26 23:00:00,M,TI_EHG_MAP,G3000,TJ_GCV,DE,2022-01,65429.000,,
ESTAT:NRG_CB_GASM(1.0),08/09/26 23:00:00,M,TI_EHG_MAP,G3000,TJ_GCV,DE,2022-02,45615.000,,
ESTAT:NRG_CB_GASM(1.0),08/09/26 23:00:00,M,TI_EHG_MAP,G3000,TJ_GCV,DE,2022-03,54144.981,,
ESTAT:NRG_CB_GASM(1.0),08/09/26 23:00:00,M,TI_EHG_MAP,G3000,TJ_GCV,DE,2022-04,52221.331,,
ESTAT:NRG_CB_GASM(1.0),08/09/26 23:00:00,M,TI_EHG_MAP,G3000,TJ_GCV,DE,2022-05,29901.000,,
ESTAT:NRG_CB_GASM(1.0),08/09/26 23:00:00,M,TI_EHG_MAP,G3000,TJ_GCV,DE,2022-06,25496.000,,
ESTAT:NRG_CB_GASM(1.0),08/09/26 23:00:00,M,TI_EHG_MAP,G3000,TJ_GCV,DE,2022-07,23211.000,,
ESTAT:NRG_CB_GASM(1.0),08/09/26 23:00:00,M,TI_EHG_MAP,G3000,TJ_GCV,DE,2022-08,25242.000,,
ESTAT:NRG_CB_GASM(1.0),08/09/26 23:00:00,M,TI_EHG_MAP,G3000,TJ_GCV,DE,2022-09,24280.921,,
ESTAT:NRG_CB_GASM(1.0),08/09/26 23:00:00,M,TI_EHG_MAP,G3000,TJ_GCV,DE,2022-10,33336.000,,
ESTAT:NRG_CB_GASM(1.0),08/09/26 23:00:00,M,TI_EHG_MAP,G3000,TJ_GCV,DE,2022-11,41141.286,,
ESTAT:NRG_CB_GASM(1.0),08/09/26 23:00:00,M,TI_EHG_MAP,G3000,TJ_GCV,DE,2022-12,59498.000,,
ESTAT:NRG_CB_GASM(1.0),08/09/26 23:00:00,M,TI_EHG_MAP,G3000,TJ_GCV,DE,2023-01,53569.004,,
ESTAT:NRG_CB_GASM(1.0),08/09/26 23:00:00,M,TI_EHG_MAP,G3000,TJ_GCV,DE,2023-02,54442.000,,
ESTAT:NRG_CB_GASM(1.0),08/09/26 23:00:00,M,TI_EHG_MAP,G3000,TJ_GCV,DE,2023-03,48147.482,,
ESTAT:NRG_CB_GASM(1.0),08/09/26 23:00:00,M,TI_EHG_MAP,G3000,TJ_GCV,DE,2023-04,37535.000,,
ESTAT:NRG_CB_GASM(1.0),08/09/26 23:00:00,M,TI_EHG_MAP,G3000,TJ_GCV,DE,2023-05,29067.000,,
ESTAT:NRG_CB_GASM(1.0),08/09/26 23:00:00,M,TI_EHG_MAP,G3000,TJ_GCV,DE,2023-06,26723.000,,
ESTAT:NRG_CB_GASM(1.0),08/09/26 23:00:00,M,TI_EHG_MAP,G3000,TJ_GCV,DE,2023-07,25569.601,,
ESTAT:NRG_CB_GASM(1.0),08/09/26 23:00:00,M,TI_EHG_MAP,G3000,TJ_GCV,DE,2023-08,28052.000,,
ESTAT:NRG_CB_GASM(1.0),08/09/26 23:00:00,M,TI_EHG_MAP,G3000,TJ_GCV,DE,2023-09,26158.002,,
ESTAT:NRG_CB_GASM(1.0),08/09/26 23:00:00,M,TI_EHG_MAP,G3000,TJ_GCV,DE,2023-10,34641.285,,
ESTAT:NRG_CB_GASM(1.0),08/09/26 23:00:00,M,TI_EHG_MAP,G3000,TJ_GCV,DE,2023-11,48376.000,,
ESTAT:NRG_CB_GASM(1.0),08/09/26 23:00:00,M,TI_EHG_MAP,G3000,TJ_GCV,DE,2023-12,53697.000,,
ESTAT:NRG_CB_GASM(1.0),08/09/26 23:00:00,M,TI_EHG_MAP,G3000,TJ_GCV,DE,2024-01,66173.000,,
ESTAT:NRG_CB_GASM(1.0),08/09/26 23:00:00,M,TI_EHG_MAP,G3000,TJ_GCV,DE,2024-02,47576.000,,
ESTAT:NRG_CB_GASM(1.0),08/09/26 23:00:00,M,TI_EHG_MAP,G3000,TJ_GCV,DE,2024-03,48246.745,,
ESTAT:NRG_CB_GASM(1.0),08/09/26 23:00:00,M,TI_EHG_MAP,G3000,TJ_GCV,DE,2024-04,37557.000,,
ESTAT:NRG_CB_GASM(1.0),08/09/26 23:00:00,M,TI_EHG_MAP,G3000,TJ_GCV,DE,2024-05,29724.000,,
ESTAT:NRG_CB_GASM(1.0),08/09/26 23:00:00,M,TI_EHG_MAP,G3000,TJ_GCV,DE,2024-06,24779.147,,
ESTAT:NRG_CB_GASM(1.0),08/09/26 23:00:00,M,TI_EHG_MAP,G3000,TJ_GCV,DE,2024-07,22750.867,,
ESTAT:NRG_CB_GASM(1.0),08/09/26 23:00:00,M,TI_EHG_MAP,G3000,TJ_GCV,DE,2024-08,23932.355,,
ESTAT:NRG_CB_GASM(1.0),08/09/26 23:00:00,M,TI_EHG_MAP,G3000,TJ_GCV,DE,2024-09,26783.000,,
ESTAT:NRG_CB_GASM(1.0),08/09/26 23:00:00,M,TI_EHG_MAP,G3000,TJ_GCV,DE,2024-10,37672.000,,
ESTAT:NRG_CB_GASM(1.0),08/09/26 23:00:00,M,TI_EHG_MAP,G3000,TJ_GCV,DE,2024-11,63873.000,,
ESTAT:NRG_CB_GASM(1.0),08/09/26 23:00:00,M,TI_EHG_MAP,G3000,TJ_GCV,DE,2024-12,67769.064,,
ESTAT:NRG_CB_GASM(1.0),08/09/26 23:00:00,M,TI_EHG_MAP,G3000,TJ_GCV,DE,2025-01,76425.000,,
ESTAT:NRG_CB_GASM(1.0),08/09/26 23:00:00,M,TI_EHG_MAP,G3000,TJ_GCV,DE,2025-02,72250.438,,
ESTAT:NRG_CB_GASM(1.0),08/09/26 23:00:00,M,TI_EHG_MAP,G3000,TJ_GCV,DE,2025-03,55335.000,,
ESTAT:NRG_CB_GASM(1.0),08/09/26 23:00:00,M,TI_EHG_MAP,G3000,TJ_GCV,DE,2025-04,34683.915,,
ESTAT:NRG_CB_GASM(1.0),08/09/26 23:00:00,M,TI_EHG_MAP,G3000,TJ_GCV,DE,2025-05,27468.653,,
ESTAT:NRG_CB_GASM(1.0),08/09/26 23:00:00,M,TI_EHG_MAP,G3000,TJ_GCV,DE,2025-06,20339.223,,
ESTAT:NRG_CB_GASM(1.0),08/09/26 23:00:00,M,TI_EHG_MAP,G3000,TJ_GCV,DE,2025-07,24563.656,,
ESTAT:NRG_CB_GASM(1.0),08/09/26 23:00:00,M,TI_EHG_MAP,G3000,TJ_GCV,DE,2025-08,24521.000,,
ESTAT:NRG_CB_GASM(1.0),08/09/26 23:00:00,M,TI_EHG_MAP,G3000,TJ_GCV,DE,2025-09,30565.000,,
ESTAT:NRG_CB_GASM(1.0),08/09/26 23:00:00,M,TI_EHG_MAP,G3000,TJ_GCV,DE,2025-10,46792.945,,
ESTAT:NRG_CB_GASM(1.0),08/09/26 23:00:00,M,TI_EHG_MAP,G3000,TJ_GCV,DE,2025-11,67348.000,,
ESTAT:NRG_CB_GASM(1.0),08/09/26 23:00:00,M,TI_EHG_MAP,G3000,TJ_GCV,DE,2025-12,72478.355,,
ESTAT:NRG_CB_GASM(1.0),08/09/26 23:00:00,M,TI_EHG_MAP,G3000,TJ_GCV,DE,2026-01,94434.000,,
ESTAT:NRG_CB_GASM(1.0),08/09/26 23:00:00,M,TI_EHG_MAP,G3000,TJ_GCV,DE,2026-02,76776.535,,
ESTAT:NRG_CB_GASM(1.0),08/09/26 23:00:00,M,TI_EHG_MAP,G3000,TJ_GCV,DE,2026-03,48632.556,,
ESTAT:NRG_CB_GASM(1.0),08/09/26 23:00:00,M,TI_EHG_MAP,G3000,TJ_GCV,DE,2026-04,37919.888,,
ESTAT:NRG_CB_GASM(1.0),08/09/26 23:00:00,M,TI_EHG_MAP,G3000,TJ_GCV,DE,2026-05,31160.618,,
ESTAT:NRG_CB_GASM(1.0),08/09/26 23:00:00,M,TI_EHG_MAP,G3000,TJ_GCV,DE,2026-06,27192.355,,
ESTAT:NRG_CB_GASM(1.0),08/09/26 23:00:00,M,TOS,G3000,MIO_M3,DE,2021-01,0.000,,
ESTAT:NRG_CB_GASM(1.0),08/09/26 23:00:00,M,TOS,G3000,MIO_M3,DE,2021-02,0.000,,
ESTAT:NRG_CB_GASM(1.0),08/09/26 23:00:00,M,TOS,G3000,MIO_M3,DE,2021-03,0.000,,
ESTAT:NRG_CB_GASM(1.0),08/09/26 23:00:00,M,TOS,G3000,MIO_M3,DE,2021-04,0.000,,
ESTAT:NRG_CB_GASM(1.0),08/09/26 23:00:00,M,TOS,G3000,MIO_M3,DE,2021-05,0.000,,
ESTAT:NRG_CB_GASM(1.0),08/09/26 23:00:00,M,TOS,G3000,MIO_M3,DE,2021-06,0.000,,
ESTAT:NRG_CB_GASM(1.0),08/09/26 23:00:00,M,TOS,G3000,MIO_M3,DE,2021-07,0.000,,
ESTAT:NRG_CB_GASM(1.0),08/09/26 23:00:00,M,TOS,G3000,MIO_M3,DE,2021-08,0.000,,
ESTAT:NRG_CB_GASM(1.0),08/09/26 23:00:00,M,TOS,G3000,MIO_M3,DE,2021-09,0.000,,
ESTAT:NRG_CB_GASM(1.0),08/09/26 23:00:00,M,TOS,G3000,MIO_M3,DE,2021-10,0.000,,
ESTAT:NRG_CB_GASM(1.0),08/09/26 23:00:00,M,TOS,G3000,MIO_M3,DE,2021-11,0.000,,
ESTAT:NRG_CB_GASM(1.0),08/09/26 23:00:00,M,TOS,G3000,MIO_M3,DE,2021-12,0.000,,
ESTAT:NRG_CB_GASM(1.0),08/09/26 23:00:00,M,TOS,G3000,MIO_M3,DE,2022-01,0.000,,
ESTAT:NRG_CB_GASM(1.0),08/09/26 23:00:00,M,TOS,G3000,MIO_M3,DE,2022-02,0.000,,
ESTAT:NRG_CB_GASM(1.0),08/09/26 23:00:00,M,TOS,G3000,MIO_M3,DE,2022-03,0.000,,
ESTAT:NRG_CB_GASM(1.0),08/09/26 23:00:00,M,TOS,G3000,MIO_M3,DE,2022-04,0.000,,
ESTAT:NRG_CB_GASM(1.0),08/09/26 23:00:00,M,TOS,G3000,MIO_M3,DE,2022-05,0.000,,
ESTAT:NRG_CB_GASM(1.0),08/09/26 23:00:00,M,TOS,G3000,MIO_M3,DE,2022-06,0.000,,
ESTAT:NRG_CB_GASM(1.0),08/09/26 23:00:00,M,TOS,G3000,MIO_M3,DE,2022-07,0.000,,
ESTAT:NRG_CB_GASM(1.0),08/09/26 23:00:00,M,TOS,G3000,MIO_M3,DE,2022-08,0.000,,
ESTAT:NRG_CB_GASM(1.0),08/09/26 23:00:00,M,TOS,G3000,MIO_M3,DE,2022-09,0.000,,
ESTAT:NRG_CB_GASM(1.0),08/09/26 23:00:00,M,TOS,G3000,MIO_M3,DE,2022-10,0.000,,
ESTAT:NRG_CB_GASM(1.0),08/09/26 23:00:00,M,TOS,G3000,MIO_M3,DE,2022-11,0.000,,
ESTAT:NRG_CB_GASM(1.0),08/09/26 23:00:00,M,TOS,G3000,MIO_M3,DE,2022-12,0.000,,
ESTAT:NRG_CB_GASM(1.0),08/09/26 23:00:00,M,TOS,G3000,MIO_M3,DE,2023-01,0.000,,
ESTAT:NRG_CB_GASM(1.0),08/09/26 23:00:00,M,TOS,G3000,MIO_M3,DE,2023-02,0.000,,
ESTAT:NRG_CB_GASM(1.0),08/09/26 23:00:00,M,TOS,G3000,MIO_M3,DE,2023-03,0.000,,
ESTAT:NRG_CB_GASM(1.0),08/09/26 23:00:00,M,TOS,G3000,MIO_M3,DE,2023-04,0.000,,
ESTAT:NRG_CB_GASM(1.0),08/09/26 23:00:00,M,TOS,G3000,MIO_M3,DE,2023-05,0.000,,
ESTAT:NRG_CB_GASM(1.0),08/09/26 23:00:00,M,TOS,G3000,MIO_M3,DE,2023-06,0.000,,
ESTAT:NRG_CB_GASM(1.0),08/09/26 23:00:00,M,TOS,G3000,MIO_M3,DE,2023-07,0.000,,
ESTAT:NRG_CB_GASM(1.0),08/09/26 23:00:00,M,TOS,G3000,MIO_M3,DE,2023-08,0.000,,
ESTAT:NRG_CB_GASM(1.0),08/09/26 23:00:00,M,TOS,G3000,MIO_M3,DE,2023-09,0.000,,
ESTAT:NRG_CB_GASM(1.0),08/09/26 23:00:00,M,TOS,G3000,MIO_M3,DE,2023-10,0.000,,
ESTAT:NRG_CB_GASM(1.0),08/09/26 23:00:00,M,TOS,G3000,MIO_M3,DE,2023-11,0.000,,
ESTAT:NRG_CB_GASM(1.0),08/09/26 23:00:00,M,TOS,G3000,MIO_M3,DE,2023-12,0.000,,
ESTAT:NRG_CB_GASM(1.0),08/09/26 23:00:00,M,TOS,G3000,MIO_M3,DE,2024-01,0.000,,
ESTAT:NRG_CB_GASM(1.0),08/09/26 23:00:00,M,TOS,G3000,MIO_M3,DE,2024-02,0.000,,
ESTAT:NRG_CB_GASM(1.0),08/09/26 23:00:00,M,TOS,G3000,MIO_M3,DE,2024-04,0.000,,
ESTAT:NRG_CB_GASM(1.0),08/09/26 23:00:00,M,TOS,G3000,MIO_M3,DE,2024-05,0.000,,
ESTAT:NRG_CB_GASM(1.0),08/09/26 23:00:00,M,TOS,G3000,MIO_M3,DE,2024-06,0.000,,
ESTAT:NRG_CB_GASM(1.0),08/09/26 23:00:00,M,TOS,G3000,MIO_M3,DE,2024-07,0.000,,
ESTAT:NRG_CB_GASM(1.0),08/09/26 23:00:00,M,TOS,G3000,MIO_M3,DE,2024-08,0.000,,
ESTAT:NRG_CB_GASM(1.0),08/09/26 23:00:00,M,TOS,G3000,MIO_M3,DE,2024-09,0.000,,
ESTAT:NRG_CB_GASM(1.0),08/09/26 23:00:00,M,TOS,G3000,MIO_M3,DE,2024-10,0.000,,
ESTAT:NRG_CB_GASM(1.0),08/09/26 23:00:00,M,TOS,G3000,MIO_M3,DE,2024-11,0.000,,
ESTAT:NRG_CB_GASM(1.0),08/09/26 23:00:00,M,TOS,G3000,MIO_M3,DE,2024-12,0.000,,
ESTAT:NRG_CB_GASM(1.0),08/09/26 23:00:00,M,TOS,G3000,MIO_M3,DE,2025-01,0.000,,
ESTAT:NRG_CB_GASM(1.0),08/09/26 23:00:00,M,TOS,G3000,MIO_M3,DE,2025-02,0.000,,
ESTAT:NRG_CB_GASM(1.0),08/09/26 23:00:00,M,TOS,G3000,MIO_M3,DE,2025-03,0.000,,
ESTAT:NRG_CB_GASM(1.0),08/09/26 23:00:00,M,TOS,G3000,MIO_M3,DE,2025-04,0.000,,
ESTAT:NRG_CB_GASM(1.0),08/09/26 23:00:00,M,TOS,G3000,MIO_M3,DE,2025-05,0.000,,
ESTAT:NRG_CB_GASM(1.0),08/09/26 23:00:00,M,TOS,G3000,MIO_M3,DE,2025-06,0.000,,
ESTAT:NRG_CB_GASM(1.0),08/09/26 23:00:00,M,TOS,G3000,MIO_M3,DE,2025-07,0.000,,
ESTAT:NRG_CB_GASM(1.0),08/09/26 23:00:00,M,TOS,G3000,MIO_M3,DE,2025-08,0.000,,
ESTAT:NRG_CB_GASM(1.0),08/09/26 23:00:00,M,TOS,G3000,MIO_M3,DE,2025-09,0.000,,
ESTAT:NRG_CB_GASM(1.0),08/09/26 23:00:00,M,TOS,G3000,MIO_M3,DE,2025-10,0.000,,
ESTAT:NRG_CB_GASM(1.0),08/09/26 23:00:00,M,TOS,G3000,MIO_M3,DE,2025-11,0.000,,
ESTAT:NRG_CB_GASM(1.0),08/09/26 23:00:00,M,TOS,G3000,MIO_M3,DE,2025-12,0.000,,
ESTAT:NRG_CB_GASM(1.0),08/09/26 23:00:00,M,TOS,G3000,MIO_M3,DE,2026-01,0.000,,
ESTAT:NRG_CB_GASM(1.0),08/09/26 23:00:00,M,TOS,G3000,MIO_M3,DE,2026-02,0.000,,
ESTAT:NRG_CB_GASM(1.0),08/09/26 23:00:00,M,TOS,G3000,MIO_M3,DE,2026-03,0.000,,
ESTAT:NRG_CB_GASM(1.0),08/09/26 23:00:00,M,TOS,G3000,MIO_M3,DE,2026-04,0.000,,
ESTAT:NRG_CB_GASM(1.0),08/09/26 23:00:00,M,TOS,G3000,MIO_M3,DE,2026-05,0.000,,
ESTAT:NRG_CB_GASM(1.0),08/09/26 23:00:00,M,TOS,G3000,MIO_M3,DE,2026-06,0.000,,
ESTAT:NRG_CB_GASM(1.0),08/09/26 23:00:00,M,TOS,G3000,TJ_GCV,DE,2021-01,0.000,,
ESTAT:NRG_CB_GASM(1.0),08/09/26 23:00:00,M,TOS,G3000,TJ_GCV,DE,2021-02,0.000,,
ESTAT:NRG_CB_GASM(1.0),08/09/26 23:00:00,M,TOS,G3000,TJ_GCV,DE,2021-03,0.000,,
ESTAT:NRG_CB_GASM(1.0),08/09/26 23:00:00,M,TOS,G3000,TJ_GCV,DE,2021-04,0.000,,
ESTAT:NRG_CB_GASM(1.0),08/09/26 23:00:00,M,TOS,G3000,TJ_GCV,DE,2021-05,0.000,,
ESTAT:NRG_CB_GASM(1.0),08/09/26 23:00:00,M,TOS,G3000,TJ_GCV,DE,2021-06,0.000,,
ESTAT:NRG_CB_GASM(1.0),08/09/26 23:00:00,M,TOS,G3000,TJ_GCV,DE,2021-07,0.000,,
ESTAT:NRG_CB_GASM(1.0),08/09/26 23:00:00,M,TOS,G3000,TJ_GCV,DE,2021-08,0.000,,
ESTAT:NRG_CB_GASM(1.0),08/09/26 23:00:00,M,TOS,G3000,TJ_GCV,DE,2021-09,0.000,,
ESTAT:NRG_CB_GASM(1.0),08/09/26 23:00:00,M,TOS,G3000,TJ_GCV,DE,2021-10,0.000,,
ESTAT:NRG_CB_GASM(1.0),08/09/26 23:00:00,M,TOS,G3000,TJ_GCV,DE,2021-11,0.000,,
ESTAT:NRG_CB_GASM(1.0),08/09/26 23:00:00,M,TOS,G3000,TJ_GCV,DE,2021-12,0.000,,
ESTAT:NRG_CB_GASM(1.0),08/09/26 23:00:00,M,TOS,G3000,TJ_GCV,DE,2022-01,0.000,,
ESTAT:NRG_CB_GASM(1.0),08/09/26 23:00:00,M,TOS,G3000,TJ_GCV,DE,2022-02,0.000,,
ESTAT:NRG_CB_GASM(1.0),08/09/26 23:00:00,M,TOS,G3000,TJ_GCV,DE,2022-03,0.000,,
ESTAT:NRG_CB_GASM(1.0),08/09/26 23:00:00,M,TOS,G3000,TJ_GCV,DE,2022-04,0.000,,
ESTAT:NRG_CB_GASM(1.0),08/09/26 23:00:00,M,TOS,G3000,TJ_GCV,DE,2022-05,0.000,,
ESTAT:NRG_CB_GASM(1.0),08/09/26 23:00:00,M,TOS,G3000,TJ_GCV,DE,2022-06,0.000,,
ESTAT:NRG_CB_GASM(1.0),08/09/26 23:00:00,M,TOS,G3000,TJ_GCV,DE,2022-07,0.000,,
ESTAT:NRG_CB_GASM(1.0),08/09/26 23:00:00,M,TOS,G3000,TJ_GCV,DE,2022-08,0.000,,
ESTAT:NRG_CB_GASM(1.0),08/09/26 23:00:00,M,TOS,G3000,TJ_GCV,DE,2022-09,0.000,,
ESTAT:NRG_CB_GASM(1.0),08/09/26 23:00:00,M,TOS,G3000,TJ_GCV,DE,2022-10,0.000,,
ESTAT:NRG_CB_GASM(1.0),08/09/26 23:00:00,M,TOS,G3000,TJ_GCV,DE,2022-11,0.000,,
ESTAT:NRG_CB_GASM(1.0),08/09/26 23:00:00,M,TOS,G3000,TJ_GCV,DE,2022-12,0.000,,
ESTAT:NRG_CB_GASM(1.0),08/09/26 23:00:00,M,TOS,G3000,TJ_GCV,DE,2023-01,0.000,,
ESTAT:NRG_CB_GASM(1.0),08/09/26 23:00:00,M,TOS,G3000,TJ_GCV,DE,2023-02,0.000,,
ESTAT:NRG_CB_GASM(1.0),08/09/26 23:00:00,M,TOS,G3000,TJ_GCV,DE,2023-03,0.000,,
ESTAT:NRG_CB_GASM(1.0),08/09/26 23:00:00,M,TOS,G3000,TJ_GCV,DE,2023-04,0.000,,
ESTAT:NRG_CB_GASM(1.0),08/09/26 23:00:00,M,TOS,G3000,TJ_GCV,DE,2023-05,0.000,,
ESTAT:NRG_CB_GASM(1.0),08/09/26 23:00:00,M,TOS,G3000,TJ_GCV,DE,2023-06,0.000,,
ESTAT:NRG_CB_GASM(1.0),08/09/26 23:00:00,M,TOS,G3000,TJ_GCV,DE,2023-07,0.000,,
ESTAT:NRG_CB_GASM(1.0),08/09/26 23:00:00,M,TOS,G3000,TJ_GCV,DE,2023-08,0.000,,
ESTAT:NRG_CB_GASM(1.0),08/09/26 23:00:00,M,TOS,G3000,TJ_GCV,DE,2023-09,0.000,,
ESTAT:NRG_CB_GASM(1.0),08/09/26 23:00:00,M,TOS,G3000,TJ_GCV,DE,2023-10,0.000,,
ESTAT:NRG_CB_GASM(1.0),08/09/26 23:00:00,M,TOS,G3000,TJ_GCV,DE,2023-11,0.000,,
ESTAT:NRG_CB_GASM(1.0),08/09/26 23:00:00,M,TOS,G3000,TJ_GCV,DE,2023-12,0.000,,
ESTAT:NRG_CB_GASM(1.0),08/09/26 23:00:00,M,TOS,G3000,TJ_GCV,DE,2024-01,0.000,,
ESTAT:NRG_CB_GASM(1.0),08/09/26 23:00:00,M,TOS,G3000,TJ_GCV,DE,2024-02,0.000,,
ESTAT:NRG_CB_GASM(1.0),08/09/26 23:00:00,M,TOS,G3000,TJ_GCV,DE,2024-04,0.000,,
ESTAT:NRG_CB_GASM(1.0),08/09/26 23:00:00,M,TOS,G3000,TJ_GCV,DE,2024-05,0.000,,
ESTAT:NRG_CB_GASM(1.0),08/09/26 23:00:00,M,TOS,G3000,TJ_GCV,DE,2024-06,0.000,,
ESTAT:NRG_CB_GASM(1.0),08/09/26 23:00:00,M,TOS,G3000,TJ_GCV,DE,2024-07,0.000,,
ESTAT:NRG_CB_GASM(1.0),08/09/26 23:00:00,M,TOS,G3000,TJ_GCV,DE,2024-08,0.000,,
ESTAT:NRG_CB_GASM(1.0),08/09/26 23:00:00,M,TOS,G3000,TJ_GCV,DE,2024-09,0.000,,
ESTAT:NRG_CB_GASM(1.0),08/09/26 23:00:00,M,TOS,G3000,TJ_GCV,DE,2024-10,0.000,,
ESTAT:NRG_CB_GASM(1.0),08/09/26 23:00:00,M,TOS,G3000,TJ_GCV,DE,2024-11,0.000,,
ESTAT:NRG_CB_GASM(1.0),08/09/26 23:00:00,M,TOS,G3000,TJ_GCV,DE,2024-12,0.000,,
ESTAT:NRG_CB_GASM(1.0),08/09/26 23:00:00,M,TOS,G3000,TJ_GCV,DE,2025-01,0.000,,
ESTAT:NRG_CB_GASM(1.0),08/09/26 23:00:00,M,TOS,G3000,TJ_GCV,DE,2025-02,0.000,,
ESTAT:NRG_CB_GASM(1.0),08/09/26 23:00:00,M,TOS,G3000,TJ_GCV,DE,2025-03,0.000,,
ESTAT:NRG_CB_GASM(1.0),08/09/26 23:00:00,M,TOS,G3000,TJ_GCV,DE,2025-04,0.000,,
ESTAT:NRG_CB_GASM(1.0),08/09/26 23:00:00,M,TOS,G3000,TJ_GCV,DE,2025-05,0.000,,
ESTAT:NRG_CB_GASM(1.0),08/09/26 23:00:00,M,TOS,G3000,TJ_GCV,DE,2025-06,0.000,,
ESTAT:NRG_CB_GASM(1.0),08/09/26 23:00:00,M,TOS,G3000,TJ_GCV,DE,2025-07,0.000,,
ESTAT:NRG_CB_GASM(1.0),08/09/26 23:00:00,M,TOS,G3000,TJ_GCV,DE,2025-08,0.000,,
ESTAT:NRG_CB_GASM(1.0),08/09/26 23:00:00,M,TOS,G3000,TJ_GCV,DE,2025-09,0.000,,
ESTAT:NRG_CB_GASM(1.0),08/09/26 23:00:00,M,TOS,G3000,TJ_GCV,DE,2025-10,0.000,,
ESTAT:NRG_CB_GASM(1.0),08/09/26 23:00:00,M,TOS,G3000,TJ_GCV,DE,2025-11,0.000,,
ESTAT:NRG_CB_GASM(1.0),08/09/26 23:00:00,M,TOS,G3000,TJ_GCV,DE,2025-12,0.000,,
ESTAT:NRG_CB_GASM(1.0),08/09/26 23:00:00,M,TOS,G3000,TJ_GCV,DE,2026-01,0.000,,
ESTAT:NRG_CB_GASM(1.0),08/09/26 23:00:00,M,TOS,G3000,TJ_GCV,DE,2026-02,0.000,,
ESTAT:NRG_CB_GASM(1.0),08/09/26 23:00:00,M,TOS,G3000,TJ_GCV,DE,2026-03,0.000,,
ESTAT:NRG_CB_GASM(1.0),08/09/26 23:00:00,M,TOS,G3000,TJ_GCV,DE,2026-04,0.000,,
ESTAT:NRG_CB_GASM(1.0),08/09/26 23:00:00,M,TOS,G3000,TJ_GCV,DE,2026-05,0.000,,
ESTAT:NRG_CB_GASM(1.0),08/09/26 23:00:00,M,TOS,G3000,TJ_GCV,DE,2026-06,0.000,,
ESTAT:NRG_CB_GASM(1.0),08/09/26 23:00:00,M,VENT,G3000,MIO_M3,DE,2021-01,0.000,,
ESTAT:NRG_CB_GASM(1.0),08/09/26 23:00:00,M,VENT,G3000,MIO_M3,DE,2021-02,0.000,,
ESTAT:NRG_CB_GASM(1.0),08/09/26 23:00:00,M,VENT,G3000,MIO_M3,DE,2021-03,0.000,,
ESTAT:NRG_CB_GASM(1.0),08/09/26 23:00:00,M,VENT,G3000,MIO_M3,DE,2021-04,0.000,,
ESTAT:NRG_CB_GASM(1.0),08/09/26 23:00:00,M,VENT,G3000,MIO_M3,DE,2021-05,0.000,,
ESTAT:NRG_CB_GASM(1.0),08/09/26 23:00:00,M,VENT,G3000,MIO_M3,DE,2021-06,0.000,,
ESTAT:NRG_CB_GASM(1.0),08/09/26 23:00:00,M,VENT,G3000,MIO_M3,DE,2021-07,0.000,,
ESTAT:NRG_CB_GASM(1.0),08/09/26 23:00:00,M,VENT,G3000,MIO_M3,DE,2021-08,0.000,,
ESTAT:NRG_CB_GASM(1.0),08/09/26 23:00:00,M,VENT,G3000,MIO_M3,DE,2021-09,0.000,,
ESTAT:NRG_CB_GASM(1.0),08/09/26 23:00:00,M,VENT,G3000,MIO_M3,DE,2021-10,0.000,,
ESTAT:NRG_CB_GASM(1.0),08/09/26 23:00:00,M,VENT,G3000,MIO_M3,DE,2021-11,0.000,,
ESTAT:NRG_CB_GASM(1.0),08/09/26 23:00:00,M,VENT,G3000,MIO_M3,DE,2021-12,0.000,,
ESTAT:NRG_CB_GASM(1.0),08/09/26 23:00:00,M,VENT,G3000,MIO_M3,DE,2022-01,0.000,,
ESTAT:NRG_CB_GASM(1.0),08/09/26 23:00:00,M,VENT,G3000,MIO_M3,DE,2022-02,0.000,,
ESTAT:NRG_CB_GASM(1.0),08/09/26 23:00:00,M,VENT,G3000,MIO_M3,DE,2022-03,0.000,,
ESTAT:NRG_CB_GASM(1.0),08/09/26 23:00:00,M,VENT,G3000,MIO_M3,DE,2022-04,0.000,,
ESTAT:NRG_CB_GASM(1.0),08/09/26 23:00:00,M,VENT,G3000,MIO_M3,DE,2022-05,0.000,,
ESTAT:NRG_CB_GASM(1.0),08/09/26 23:00:00,M,VENT,G3000,MIO_M3,DE,2022-06,0.000,,
ESTAT:NRG_CB_GASM(1.0),08/09/26 23:00:00,M,VENT,G3000,MIO_M3,DE,2022-07,0.000,,
ESTAT:NRG_CB_GASM(1.0),08/09/26 23:00:00,M,VENT,G3000,MIO_M3,DE,2022-08,0.000,,
ESTAT:NRG_CB_GASM(1.0),08/09/26 23:00:00,M,VENT,G3000,MIO_M3,DE,2022-09,0.000,,
ESTAT:NRG_CB_GASM(1.0),08/09/26 23:00:00,M,VENT,G3000,MIO_M3,DE,2022-10,0.000,,
ESTAT:NRG_CB_GASM(1.0),08/09/26 23:00:00,M,VENT,G3000,MIO_M3,DE,2022-11,0.000,,
ESTAT:NRG_CB_GASM(1.0),08/09/26 23:00:00,M,VENT,G3000,MIO_M3,DE,2022-12,0.000,,
ESTAT:NRG_CB_GASM(1.0),08/09/26 23:00:00,M,VENT,G3000,MIO_M3,DE,2023-01,0.000,,
ESTAT:NRG_CB_GASM(1.0),08/09/26 23:00:00,M,VENT,G3000,MIO_M3,DE,2023-02,0.000,,
ESTAT:NRG_CB_GASM(1.0),08/09/26 23:00:00,M,VENT,G3000,MIO_M3,DE,2023-03,0.000,,
ESTAT:NRG_CB_GASM(1.0),08/09/26 23:00:00,M,VENT,G3000,MIO_M3,DE,2023-04,0.000,,
ESTAT:NRG_CB_GASM(1.0),08/09/26 23:00:00,M,VENT,G3000,MIO_M3,DE,2023-05,0.000,,
ESTAT:NRG_CB_GASM(1.0),08/09/26 23:00:00,M,VENT,G3000,MIO_M3,DE,2023-06,0.000,,
ESTAT:NRG_CB_GASM(1.0),08/09/26 23:00:00,M,VENT,G3000,MIO_M3,DE,2023-07,0.000,,
ESTAT:NRG_CB_GASM(1.0),08/09/26 23:00:00,M,VENT,G3000,MIO_M3,DE,2023-08,0.000,,
ESTAT:NRG_CB_GASM(1.0),08/09/26 23:00:00,M,VENT,G3000,MIO_M3,DE,2023-09,0.000,,
ESTAT:NRG_CB_GASM(1.0),08/09/26 23:00:00,M,VENT,G3000,MIO_M3,DE,2023-10,0.000,,
ESTAT:NRG_CB_GASM(1.0),08/09/26 23:00:00,M,VENT,G3000,MIO_M3,DE,2023-11,0.000,,
ESTAT:NRG_CB_GASM(1.0),08/09/26 23:00:00,M,VENT,G3000,MIO_M3,DE,2023-12,0.000,,
ESTAT:NRG_CB_GASM(1.0),08/09/26 23:00:00,M,VENT,G3000,MIO_M3,DE,2024-01,0.000,,
ESTAT:NRG_CB_GASM(1.0),08/09/26 23:00:00,M,VENT,G3000,MIO_M3,DE,2024-02,0.000,,
ESTAT:NRG_CB_GASM(1.0),08/09/26 23:00:00,M,VENT,G3000,MIO_M3,DE,2024-04,0.000,,
ESTAT:NRG_CB_GASM(1.0),08/09/26 23:00:00,M,VENT,G3000,MIO_M3,DE,2024-05,0.000,,
ESTAT:NRG_CB_GASM(1.0),08/09/26 23:00:00,M,VENT,G3000,MIO_M3,DE,2024-06,0.000,,
ESTAT:NRG_CB_GASM(1.0),08/09/26 23:00:00,M,VENT,G3000,MIO_M3,DE,2024-07,0.000,,
ESTAT:NRG_CB_GASM(1.0),08/09/26 23:00:00,M,VENT,G3000,MIO_M3,DE,2024-08,0.000,,
ESTAT:NRG_CB_GASM(1.0),08/09/26 23:00:00,M,VENT,G3000,MIO_M3,DE,2024-09,0.000,,
ESTAT:NRG_CB_GASM(1.0),08/09/26 23:00:00,M,VENT,G3000,MIO_M3,DE,2024-10,0.000,,
ESTAT:NRG_CB_GASM(1.0),08/09/26 23:00:00,M,VENT,G3000,MIO_M3,DE,2024-11,0.000,,
ESTAT:NRG_CB_GASM(1.0),08/09/26 23:00:00,M,VENT,G3000,MIO_M3,DE,2024-12,0.000,,
ESTAT:NRG_CB_GASM(1.0),08/09/26 23:00:00,M,VENT,G3000,MIO_M3,DE,2025-01,0.000,,
ESTAT:NRG_CB_GASM(1.0),08/09/26 23:00:00,M,VENT,G3000,MIO_M3,DE,2025-02,0.000,,
ESTAT:NRG_CB_GASM(1.0),08/09/26 23:00:00,M,VENT,G3000,MIO_M3,DE,2025-03,0.000,,
ESTAT:NRG_CB_GASM(1.0),08/09/26 23:00:00,M,VENT,G3000,MIO_M3,DE,2025-04,0.000,,
ESTAT:NRG_CB_GASM(1.0),08/09/26 23:00:00,M,VENT,G3000,MIO_M3,DE,2025-05,0.000,,
ESTAT:NRG_CB_GASM(1.0),08/09/26 23:00:00,M,VENT,G3000,MIO_M3,DE,2025-06,0.000,,
ESTAT:NRG_CB_GASM(1.0),08/09/26 23:00:00,M,VENT,G3000,MIO_M3,DE,2025-07,0.000,,
ESTAT:NRG_CB_GASM(1.0),08/09/26 23:00:00,M,VENT,G3000,MIO_M3,DE,2025-08,0.000,,
ESTAT:NRG_CB_GASM(1.0),08/09/26 23:00:00,M,VENT,G3000,MIO_M3,DE,2025-09,0.000,,
ESTAT:NRG_CB_GASM(1.0),08/09/26 23:00:00,M,VENT,G3000,MIO_M3,DE,2025-10,0.000,,
ESTAT:NRG_CB_GASM(1.0),08/09/26 23:00:00,M,VENT,G3000,MIO_M3,DE,2025-11,0.000,,
ESTAT:NRG_CB_GASM(1.0),08/09/26 23:00:00,M,VENT,G3000,MIO_M3,DE,2025-12,0.000,,
ESTAT:NRG_CB_GASM(1.0),08/09/26 23:00:00,M,VENT,G3000,MIO_M3,DE,2026-01,0.000,,
ESTAT:NRG_CB_GASM(1.0),08/09/26 23:00:00,M,VENT,G3000,MIO_M3,DE,2026-02,0.000,,
ESTAT:NRG_CB_GASM(1.0),08/09/26 23:00:00,M,VENT,G3000,MIO_M3,DE,2026-03,0.000,,
ESTAT:NRG_CB_GASM(1.0),08/09/26 23:00:00,M,VENT,G3000,MIO_M3,DE,2026-04,0.000,,
ESTAT:NRG_CB_GASM(1.0),08/09/26 23:00:00,M,VENT,G3000,MIO_M3,DE,2026-05,0.000,,
ESTAT:NRG_CB_GASM(1.0),08/09/26 23:00:00,M,VENT,G3000,MIO_M3,DE,2026-06,0.000,,
ESTAT:NRG_CB_GASM(1.0),08/09/26 23:00:00,M,VENT,G3000,TJ_GCV,DE,2021-01,0.000,,
ESTAT:NRG_CB_GASM(1.0),08/09/26 23:00:00,M,VENT,G3000,TJ_GCV,DE,2021-02,0.000,,
ESTAT:NRG_CB_GASM(1.0),08/09/26 23:00:00,M,VENT,G3000,TJ_GCV,DE,2021-03,0.000,,
ESTAT:NRG_CB_GASM(1.0),08/09/26 23:00:00,M,VENT,G3000,TJ_GCV,DE,2021-04,0.000,,
ESTAT:NRG_CB_GASM(1.0),08/09/26 23:00:00,M,VENT,G3000,TJ_GCV,DE,2021-05,0.000,,
ESTAT:NRG_CB_GASM(1.0),08/09/26 23:00:00,M,VENT,G3000,TJ_GCV,DE,2021-06,0.000,,
ESTAT:NRG_CB_GASM(1.0),08/09/26 23:00:00,M,VENT,G3000,TJ_GCV,DE,2021-07,0.000,,
ESTAT:NRG_CB_GASM(1.0),08/09/26 23:00:00,M,VENT,G3000,TJ_GCV,DE,2021-08,0.000,,
ESTAT:NRG_CB_GASM(1.0),08/09/26 23:00:00,M,VENT,G3000,TJ_GCV,DE,2021-09,0.000,,
ESTAT:NRG_CB_GASM(1.0),08/09/26 23:00:00,M,VENT,G3000,TJ_GCV,DE,2021-10,0.000,,
ESTAT:NRG_CB_GASM(1.0),08/09/26 23:00:00,M,VENT,G3000,TJ_GCV,DE,2021-11,0.000,,
ESTAT:NRG_CB_GASM(1.0),08/09/26 23:00:00,M,VENT,G3000,TJ_GCV,DE,2021-12,0.000,,
ESTAT:NRG_CB_GASM(1.0),08/09/26 23:00:00,M,VENT,G3000,TJ_GCV,DE,2022-01,0.000,,
ESTAT:NRG_CB_GASM(1.0),08/09/26 23:00:00,M,VENT,G3000,TJ_GCV,DE,2022-02,0.000,,
ESTAT:NRG_CB_GASM(1.0),08/09/26 23:00:00,M,VENT,G3000,TJ_GCV,DE,2022-03,0.000,,
ESTAT:NRG_CB_GASM(1.0),08/09/26 23:00:00,M,VENT,G3000,TJ_GCV,DE,2022-04,0.000,,
ESTAT:NRG_CB_GASM(1.0),08/09/26 23:00:00,M,VENT,G3000,TJ_GCV,DE,2022-05,0.000,,
ESTAT:NRG_CB_GASM(1.0),08/09/26 23:00:00,M,VENT,G3000,TJ_GCV,DE,2022-06,0.000,,
ESTAT:NRG_CB_GASM(1.0),08/09/26 23:00:00,M,VENT,G3000,TJ_GCV,DE,2022-07,0.000,,
ESTAT:NRG_CB_GASM(1.0),08/09/26 23:00:00,M,VENT,G3000,TJ_GCV,DE,2022-08,0.000,,
ESTAT:NRG_CB_GASM(1.0),08/09/26 23:00:00,M,VENT,G3000,TJ_GCV,DE,2022-09,0.000,,
ESTAT:NRG_CB_GASM(1.0),08/09/26 23:00:00,M,VENT,G3000,TJ_GCV,DE,2022-10,0.000,,
ESTAT:NRG_CB_GASM(1.0),08/09/26 23:00:00,M,VENT,G3000,TJ_GCV,DE,2022-11,0.000,,
ESTAT:NRG_CB_GASM(1.0),08/09/26 23:00:00,M,VENT,G3000,TJ_GCV,DE,2022-12,0.000,,
ESTAT:NRG_CB_GASM(1.0),08/09/26 23:00:00,M,VENT,G3000,TJ_GCV,DE,2023-01,0.000,,
ESTAT:NRG_CB_GASM(1.0),08/09/26 23:00:00,M,VENT,G3000,TJ_GCV,DE,2023-02,0.000,,
ESTAT:NRG_CB_GASM(1.0),08/09/26 23:00:00,M,VENT,G3000,TJ_GCV,DE,2023-03,0.000,,
ESTAT:NRG_CB_GASM(1.0),08/09/26 23:00:00,M,VENT,G3000,TJ_GCV,DE,2023-04,0.000,,
ESTAT:NRG_CB_GASM(1.0),08/09/26 23:00:00,M,VENT,G3000,TJ_GCV,DE,2023-05,0.000,,
ESTAT:NRG_CB_GASM(1.0),08/09/26 23:00:00,M,VENT,G3000,TJ_GCV,DE,2023-06,0.000,,
ESTAT:NRG_CB_GASM(1.0),08/09/26 23:00:00,M,VENT,G3000,TJ_GCV,DE,2023-07,0.000,,
ESTAT:NRG_CB_GASM(1.0),08/09/26 23:00:00,M,VENT,G3000,TJ_GCV,DE,2023-08,0.000,,
ESTAT:NRG_CB_GASM(1.0),08/09/26 23:00:00,M,VENT,G3000,TJ_GCV,DE,2023-09,0.000,,
ESTAT:NRG_CB_GASM(1.0),08/09/26 23:00:00,M,VENT,G3000,TJ_GCV,DE,2023-10,0.000,,
ESTAT:NRG_CB_GASM(1.0),08/09/26 23:00:00,M,VENT,G3000,TJ_GCV,DE,2023-11,0.000,,
ESTAT:NRG_CB_GASM(1.0),08/09/26 23:00:00,M,VENT,G3000,TJ_GCV,DE,2023-12,0.000,,
ESTAT:NRG_CB_GASM(1.0),08/09/26 23:00:00,M,VENT,G3000,TJ_GCV,DE,2024-01,0.000,,
ESTAT:NRG_CB_GASM(1.0),08/09/26 23:00:00,M,VENT,G3000,TJ_GCV,DE,2024-02,0.000,,
ESTAT:NRG_CB_GASM(1.0),08/09/26 23:00:00,M,VENT,G3000,TJ_GCV,DE,2024-04,0.000,,
ESTAT:NRG_CB_GASM(1.0),08/09/26 23:00:00,M,VENT,G3000,TJ_GCV,DE,2024-05,0.000,,
ESTAT:NRG_CB_GASM(1.0),08/09/26 23:00:00,M,VENT,G3000,TJ_GCV,DE,2024-06,0.000,,
ESTAT:NRG_CB_GASM(1.0),08/09/26 23:00:00,M,VENT,G3000,TJ_GCV,DE,2024-07,0.000,,
ESTAT:NRG_CB_GASM(1.0),08/09/26 23:00:00,M,VENT,G3000,TJ_GCV,DE,2024-08,0.000,,
ESTAT:NRG_CB_GASM(1.0),08/09/26 23:00:00,M,VENT,G3000,TJ_GCV,DE,2024-09,0.000,,
ESTAT:NRG_CB_GASM(1.0),08/09/26 23:00:00,M,VENT,G3000,TJ_GCV,DE,2024-10,0.000,,
ESTAT:NRG_CB_GASM(1.0),08/09/26 23:00:00,M,VENT,G3000,TJ_GCV,DE,2024-11,0.000,,
ESTAT:NRG_CB_GASM(1.0),08/09/26 23:00:00,M,VENT,G3000,TJ_GCV,DE,2024-12,0.000,,
ESTAT:NRG_CB_GASM(1.0),08/09/26 23:00:00,M,VENT,G3000,TJ_GCV,DE,2025-01,0.000,,
ESTAT:NRG_CB_GASM(1.0),08/09/26 23:00:00,M,VENT,G3000,TJ_GCV,DE,2025-02,0.000,,
ESTAT:NRG_CB_GASM(1.0),08/09/26 23:00:00,M,VENT,G3000,TJ_GCV,DE,2025-03,0.000,,
ESTAT:NRG_CB_GASM(1.0),08/09/26 23:00:00,M,VENT,G3000,TJ_GCV,DE,2025-04,0.000,,
ESTAT:NRG_CB_GASM(1.0),08/09/26 23:00:00,M,VENT,G3000,TJ_GCV,DE,2025-05,0.000,,
ESTAT:NRG_CB_GASM(1.0),08/09/26 23:00:00,M,VENT,G3000,TJ_GCV,DE,2025-06,0.000,,
ESTAT:NRG_CB_GASM(1.0),08/09/26 23:00:00,M,VENT,G3000,TJ_GCV,DE,2025-07,0.000,,
ESTAT:NRG_CB_GASM(1.0),08/09/26 23:00:00,M,VENT,G3000,TJ_GCV,DE,2025-08,0.000,,
ESTAT:NRG_CB_GASM(1.0),08/09/26 23:00:00,M,VENT,G3000,TJ_GCV,DE,2025-09,0.000,,
ESTAT:NRG_CB_GASM(1.0),08/09/26 23:00:00,M,VENT,G3000,TJ_GCV,DE,2025-10,0.000,,
ESTAT:NRG_CB_GASM(1.0),08/09/26 23:00:00,M,VENT,G3000,TJ_GCV,DE,2025-11,0.000,,
ESTAT:NRG_CB_GASM(1.0),08/09/26 23:00:00,M,VENT,G3000,TJ_GCV,DE,2025-12,0.000,,
ESTAT:NRG_CB_GASM(1.0),08/09/26 23:00:00,M,VENT,G3000,TJ_GCV,DE,2026-01,0.000,,
ESTAT:NRG_CB_GASM(1.0),08/09/26 23:00:00,M,VENT,G3000,TJ_GCV,DE,2026-02,0.000,,
ESTAT:NRG_CB_GASM(1.0),08/09/26 23:00:00,M,VENT,G3000,TJ_GCV,DE,2026-03,0.000,,
ESTAT:NRG_CB_GASM(1.0),08/09/26 23:00:00,M,VENT,G3000,TJ_GCV,DE,2026-04,0.000,,
ESTAT:NRG_CB_GASM(1.0),08/09/26 23:00:00,M,VENT,G3000,TJ_GCV,DE,2026-05,0.000,,
ESTAT:NRG_CB_GASM(1.0),08/09/26 23:00:00,M,VENT,G3000,TJ_GCV,DE,2026-06,0.000,,
